cell_id	method	condition	scenario	rep	n_tested	n_detected	frac_detected	any_detected	achieved_ratio_depth	achieved_ratio_perm	raref_depth	n_sub
rice_rhizo	ancombc2	boots	real_depth	1	2818	1158	0.410929737402413	1	1.61417759352102	1.18550976978139	2112	106
rice_rhizo	ancombc2	boots	real_depth	2	2830	1558	0.550530035335689	1	1.68429111440739	1.01386460154884	16016	106
rice_rhizo	ancombc2	boots	real_depth	3	2921	1204	0.41218760698391	1	1.61287621417293	0.986324996920044	2112	106
rice_rhizo	ancombc2	boots	real_depth	4	2972	1204	0.405114401076716	1	1.62859432450269	0.843518986928638	2112	106
rice_rhizo	ancombc2	boots	real_depth	5	2991	1181	0.39485122032765	1	1.53847862792144	1.18120191941504	2112	106
rice_rhizo	ancombc2	boots	real_depth	6	2890	1117	0.386505190311419	1	1.83312196153033	0.834972272375548	2112	106
rice_rhizo	ancombc2	boots	real_depth	7	2856	1431	0.501050420168067	1	1.57278212501178	1.12749081060166	20321	106
rice_rhizo	ancombc2	boots	real_depth	8	2912	1104	0.379120879120879	1	1.72647016603665	0.975434247447882	2112	106
rice_rhizo	ancombc2	boots	real_depth	9	2883	1146	0.397502601456816	1	1.57808465006347	0.943232924580192	2112	106
rice_rhizo	ancombc2	boots	real_depth	10	2802	1558	0.556031406138473	1	1.69095300628459	0.960568251169729	16016	106
rice_rhizo	ancombc2	boots	real_depth	11	2799	1088	0.388710253662022	1	1.75517504405692	0.937059015088468	2112	106
rice_rhizo	ancombc2	boots	real_depth	12	2909	1121	0.385355792368512	1	1.70446403318563	0.964760970235329	2112	106
rice_rhizo	ancombc2	boots	real_depth	13	2974	1232	0.414256893073302	1	1.68429111440739	1.04160314038869	2112	106
rice_rhizo	ancombc2	boots	real_depth	14	2838	1086	0.382663847780127	1	1.69956161025738	0.88355191167584	2112	106
rice_rhizo	ancombc2	boots	real_depth	15	2857	1096	0.383619180959048	1	1.58892712359762	0.843146244023839	2112	106
rice_rhizo	ancombc2	boots	real_depth	16	2941	1130	0.384223053383203	1	1.63217686433487	1.10612003960698	2112	106
rice_rhizo	ancombc2	boots	real_depth	17	2975	1592	0.535126050420168	1	1.55931602728803	1.07312805526995	20321	106
rice_rhizo	ancombc2	boots	real_depth	18	3000	1190	0.396666666666667	1	1.69221930400525	0.939948906804685	2112	106
rice_rhizo	ancombc2	boots	real_depth	19	2831	1080	0.381490639350053	1	1.81884912832612	1.07799707602339	2112	106
rice_rhizo	ancombc2	boots	real_depth	20	2886	1126	0.39015939015939	1	1.55181283410499	0.976433410095645	2112	106
rice_rhizo	ancombc2	boots	real_depth	21	2846	1133	0.398102600140548	1	1.59648787023303	1.03560222491621	2112	106
rice_rhizo	ancombc2	boots	real_depth	22	2902	1145	0.394555478980014	1	1.65928160648628	0.919627749576988	2112	106
rice_rhizo	ancombc2	boots	real_depth	23	2910	1565	0.537800687285223	1	1.62034518337867	0.931312296648247	20321	106
rice_rhizo	ancombc2	boots	real_depth	24	2880	1190	0.413194444444444	1	1.60641631315079	1.03236603104534	2112	106
rice_rhizo	ancombc2	boots	real_depth	25	2816	1117	0.396661931818182	1	1.66549363671423	0.870635894505051	2112	106
rice_rhizo	ancombc2	boots	real_perm	1	2818	789	0.279985805535841	1	1.61417759352102	1.18550976978139	2112	106
rice_rhizo	ancombc2	boots	real_perm	2	2830	1269	0.448409893992933	1	1.68429111440739	1.01386460154884	16016	106
rice_rhizo	ancombc2	boots	real_perm	3	2921	946	0.323861691201643	1	1.61287621417293	0.986324996920044	2112	106
rice_rhizo	ancombc2	boots	real_perm	4	2972	907	0.305181695827725	1	1.62859432450269	0.843518986928638	2112	106
rice_rhizo	ancombc2	boots	real_perm	5	2991	945	0.315947843530592	1	1.53847862792144	1.18120191941504	2112	106
rice_rhizo	ancombc2	boots	real_perm	6	2890	836	0.289273356401384	1	1.83312196153033	0.834972272375548	2112	106
rice_rhizo	ancombc2	boots	real_perm	7	2856	1135	0.397408963585434	1	1.57278212501178	1.12749081060166	20321	106
rice_rhizo	ancombc2	boots	real_perm	8	2912	898	0.308379120879121	1	1.72647016603665	0.975434247447882	2112	106
rice_rhizo	ancombc2	boots	real_perm	9	2883	774	0.2684703433923	1	1.57808465006347	0.943232924580192	2112	106
rice_rhizo	ancombc2	boots	real_perm	10	2802	1319	0.470735189150607	1	1.69095300628459	0.960568251169729	16016	106
rice_rhizo	ancombc2	boots	real_perm	11	2799	861	0.307609860664523	1	1.75517504405692	0.937059015088468	2112	106
rice_rhizo	ancombc2	boots	real_perm	12	2909	936	0.321760055001719	1	1.70446403318563	0.964760970235329	2112	106
rice_rhizo	ancombc2	boots	real_perm	13	2974	847	0.284801613987895	1	1.68429111440739	1.04160314038869	2112	106
rice_rhizo	ancombc2	boots	real_perm	14	2838	872	0.307258632840028	1	1.69956161025738	0.88355191167584	2112	106
rice_rhizo	ancombc2	boots	real_perm	15	2857	900	0.315015750787539	1	1.58892712359762	0.843146244023839	2112	106
rice_rhizo	ancombc2	boots	real_perm	16	2941	952	0.323699421965318	1	1.63217686433487	1.10612003960698	2112	106
rice_rhizo	ancombc2	boots	real_perm	17	2975	1322	0.44436974789916	1	1.55931602728803	1.07312805526995	20321	106
rice_rhizo	ancombc2	boots	real_perm	18	3000	861	0.287	1	1.69221930400525	0.939948906804685	2112	106
rice_rhizo	ancombc2	boots	real_perm	19	2831	895	0.316142705757683	1	1.81884912832612	1.07799707602339	2112	106
rice_rhizo	ancombc2	boots	real_perm	20	2886	1005	0.348232848232848	1	1.55181283410499	0.976433410095645	2112	106
rice_rhizo	ancombc2	boots	real_perm	21	2846	889	0.312368236120871	1	1.59648787023303	1.03560222491621	2112	106
rice_rhizo	ancombc2	boots	real_perm	22	2902	815	0.280840799448656	1	1.65928160648628	0.919627749576988	2112	106
rice_rhizo	ancombc2	boots	real_perm	23	2910	1273	0.43745704467354	1	1.62034518337867	0.931312296648247	20321	106
rice_rhizo	ancombc2	boots	real_perm	24	2880	925	0.321180555555556	1	1.60641631315079	1.03236603104534	2112	106
rice_rhizo	ancombc2	boots	real_perm	25	2816	819	0.290838068181818	1	1.66549363671423	0.870635894505051	2112	106
rice_rhizo	ancombc2	boots@70	real_depth	1	2818	492	0.174591909155429	1	1.61417759352102	1.18550976978139	2112	106
rice_rhizo	ancombc2	boots@70	real_depth	2	2830	1091	0.385512367491166	1	1.68429111440739	1.01386460154884	16016	106
rice_rhizo	ancombc2	boots@70	real_depth	3	2921	553	0.18931872646354	1	1.61287621417293	0.986324996920044	2112	106
rice_rhizo	ancombc2	boots@70	real_depth	4	2972	552	0.185733512786003	1	1.62859432450269	0.843518986928638	2112	106
rice_rhizo	ancombc2	boots@70	real_depth	5	2991	492	0.164493480441324	1	1.53847862792144	1.18120191941504	2112	106
rice_rhizo	ancombc2	boots@70	real_depth	6	2890	457	0.158131487889273	1	1.83312196153033	0.834972272375548	2112	106
rice_rhizo	ancombc2	boots@70	real_depth	7	2856	1061	0.371498599439776	1	1.57278212501178	1.12749081060166	20321	106
rice_rhizo	ancombc2	boots@70	real_depth	8	2912	442	0.151785714285714	1	1.72647016603665	0.975434247447882	2112	106
rice_rhizo	ancombc2	boots@70	real_depth	9	2883	546	0.189386056191467	1	1.57808465006347	0.943232924580192	2112	106
rice_rhizo	ancombc2	boots@70	real_depth	10	2802	1052	0.375446109921485	1	1.69095300628459	0.960568251169729	16016	106
rice_rhizo	ancombc2	boots@70	real_depth	11	2799	501	0.178992497320472	1	1.75517504405692	0.937059015088468	2112	106
rice_rhizo	ancombc2	boots@70	real_depth	12	2909	452	0.155379855620488	1	1.70446403318563	0.964760970235329	2112	106
rice_rhizo	ancombc2	boots@70	real_depth	13	2974	506	0.17014122394082	1	1.68429111440739	1.04160314038869	2112	106
rice_rhizo	ancombc2	boots@70	real_depth	14	2838	461	0.162438336856942	1	1.69956161025738	0.88355191167584	2112	106
rice_rhizo	ancombc2	boots@70	real_depth	15	2857	443	0.155057752887644	1	1.58892712359762	0.843146244023839	2112	106
rice_rhizo	ancombc2	boots@70	real_depth	16	2941	485	0.164909894593676	1	1.63217686433487	1.10612003960698	2112	106
rice_rhizo	ancombc2	boots@70	real_depth	17	2975	1181	0.396974789915966	1	1.55931602728803	1.07312805526995	20321	106
rice_rhizo	ancombc2	boots@70	real_depth	18	3000	488	0.162666666666667	1	1.69221930400525	0.939948906804685	2112	106
rice_rhizo	ancombc2	boots@70	real_depth	19	2831	438	0.154715648180855	1	1.81884912832612	1.07799707602339	2112	106
rice_rhizo	ancombc2	boots@70	real_depth	20	2886	450	0.155925155925156	1	1.55181283410499	0.976433410095645	2112	106
rice_rhizo	ancombc2	boots@70	real_depth	21	2846	492	0.172874209416725	1	1.59648787023303	1.03560222491621	2112	106
rice_rhizo	ancombc2	boots@70	real_depth	22	2902	448	0.154376292212267	1	1.65928160648628	0.919627749576988	2112	106
rice_rhizo	ancombc2	boots@70	real_depth	23	2910	1169	0.401718213058419	1	1.62034518337867	0.931312296648247	20321	106
rice_rhizo	ancombc2	boots@70	real_depth	24	2880	533	0.185069444444444	1	1.60641631315079	1.03236603104534	2112	106
rice_rhizo	ancombc2	boots@70	real_depth	25	2816	474	0.168323863636364	1	1.66549363671423	0.870635894505051	2112	106
rice_rhizo	ancombc2	boots@70	real_perm	1	2818	276	0.0979418026969482	1	1.61417759352102	1.18550976978139	2112	106
rice_rhizo	ancombc2	boots@70	real_perm	2	2830	786	0.27773851590106	1	1.68429111440739	1.01386460154884	16016	106
rice_rhizo	ancombc2	boots@70	real_perm	3	2921	330	0.112975008558713	1	1.61287621417293	0.986324996920044	2112	106
rice_rhizo	ancombc2	boots@70	real_perm	4	2972	316	0.106325706594886	1	1.62859432450269	0.843518986928638	2112	106
rice_rhizo	ancombc2	boots@70	real_perm	5	2991	344	0.115011701771983	1	1.53847862792144	1.18120191941504	2112	106
rice_rhizo	ancombc2	boots@70	real_perm	6	2890	281	0.0972318339100346	1	1.83312196153033	0.834972272375548	2112	106
rice_rhizo	ancombc2	boots@70	real_perm	7	2856	751	0.262955182072829	1	1.57278212501178	1.12749081060166	20321	106
rice_rhizo	ancombc2	boots@70	real_perm	8	2912	299	0.102678571428571	1	1.72647016603665	0.975434247447882	2112	106
rice_rhizo	ancombc2	boots@70	real_perm	9	2883	267	0.0926118626430801	1	1.57808465006347	0.943232924580192	2112	106
rice_rhizo	ancombc2	boots@70	real_perm	10	2802	859	0.306566738044254	1	1.69095300628459	0.960568251169729	16016	106
rice_rhizo	ancombc2	boots@70	real_perm	11	2799	296	0.105752054305109	1	1.75517504405692	0.937059015088468	2112	106
rice_rhizo	ancombc2	boots@70	real_perm	12	2909	361	0.124097628050877	1	1.70446403318563	0.964760970235329	2112	106
rice_rhizo	ancombc2	boots@70	real_perm	13	2974	270	0.0907868190988568	1	1.68429111440739	1.04160314038869	2112	106
rice_rhizo	ancombc2	boots@70	real_perm	14	2838	304	0.107117688513037	1	1.69956161025738	0.88355191167584	2112	106
rice_rhizo	ancombc2	boots@70	real_perm	15	2857	310	0.108505425271264	1	1.58892712359762	0.843146244023839	2112	106
rice_rhizo	ancombc2	boots@70	real_perm	16	2941	326	0.110846650799048	1	1.63217686433487	1.10612003960698	2112	106
rice_rhizo	ancombc2	boots@70	real_perm	17	2975	935	0.314285714285714	1	1.55931602728803	1.07312805526995	20321	106
rice_rhizo	ancombc2	boots@70	real_perm	18	3000	292	0.0973333333333333	1	1.69221930400525	0.939948906804685	2112	106
rice_rhizo	ancombc2	boots@70	real_perm	19	2831	302	0.106676086188626	1	1.81884912832612	1.07799707602339	2112	106
rice_rhizo	ancombc2	boots@70	real_perm	20	2886	377	0.130630630630631	1	1.55181283410499	0.976433410095645	2112	106
rice_rhizo	ancombc2	boots@70	real_perm	21	2846	311	0.109276177090654	1	1.59648787023303	1.03560222491621	2112	106
rice_rhizo	ancombc2	boots@70	real_perm	22	2902	253	0.0871812543073742	1	1.65928160648628	0.919627749576988	2112	106
rice_rhizo	ancombc2	boots@70	real_perm	23	2910	871	0.299312714776632	1	1.62034518337867	0.931312296648247	20321	106
rice_rhizo	ancombc2	boots@70	real_perm	24	2880	347	0.120486111111111	1	1.60641631315079	1.03236603104534	2112	106
rice_rhizo	ancombc2	boots@70	real_perm	25	2816	277	0.0983664772727273	1	1.66549363671423	0.870635894505051	2112	106
rice_rhizo	ancombc2	boots@80	real_depth	1	2818	291	0.103264726756565	1	1.61417759352102	1.18550976978139	2112	106
rice_rhizo	ancombc2	boots@80	real_depth	2	2830	854	0.301766784452297	1	1.68429111440739	1.01386460154884	16016	106
rice_rhizo	ancombc2	boots@80	real_depth	3	2921	331	0.113317357069497	1	1.61287621417293	0.986324996920044	2112	106
rice_rhizo	ancombc2	boots@80	real_depth	4	2972	337	0.113391655450875	1	1.62859432450269	0.843518986928638	2112	106
rice_rhizo	ancombc2	boots@80	real_depth	5	2991	319	0.106653293212972	1	1.53847862792144	1.18120191941504	2112	106
rice_rhizo	ancombc2	boots@80	real_depth	6	2890	262	0.0906574394463668	1	1.83312196153033	0.834972272375548	2112	106
rice_rhizo	ancombc2	boots@80	real_depth	7	2856	887	0.310574229691877	1	1.57278212501178	1.12749081060166	20321	106
rice_rhizo	ancombc2	boots@80	real_depth	8	2912	285	0.0978708791208791	1	1.72647016603665	0.975434247447882	2112	106
rice_rhizo	ancombc2	boots@80	real_depth	9	2883	339	0.117585848074922	1	1.57808465006347	0.943232924580192	2112	106
rice_rhizo	ancombc2	boots@80	real_depth	10	2802	840	0.299785867237687	1	1.69095300628459	0.960568251169729	16016	106
rice_rhizo	ancombc2	boots@80	real_depth	11	2799	292	0.104322972490175	1	1.75517504405692	0.937059015088468	2112	106
rice_rhizo	ancombc2	boots@80	real_depth	12	2909	266	0.0914403575111722	1	1.70446403318563	0.964760970235329	2112	106
rice_rhizo	ancombc2	boots@80	real_depth	13	2974	282	0.0948217888365837	1	1.68429111440739	1.04160314038869	2112	106
rice_rhizo	ancombc2	boots@80	real_depth	14	2838	259	0.091261451726568	1	1.69956161025738	0.88355191167584	2112	106
rice_rhizo	ancombc2	boots@80	real_depth	15	2857	288	0.100805040252013	1	1.58892712359762	0.843146244023839	2112	106
rice_rhizo	ancombc2	boots@80	real_depth	16	2941	289	0.0982658959537572	1	1.63217686433487	1.10612003960698	2112	106
rice_rhizo	ancombc2	boots@80	real_depth	17	2975	993	0.333781512605042	1	1.55931602728803	1.07312805526995	20321	106
rice_rhizo	ancombc2	boots@80	real_depth	18	3000	307	0.102333333333333	1	1.69221930400525	0.939948906804685	2112	106
rice_rhizo	ancombc2	boots@80	real_depth	19	2831	261	0.0921935711762628	1	1.81884912832612	1.07799707602339	2112	106
rice_rhizo	ancombc2	boots@80	real_depth	20	2886	267	0.0925155925155925	1	1.55181283410499	0.976433410095645	2112	106
rice_rhizo	ancombc2	boots@80	real_depth	21	2846	282	0.0990864371047084	1	1.59648787023303	1.03560222491621	2112	106
rice_rhizo	ancombc2	boots@80	real_depth	22	2902	264	0.0909717436250861	1	1.65928160648628	0.919627749576988	2112	106
rice_rhizo	ancombc2	boots@80	real_depth	23	2910	992	0.340893470790378	1	1.62034518337867	0.931312296648247	20321	106
rice_rhizo	ancombc2	boots@80	real_depth	24	2880	317	0.110069444444444	1	1.60641631315079	1.03236603104534	2112	106
rice_rhizo	ancombc2	boots@80	real_depth	25	2816	283	0.100497159090909	1	1.66549363671423	0.870635894505051	2112	106
rice_rhizo	ancombc2	boots@80	real_perm	1	2818	158	0.0560681334279631	1	1.61417759352102	1.18550976978139	2112	106
rice_rhizo	ancombc2	boots@80	real_perm	2	2830	602	0.212720848056537	1	1.68429111440739	1.01386460154884	16016	106
rice_rhizo	ancombc2	boots@80	real_perm	3	2921	187	0.0640191715166039	1	1.61287621417293	0.986324996920044	2112	106
rice_rhizo	ancombc2	boots@80	real_perm	4	2972	175	0.0588829071332436	1	1.62859432450269	0.843518986928638	2112	106
rice_rhizo	ancombc2	boots@80	real_perm	5	2991	183	0.0611835506519559	1	1.53847862792144	1.18120191941504	2112	106
rice_rhizo	ancombc2	boots@80	real_perm	6	2890	154	0.0532871972318339	1	1.83312196153033	0.834972272375548	2112	106
rice_rhizo	ancombc2	boots@80	real_perm	7	2856	602	0.21078431372549	1	1.57278212501178	1.12749081060166	20321	106
rice_rhizo	ancombc2	boots@80	real_perm	8	2912	175	0.0600961538461538	1	1.72647016603665	0.975434247447882	2112	106
rice_rhizo	ancombc2	boots@80	real_perm	9	2883	137	0.0475199445022546	1	1.57808465006347	0.943232924580192	2112	106
rice_rhizo	ancombc2	boots@80	real_perm	10	2802	677	0.241613133476089	1	1.69095300628459	0.960568251169729	16016	106
rice_rhizo	ancombc2	boots@80	real_perm	11	2799	160	0.0571632725973562	1	1.75517504405692	0.937059015088468	2112	106
rice_rhizo	ancombc2	boots@80	real_perm	12	2909	200	0.0687521485046408	1	1.70446403318563	0.964760970235329	2112	106
rice_rhizo	ancombc2	boots@80	real_perm	13	2974	141	0.0474108944182919	1	1.68429111440739	1.04160314038869	2112	106
rice_rhizo	ancombc2	boots@80	real_perm	14	2838	159	0.0560253699788584	1	1.69956161025738	0.88355191167584	2112	106
rice_rhizo	ancombc2	boots@80	real_perm	15	2857	174	0.0609030451522576	1	1.58892712359762	0.843146244023839	2112	106
rice_rhizo	ancombc2	boots@80	real_perm	16	2941	170	0.0578034682080925	1	1.63217686433487	1.10612003960698	2112	106
rice_rhizo	ancombc2	boots@80	real_perm	17	2975	785	0.263865546218487	1	1.55931602728803	1.07312805526995	20321	106
rice_rhizo	ancombc2	boots@80	real_perm	18	3000	162	0.054	1	1.69221930400525	0.939948906804685	2112	106
rice_rhizo	ancombc2	boots@80	real_perm	19	2831	167	0.0589897562698693	1	1.81884912832612	1.07799707602339	2112	106
rice_rhizo	ancombc2	boots@80	real_perm	20	2886	220	0.0762300762300762	1	1.55181283410499	0.976433410095645	2112	106
rice_rhizo	ancombc2	boots@80	real_perm	21	2846	168	0.0590302178496135	1	1.59648787023303	1.03560222491621	2112	106
rice_rhizo	ancombc2	boots@80	real_perm	22	2902	134	0.0461750516884907	1	1.65928160648628	0.919627749576988	2112	106
rice_rhizo	ancombc2	boots@80	real_perm	23	2910	675	0.231958762886598	1	1.62034518337867	0.931312296648247	20321	106
rice_rhizo	ancombc2	boots@80	real_perm	24	2880	202	0.0701388888888889	1	1.60641631315079	1.03236603104534	2112	106
rice_rhizo	ancombc2	boots@80	real_perm	25	2816	145	0.0514914772727273	1	1.66549363671423	0.870635894505051	2112	106
rice_rhizo	ancombc2	boots@90	real_depth	1	2818	157	0.0557132718239886	1	1.61417759352102	1.18550976978139	2112	106
rice_rhizo	ancombc2	boots@90	real_depth	2	2830	666	0.235335689045936	1	1.68429111440739	1.01386460154884	16016	106
rice_rhizo	ancombc2	boots@90	real_depth	3	2921	190	0.0650462170489558	1	1.61287621417293	0.986324996920044	2112	106
rice_rhizo	ancombc2	boots@90	real_depth	4	2972	188	0.063257065948856	1	1.62859432450269	0.843518986928638	2112	106
rice_rhizo	ancombc2	boots@90	real_depth	5	2991	187	0.0625208960213975	1	1.53847862792144	1.18120191941504	2112	106
rice_rhizo	ancombc2	boots@90	real_depth	6	2890	136	0.0470588235294118	1	1.83312196153033	0.834972272375548	2112	106
rice_rhizo	ancombc2	boots@90	real_depth	7	2856	703	0.246148459383754	1	1.57278212501178	1.12749081060166	20321	106
rice_rhizo	ancombc2	boots@90	real_depth	8	2912	167	0.0573489010989011	1	1.72647016603665	0.975434247447882	2112	106
rice_rhizo	ancombc2	boots@90	real_depth	9	2883	182	0.0631286853971557	1	1.57808465006347	0.943232924580192	2112	106
rice_rhizo	ancombc2	boots@90	real_depth	10	2802	646	0.230549607423269	1	1.69095300628459	0.960568251169729	16016	106
rice_rhizo	ancombc2	boots@90	real_depth	11	2799	172	0.0614505180421579	1	1.75517504405692	0.937059015088468	2112	106
rice_rhizo	ancombc2	boots@90	real_depth	12	2909	157	0.053970436576143	1	1.70446403318563	0.964760970235329	2112	106
rice_rhizo	ancombc2	boots@90	real_depth	13	2974	155	0.0521183591123067	1	1.68429111440739	1.04160314038869	2112	106
rice_rhizo	ancombc2	boots@90	real_depth	14	2838	146	0.0514446793516561	1	1.69956161025738	0.88355191167584	2112	106
rice_rhizo	ancombc2	boots@90	real_depth	15	2857	166	0.0581029051452573	1	1.58892712359762	0.843146244023839	2112	106
rice_rhizo	ancombc2	boots@90	real_depth	16	2941	165	0.0561033662019721	1	1.63217686433487	1.10612003960698	2112	106
rice_rhizo	ancombc2	boots@90	real_depth	17	2975	820	0.27563025210084	1	1.55931602728803	1.07312805526995	20321	106
rice_rhizo	ancombc2	boots@90	real_depth	18	3000	173	0.0576666666666667	1	1.69221930400525	0.939948906804685	2112	106
rice_rhizo	ancombc2	boots@90	real_depth	19	2831	156	0.0551042034616743	1	1.81884912832612	1.07799707602339	2112	106
rice_rhizo	ancombc2	boots@90	real_depth	20	2886	147	0.0509355509355509	1	1.55181283410499	0.976433410095645	2112	106
rice_rhizo	ancombc2	boots@90	real_depth	21	2846	169	0.0593815881939564	1	1.59648787023303	1.03560222491621	2112	106
rice_rhizo	ancombc2	boots@90	real_depth	22	2902	147	0.0506547208821502	1	1.65928160648628	0.919627749576988	2112	106
rice_rhizo	ancombc2	boots@90	real_depth	23	2910	807	0.277319587628866	1	1.62034518337867	0.931312296648247	20321	106
rice_rhizo	ancombc2	boots@90	real_depth	24	2880	166	0.0576388888888889	1	1.60641631315079	1.03236603104534	2112	106
rice_rhizo	ancombc2	boots@90	real_depth	25	2816	164	0.0582386363636364	1	1.66549363671423	0.870635894505051	2112	106
rice_rhizo	ancombc2	boots@90	real_perm	1	2818	76	0.0269694819020582	1	1.61417759352102	1.18550976978139	2112	106
rice_rhizo	ancombc2	boots@90	real_perm	2	2830	450	0.159010600706714	1	1.68429111440739	1.01386460154884	16016	106
rice_rhizo	ancombc2	boots@90	real_perm	3	2921	88	0.0301266689489901	1	1.61287621417293	0.986324996920044	2112	106
rice_rhizo	ancombc2	boots@90	real_perm	4	2972	95	0.0319650067294751	1	1.62859432450269	0.843518986928638	2112	106
rice_rhizo	ancombc2	boots@90	real_perm	5	2991	92	0.0307589434971581	1	1.53847862792144	1.18120191941504	2112	106
rice_rhizo	ancombc2	boots@90	real_perm	6	2890	67	0.0231833910034602	1	1.83312196153033	0.834972272375548	2112	106
rice_rhizo	ancombc2	boots@90	real_perm	7	2856	447	0.156512605042017	1	1.57278212501178	1.12749081060166	20321	106
rice_rhizo	ancombc2	boots@90	real_perm	8	2912	88	0.0302197802197802	1	1.72647016603665	0.975434247447882	2112	106
rice_rhizo	ancombc2	boots@90	real_perm	9	2883	69	0.0239334027055151	1	1.57808465006347	0.943232924580192	2112	106
rice_rhizo	ancombc2	boots@90	real_perm	10	2802	511	0.182369735902926	1	1.69095300628459	0.960568251169729	16016	106
rice_rhizo	ancombc2	boots@90	real_perm	11	2799	89	0.0317970703822794	1	1.75517504405692	0.937059015088468	2112	106
rice_rhizo	ancombc2	boots@90	real_perm	12	2909	110	0.0378136816775524	1	1.70446403318563	0.964760970235329	2112	106
rice_rhizo	ancombc2	boots@90	real_perm	13	2974	71	0.0238735709482179	1	1.68429111440739	1.04160314038869	2112	106
rice_rhizo	ancombc2	boots@90	real_perm	14	2838	87	0.0306553911205074	1	1.69956161025738	0.88355191167584	2112	106
rice_rhizo	ancombc2	boots@90	real_perm	15	2857	77	0.0269513475673784	1	1.58892712359762	0.843146244023839	2112	106
rice_rhizo	ancombc2	boots@90	real_perm	16	2941	90	0.0306018361101666	1	1.63217686433487	1.10612003960698	2112	106
rice_rhizo	ancombc2	boots@90	real_perm	17	2975	601	0.202016806722689	1	1.55931602728803	1.07312805526995	20321	106
rice_rhizo	ancombc2	boots@90	real_perm	18	3000	78	0.026	1	1.69221930400525	0.939948906804685	2112	106
rice_rhizo	ancombc2	boots@90	real_perm	19	2831	83	0.0293182620981985	1	1.81884912832612	1.07799707602339	2112	106
rice_rhizo	ancombc2	boots@90	real_perm	20	2886	128	0.0443520443520444	1	1.55181283410499	0.976433410095645	2112	106
rice_rhizo	ancombc2	boots@90	real_perm	21	2846	77	0.0270555165144062	1	1.59648787023303	1.03560222491621	2112	106
rice_rhizo	ancombc2	boots@90	real_perm	22	2902	59	0.0203308063404549	1	1.65928160648628	0.919627749576988	2112	106
rice_rhizo	ancombc2	boots@90	real_perm	23	2910	485	0.166666666666667	1	1.62034518337867	0.931312296648247	20321	106
rice_rhizo	ancombc2	boots@90	real_perm	24	2880	94	0.0326388888888889	1	1.60641631315079	1.03236603104534	2112	106
rice_rhizo	ancombc2	boots@90	real_perm	25	2816	80	0.0284090909090909	1	1.66549363671423	0.870635894505051	2112	106
rice_rhizo	ancombc2	rarefied	real_depth	1	2818	1123	0.398509581263307	1	1.61417759352102	1.18550976978139	2112	106
rice_rhizo	ancombc2	rarefied	real_depth	2	2830	1413	0.499293286219081	1	1.68429111440739	1.01386460154884	16016	106
rice_rhizo	ancombc2	rarefied	real_depth	3	2921	1169	0.40020540910647	1	1.61287621417293	0.986324996920044	2112	106
rice_rhizo	ancombc2	rarefied	real_depth	4	2972	1294	0.435397039030956	1	1.62859432450269	0.843518986928638	2112	106
rice_rhizo	ancombc2	rarefied	real_depth	5	2991	1172	0.391842193246406	1	1.53847862792144	1.18120191941504	2112	106
rice_rhizo	ancombc2	rarefied	real_depth	6	2890	1184	0.409688581314879	1	1.83312196153033	0.834972272375548	2112	106
rice_rhizo	ancombc2	rarefied	real_depth	7	2856	1375	0.481442577030812	1	1.57278212501178	1.12749081060166	20321	106
rice_rhizo	ancombc2	rarefied	real_depth	8	2912	1113	0.382211538461538	1	1.72647016603665	0.975434247447882	2112	106
rice_rhizo	ancombc2	rarefied	real_depth	9	2883	1119	0.388137356919875	1	1.57808465006347	0.943232924580192	2112	106
rice_rhizo	ancombc2	rarefied	real_depth	10	2802	1474	0.526052819414704	1	1.69095300628459	0.960568251169729	16016	106
rice_rhizo	ancombc2	rarefied	real_depth	11	2799	1116	0.39871382636656	1	1.75517504405692	0.937059015088468	2112	106
rice_rhizo	ancombc2	rarefied	real_depth	12	2909	1238	0.425575799243726	1	1.70446403318563	0.964760970235329	2112	106
rice_rhizo	ancombc2	rarefied	real_depth	13	2974	1104	0.371217215870881	1	1.68429111440739	1.04160314038869	2112	106
rice_rhizo	ancombc2	rarefied	real_depth	14	2838	1194	0.420718816067653	1	1.69956161025738	0.88355191167584	2112	106
rice_rhizo	ancombc2	rarefied	real_depth	15	2857	1144	0.40042002100105	1	1.58892712359762	0.843146244023839	2112	106
rice_rhizo	ancombc2	rarefied	real_depth	16	2941	1134	0.385583134988099	1	1.63217686433487	1.10612003960698	2112	106
rice_rhizo	ancombc2	rarefied	real_depth	17	2975	1542	0.518319327731092	1	1.55931602728803	1.07312805526995	20321	106
rice_rhizo	ancombc2	rarefied	real_depth	18	3000	1187	0.395666666666667	1	1.69221930400525	0.939948906804685	2112	106
rice_rhizo	ancombc2	rarefied	real_depth	19	2831	1063	0.375485694101024	1	1.81884912832612	1.07799707602339	2112	106
rice_rhizo	ancombc2	rarefied	real_depth	20	2886	1191	0.412681912681913	1	1.55181283410499	0.976433410095645	2112	106
rice_rhizo	ancombc2	rarefied	real_depth	21	2846	1124	0.394940267041462	1	1.59648787023303	1.03560222491621	2112	106
rice_rhizo	ancombc2	rarefied	real_depth	22	2902	1072	0.369400413507926	1	1.65928160648628	0.919627749576988	2112	106
rice_rhizo	ancombc2	rarefied	real_depth	23	2910	1532	0.526460481099656	1	1.62034518337867	0.931312296648247	20321	106
rice_rhizo	ancombc2	rarefied	real_depth	24	2880	1115	0.387152777777778	1	1.60641631315079	1.03236603104534	2112	106
rice_rhizo	ancombc2	rarefied	real_depth	25	2816	1072	0.380681818181818	1	1.66549363671423	0.870635894505051	2112	106
rice_rhizo	ancombc2	rarefied	real_perm	1	2818	961	0.341022001419446	1	1.61417759352102	1.18550976978139	2112	106
rice_rhizo	ancombc2	rarefied	real_perm	2	2830	1245	0.439929328621908	1	1.68429111440739	1.01386460154884	16016	106
rice_rhizo	ancombc2	rarefied	real_perm	3	2921	1022	0.349880178021226	1	1.61287621417293	0.986324996920044	2112	106
rice_rhizo	ancombc2	rarefied	real_perm	4	2972	1030	0.34656796769852	1	1.62859432450269	0.843518986928638	2112	106
rice_rhizo	ancombc2	rarefied	real_perm	5	2991	1007	0.336676696756937	1	1.53847862792144	1.18120191941504	2112	106
rice_rhizo	ancombc2	rarefied	real_perm	6	2890	916	0.316955017301038	1	1.83312196153033	0.834972272375548	2112	106
rice_rhizo	ancombc2	rarefied	real_perm	7	2856	1148	0.401960784313726	1	1.57278212501178	1.12749081060166	20321	106
rice_rhizo	ancombc2	rarefied	real_perm	8	2912	958	0.328983516483516	1	1.72647016603665	0.975434247447882	2112	106
rice_rhizo	ancombc2	rarefied	real_perm	9	2883	914	0.317030870620881	1	1.57808465006347	0.943232924580192	2112	106
rice_rhizo	ancombc2	rarefied	real_perm	10	2802	1301	0.464311206281228	1	1.69095300628459	0.960568251169729	16016	106
rice_rhizo	ancombc2	rarefied	real_perm	11	2799	971	0.346909610575205	1	1.75517504405692	0.937059015088468	2112	106
rice_rhizo	ancombc2	rarefied	real_perm	12	2909	959	0.329666552079752	1	1.70446403318563	0.964760970235329	2112	106
rice_rhizo	ancombc2	rarefied	real_perm	13	2974	971	0.32649630127774	1	1.68429111440739	1.04160314038869	2112	106
rice_rhizo	ancombc2	rarefied	real_perm	14	2838	980	0.345313601127555	1	1.69956161025738	0.88355191167584	2112	106
rice_rhizo	ancombc2	rarefied	real_perm	15	2857	1018	0.356317815890795	1	1.58892712359762	0.843146244023839	2112	106
rice_rhizo	ancombc2	rarefied	real_perm	16	2941	986	0.335260115606936	1	1.63217686433487	1.10612003960698	2112	106
rice_rhizo	ancombc2	rarefied	real_perm	17	2975	1357	0.456134453781513	1	1.55931602728803	1.07312805526995	20321	106
rice_rhizo	ancombc2	rarefied	real_perm	18	3000	973	0.324333333333333	1	1.69221930400525	0.939948906804685	2112	106
rice_rhizo	ancombc2	rarefied	real_perm	19	2831	989	0.349346520664076	1	1.81884912832612	1.07799707602339	2112	106
rice_rhizo	ancombc2	rarefied	real_perm	20	2886	1060	0.367290367290367	1	1.55181283410499	0.976433410095645	2112	106
rice_rhizo	ancombc2	rarefied	real_perm	21	2846	920	0.323260716795502	1	1.59648787023303	1.03560222491621	2112	106
rice_rhizo	ancombc2	rarefied	real_perm	22	2902	911	0.313921433494142	1	1.65928160648628	0.919627749576988	2112	106
rice_rhizo	ancombc2	rarefied	real_perm	23	2910	1234	0.424054982817869	1	1.62034518337867	0.931312296648247	20321	106
rice_rhizo	ancombc2	rarefied	real_perm	24	2880	1017	0.353125	1	1.60641631315079	1.03236603104534	2112	106
rice_rhizo	ancombc2	rarefied	real_perm	25	2816	918	0.325994318181818	1	1.66549363671423	0.870635894505051	2112	106
rice_rhizo	ancombc2	raw	real_depth	1	2818	1484	0.526614620298084	1	1.61417759352102	1.18550976978139	2112	106
rice_rhizo	ancombc2	raw	real_depth	2	2830	1434	0.506713780918728	1	1.68429111440739	1.01386460154884	16016	106
rice_rhizo	ancombc2	raw	real_depth	3	2921	1522	0.521054433413215	1	1.61287621417293	0.986324996920044	2112	106
rice_rhizo	ancombc2	raw	real_depth	4	2972	1592	0.535666218034993	1	1.62859432450269	0.843518986928638	2112	106
rice_rhizo	ancombc2	raw	real_depth	5	2991	1472	0.49214309595453	1	1.53847862792144	1.18120191941504	2112	106
rice_rhizo	ancombc2	raw	real_depth	6	2890	1437	0.497231833910035	1	1.83312196153033	0.834972272375548	2112	106
rice_rhizo	ancombc2	raw	real_depth	7	2856	1343	0.470238095238095	1	1.57278212501178	1.12749081060166	20321	106
rice_rhizo	ancombc2	raw	real_depth	8	2912	1477	0.507211538461538	1	1.72647016603665	0.975434247447882	2112	106
rice_rhizo	ancombc2	raw	real_depth	9	2883	1584	0.54942767950052	1	1.57808465006347	0.943232924580192	2112	106
rice_rhizo	ancombc2	raw	real_depth	10	2802	1495	0.533547466095646	1	1.69095300628459	0.960568251169729	16016	106
rice_rhizo	ancombc2	raw	real_depth	11	2799	1377	0.491961414790997	1	1.75517504405692	0.937059015088468	2112	106
rice_rhizo	ancombc2	raw	real_depth	12	2909	1504	0.517016156754899	1	1.70446403318563	0.964760970235329	2112	106
rice_rhizo	ancombc2	raw	real_depth	13	2974	1519	0.510759919300605	1	1.68429111440739	1.04160314038869	2112	106
rice_rhizo	ancombc2	raw	real_depth	14	2838	1389	0.489429175475687	1	1.69956161025738	0.88355191167584	2112	106
rice_rhizo	ancombc2	raw	real_depth	15	2857	1460	0.511025551277564	1	1.58892712359762	0.843146244023839	2112	106
rice_rhizo	ancombc2	raw	real_depth	16	2941	1522	0.51751105066304	1	1.63217686433487	1.10612003960698	2112	106
rice_rhizo	ancombc2	raw	real_depth	17	2975	1518	0.510252100840336	1	1.55931602728803	1.07312805526995	20321	106
rice_rhizo	ancombc2	raw	real_depth	18	3000	1602	0.534	1	1.69221930400525	0.939948906804685	2112	106
rice_rhizo	ancombc2	raw	real_depth	19	2831	1341	0.473684210526316	1	1.81884912832612	1.07799707602339	2112	106
rice_rhizo	ancombc2	raw	real_depth	20	2886	1445	0.500693000693001	1	1.55181283410499	0.976433410095645	2112	106
rice_rhizo	ancombc2	raw	real_depth	21	2846	1451	0.509838369641602	1	1.59648787023303	1.03560222491621	2112	106
rice_rhizo	ancombc2	raw	real_depth	22	2902	1459	0.50275671950379	1	1.65928160648628	0.919627749576988	2112	106
rice_rhizo	ancombc2	raw	real_depth	23	2910	1509	0.518556701030928	1	1.62034518337867	0.931312296648247	20321	106
rice_rhizo	ancombc2	raw	real_depth	24	2880	1460	0.506944444444444	1	1.60641631315079	1.03236603104534	2112	106
rice_rhizo	ancombc2	raw	real_depth	25	2816	1475	0.523792613636364	1	1.66549363671423	0.870635894505051	2112	106
rice_rhizo	ancombc2	raw	real_perm	1	2818	1098	0.389638041163946	1	1.61417759352102	1.18550976978139	2112	106
rice_rhizo	ancombc2	raw	real_perm	2	2830	1173	0.414487632508834	1	1.68429111440739	1.01386460154884	16016	106
rice_rhizo	ancombc2	raw	real_perm	3	2921	1222	0.418349880178021	1	1.61287621417293	0.986324996920044	2112	106
rice_rhizo	ancombc2	raw	real_perm	4	2972	1231	0.414199192462988	1	1.62859432450269	0.843518986928638	2112	106
rice_rhizo	ancombc2	raw	real_perm	5	2991	1291	0.431628217987295	1	1.53847862792144	1.18120191941504	2112	106
rice_rhizo	ancombc2	raw	real_perm	6	2890	1041	0.360207612456747	1	1.83312196153033	0.834972272375548	2112	106
rice_rhizo	ancombc2	raw	real_perm	7	2856	997	0.349089635854342	1	1.57278212501178	1.12749081060166	20321	106
rice_rhizo	ancombc2	raw	real_perm	8	2912	1160	0.398351648351648	1	1.72647016603665	0.975434247447882	2112	106
rice_rhizo	ancombc2	raw	real_perm	9	2883	1096	0.380159556018037	1	1.57808465006347	0.943232924580192	2112	106
rice_rhizo	ancombc2	raw	real_perm	10	2802	1219	0.435046395431834	1	1.69095300628459	0.960568251169729	16016	106
rice_rhizo	ancombc2	raw	real_perm	11	2799	1090	0.389424794569489	1	1.75517504405692	0.937059015088468	2112	106
rice_rhizo	ancombc2	raw	real_perm	12	2909	1329	0.456858026813338	1	1.70446403318563	0.964760970235329	2112	106
rice_rhizo	ancombc2	raw	real_perm	13	2974	1092	0.367182246133154	1	1.68429111440739	1.04160314038869	2112	106
rice_rhizo	ancombc2	raw	real_perm	14	2838	1195	0.42107117688513	1	1.69956161025738	0.88355191167584	2112	106
rice_rhizo	ancombc2	raw	real_perm	15	2857	1149	0.402170108505425	1	1.58892712359762	0.843146244023839	2112	106
rice_rhizo	ancombc2	raw	real_perm	16	2941	1247	0.42400544032642	1	1.63217686433487	1.10612003960698	2112	106
rice_rhizo	ancombc2	raw	real_perm	17	2975	1222	0.410756302521008	1	1.55931602728803	1.07312805526995	20321	106
rice_rhizo	ancombc2	raw	real_perm	18	3000	1150	0.383333333333333	1	1.69221930400525	0.939948906804685	2112	106
rice_rhizo	ancombc2	raw	real_perm	19	2831	1158	0.40904274108089	1	1.81884912832612	1.07799707602339	2112	106
rice_rhizo	ancombc2	raw	real_perm	20	2886	1241	0.43000693000693	1	1.55181283410499	0.976433410095645	2112	106
rice_rhizo	ancombc2	raw	real_perm	21	2846	1234	0.433591004919185	1	1.59648787023303	1.03560222491621	2112	106
rice_rhizo	ancombc2	raw	real_perm	22	2902	1121	0.386285320468642	1	1.65928160648628	0.919627749576988	2112	106
rice_rhizo	ancombc2	raw	real_perm	23	2910	1152	0.395876288659794	1	1.62034518337867	0.931312296648247	20321	106
rice_rhizo	ancombc2	raw	real_perm	24	2880	1231	0.427430555555556	1	1.60641631315079	1.03236603104534	2112	106
rice_rhizo	ancombc2	raw	real_perm	25	2816	1075	0.381747159090909	1	1.66549363671423	0.870635894505051	2112	106
rice_rhizo	maaslin3	boots	real_depth	1	2818	1	0.00035486160397445	1	1.61417759352102	1.18550976978139	2112	106
rice_rhizo	maaslin3	boots	real_depth	2	2830	3	0.00106007067137809	1	1.68429111440739	1.01386460154884	16016	106
rice_rhizo	maaslin3	boots	real_depth	3	2921	0	0	0	1.61287621417293	0.986324996920044	2112	106
rice_rhizo	maaslin3	boots	real_depth	4	2972	0	0	0	1.62859432450269	0.843518986928638	2112	106
rice_rhizo	maaslin3	boots	real_depth	5	2991	0	0	0	1.53847862792144	1.18120191941504	2112	106
rice_rhizo	maaslin3	boots	real_depth	6	2890	0	0	0	1.83312196153033	0.834972272375548	2112	106
rice_rhizo	maaslin3	boots	real_depth	7	2856	0	0	0	1.57278212501178	1.12749081060166	20321	106
rice_rhizo	maaslin3	boots	real_depth	8	2912	0	0	0	1.72647016603665	0.975434247447882	2112	106
rice_rhizo	maaslin3	boots	real_depth	9	2883	1	0.000346860908775581	1	1.57808465006347	0.943232924580192	2112	106
rice_rhizo	maaslin3	boots	real_depth	10	2802	2	0.000713775874375446	1	1.69095300628459	0.960568251169729	16016	106
rice_rhizo	maaslin3	boots	real_depth	11	2799	0	0	0	1.75517504405692	0.937059015088468	2112	106
rice_rhizo	maaslin3	boots	real_depth	12	2909	0	0	0	1.70446403318563	0.964760970235329	2112	106
rice_rhizo	maaslin3	boots	real_depth	13	2974	0	0	0	1.68429111440739	1.04160314038869	2112	106
rice_rhizo	maaslin3	boots	real_depth	14	2838	0	0	0	1.69956161025738	0.88355191167584	2112	106
rice_rhizo	maaslin3	boots	real_depth	15	2857	0	0	0	1.58892712359762	0.843146244023839	2112	106
rice_rhizo	maaslin3	boots	real_depth	16	2941	1	0.000340020401224073	1	1.63217686433487	1.10612003960698	2112	106
rice_rhizo	maaslin3	boots	real_depth	17	2975	3	0.00100840336134454	1	1.55931602728803	1.07312805526995	20321	106
rice_rhizo	maaslin3	boots	real_depth	18	3000	0	0	0	1.69221930400525	0.939948906804685	2112	106
rice_rhizo	maaslin3	boots	real_depth	19	2831	2	0.000706464146944543	1	1.81884912832612	1.07799707602339	2112	106
rice_rhizo	maaslin3	boots	real_depth	20	2886	0	0	0	1.55181283410499	0.976433410095645	2112	106
rice_rhizo	maaslin3	boots	real_depth	21	2846	0	0	0	1.59648787023303	1.03560222491621	2112	106
rice_rhizo	maaslin3	boots	real_depth	22	2902	0	0	0	1.65928160648628	0.919627749576988	2112	106
rice_rhizo	maaslin3	boots	real_depth	23	2910	0	0	0	1.62034518337867	0.931312296648247	20321	106
rice_rhizo	maaslin3	boots	real_depth	24	2880	0	0	0	1.60641631315079	1.03236603104534	2112	106
rice_rhizo	maaslin3	boots	real_depth	25	2816	3	0.00106534090909091	1	1.66549363671423	0.870635894505051	2112	106
rice_rhizo	maaslin3	boots	real_perm	1	2818	0	0	0	1.61417759352102	1.18550976978139	2112	106
rice_rhizo	maaslin3	boots	real_perm	2	2830	0	0	0	1.68429111440739	1.01386460154884	16016	106
rice_rhizo	maaslin3	boots	real_perm	3	2921	0	0	0	1.61287621417293	0.986324996920044	2112	106
rice_rhizo	maaslin3	boots	real_perm	4	2972	0	0	0	1.62859432450269	0.843518986928638	2112	106
rice_rhizo	maaslin3	boots	real_perm	5	2991	0	0	0	1.53847862792144	1.18120191941504	2112	106
rice_rhizo	maaslin3	boots	real_perm	6	2890	0	0	0	1.83312196153033	0.834972272375548	2112	106
rice_rhizo	maaslin3	boots	real_perm	7	2856	0	0	0	1.57278212501178	1.12749081060166	20321	106
rice_rhizo	maaslin3	boots	real_perm	8	2912	0	0	0	1.72647016603665	0.975434247447882	2112	106
rice_rhizo	maaslin3	boots	real_perm	9	2883	0	0	0	1.57808465006347	0.943232924580192	2112	106
rice_rhizo	maaslin3	boots	real_perm	10	2802	0	0	0	1.69095300628459	0.960568251169729	16016	106
rice_rhizo	maaslin3	boots	real_perm	11	2799	0	0	0	1.75517504405692	0.937059015088468	2112	106
rice_rhizo	maaslin3	boots	real_perm	12	2909	0	0	0	1.70446403318563	0.964760970235329	2112	106
rice_rhizo	maaslin3	boots	real_perm	13	2974	0	0	0	1.68429111440739	1.04160314038869	2112	106
rice_rhizo	maaslin3	boots	real_perm	14	2838	0	0	0	1.69956161025738	0.88355191167584	2112	106
rice_rhizo	maaslin3	boots	real_perm	15	2857	0	0	0	1.58892712359762	0.843146244023839	2112	106
rice_rhizo	maaslin3	boots	real_perm	16	2941	0	0	0	1.63217686433487	1.10612003960698	2112	106
rice_rhizo	maaslin3	boots	real_perm	17	2975	0	0	0	1.55931602728803	1.07312805526995	20321	106
rice_rhizo	maaslin3	boots	real_perm	18	3000	0	0	0	1.69221930400525	0.939948906804685	2112	106
rice_rhizo	maaslin3	boots	real_perm	19	2831	0	0	0	1.81884912832612	1.07799707602339	2112	106
rice_rhizo	maaslin3	boots	real_perm	20	2886	0	0	0	1.55181283410499	0.976433410095645	2112	106
rice_rhizo	maaslin3	boots	real_perm	21	2846	0	0	0	1.59648787023303	1.03560222491621	2112	106
rice_rhizo	maaslin3	boots	real_perm	22	2902	0	0	0	1.65928160648628	0.919627749576988	2112	106
rice_rhizo	maaslin3	boots	real_perm	23	2910	0	0	0	1.62034518337867	0.931312296648247	20321	106
rice_rhizo	maaslin3	boots	real_perm	24	2880	0	0	0	1.60641631315079	1.03236603104534	2112	106
rice_rhizo	maaslin3	boots	real_perm	25	2816	0	0	0	1.66549363671423	0.870635894505051	2112	106
rice_rhizo	maaslin3	boots@70	real_depth	1	2818	1	0.00035486160397445	1	1.61417759352102	1.18550976978139	2112	106
rice_rhizo	maaslin3	boots@70	real_depth	2	2830	1	0.000353356890459364	1	1.68429111440739	1.01386460154884	16016	106
rice_rhizo	maaslin3	boots@70	real_depth	3	2921	0	0	0	1.61287621417293	0.986324996920044	2112	106
rice_rhizo	maaslin3	boots@70	real_depth	4	2972	0	0	0	1.62859432450269	0.843518986928638	2112	106
rice_rhizo	maaslin3	boots@70	real_depth	5	2991	0	0	0	1.53847862792144	1.18120191941504	2112	106
rice_rhizo	maaslin3	boots@70	real_depth	6	2890	0	0	0	1.83312196153033	0.834972272375548	2112	106
rice_rhizo	maaslin3	boots@70	real_depth	7	2856	0	0	0	1.57278212501178	1.12749081060166	20321	106
rice_rhizo	maaslin3	boots@70	real_depth	8	2912	0	0	0	1.72647016603665	0.975434247447882	2112	106
rice_rhizo	maaslin3	boots@70	real_depth	9	2883	1	0.000346860908775581	1	1.57808465006347	0.943232924580192	2112	106
rice_rhizo	maaslin3	boots@70	real_depth	10	2802	0	0	0	1.69095300628459	0.960568251169729	16016	106
rice_rhizo	maaslin3	boots@70	real_depth	11	2799	0	0	0	1.75517504405692	0.937059015088468	2112	106
rice_rhizo	maaslin3	boots@70	real_depth	12	2909	0	0	0	1.70446403318563	0.964760970235329	2112	106
rice_rhizo	maaslin3	boots@70	real_depth	13	2974	0	0	0	1.68429111440739	1.04160314038869	2112	106
rice_rhizo	maaslin3	boots@70	real_depth	14	2838	0	0	0	1.69956161025738	0.88355191167584	2112	106
rice_rhizo	maaslin3	boots@70	real_depth	15	2857	0	0	0	1.58892712359762	0.843146244023839	2112	106
rice_rhizo	maaslin3	boots@70	real_depth	16	2941	0	0	0	1.63217686433487	1.10612003960698	2112	106
rice_rhizo	maaslin3	boots@70	real_depth	17	2975	3	0.00100840336134454	1	1.55931602728803	1.07312805526995	20321	106
rice_rhizo	maaslin3	boots@70	real_depth	18	3000	0	0	0	1.69221930400525	0.939948906804685	2112	106
rice_rhizo	maaslin3	boots@70	real_depth	19	2831	0	0	0	1.81884912832612	1.07799707602339	2112	106
rice_rhizo	maaslin3	boots@70	real_depth	20	2886	0	0	0	1.55181283410499	0.976433410095645	2112	106
rice_rhizo	maaslin3	boots@70	real_depth	21	2846	0	0	0	1.59648787023303	1.03560222491621	2112	106
rice_rhizo	maaslin3	boots@70	real_depth	22	2902	0	0	0	1.65928160648628	0.919627749576988	2112	106
rice_rhizo	maaslin3	boots@70	real_depth	23	2910	0	0	0	1.62034518337867	0.931312296648247	20321	106
rice_rhizo	maaslin3	boots@70	real_depth	24	2880	0	0	0	1.60641631315079	1.03236603104534	2112	106
rice_rhizo	maaslin3	boots@70	real_depth	25	2816	1	0.000355113636363636	1	1.66549363671423	0.870635894505051	2112	106
rice_rhizo	maaslin3	boots@70	real_perm	1	2818	0	0	0	1.61417759352102	1.18550976978139	2112	106
rice_rhizo	maaslin3	boots@70	real_perm	2	2830	0	0	0	1.68429111440739	1.01386460154884	16016	106
rice_rhizo	maaslin3	boots@70	real_perm	3	2921	0	0	0	1.61287621417293	0.986324996920044	2112	106
rice_rhizo	maaslin3	boots@70	real_perm	4	2972	0	0	0	1.62859432450269	0.843518986928638	2112	106
rice_rhizo	maaslin3	boots@70	real_perm	5	2991	0	0	0	1.53847862792144	1.18120191941504	2112	106
rice_rhizo	maaslin3	boots@70	real_perm	6	2890	0	0	0	1.83312196153033	0.834972272375548	2112	106
rice_rhizo	maaslin3	boots@70	real_perm	7	2856	0	0	0	1.57278212501178	1.12749081060166	20321	106
rice_rhizo	maaslin3	boots@70	real_perm	8	2912	0	0	0	1.72647016603665	0.975434247447882	2112	106
rice_rhizo	maaslin3	boots@70	real_perm	9	2883	0	0	0	1.57808465006347	0.943232924580192	2112	106
rice_rhizo	maaslin3	boots@70	real_perm	10	2802	0	0	0	1.69095300628459	0.960568251169729	16016	106
rice_rhizo	maaslin3	boots@70	real_perm	11	2799	0	0	0	1.75517504405692	0.937059015088468	2112	106
rice_rhizo	maaslin3	boots@70	real_perm	12	2909	0	0	0	1.70446403318563	0.964760970235329	2112	106
rice_rhizo	maaslin3	boots@70	real_perm	13	2974	0	0	0	1.68429111440739	1.04160314038869	2112	106
rice_rhizo	maaslin3	boots@70	real_perm	14	2838	0	0	0	1.69956161025738	0.88355191167584	2112	106
rice_rhizo	maaslin3	boots@70	real_perm	15	2857	0	0	0	1.58892712359762	0.843146244023839	2112	106
rice_rhizo	maaslin3	boots@70	real_perm	16	2941	0	0	0	1.63217686433487	1.10612003960698	2112	106
rice_rhizo	maaslin3	boots@70	real_perm	17	2975	0	0	0	1.55931602728803	1.07312805526995	20321	106
rice_rhizo	maaslin3	boots@70	real_perm	18	3000	0	0	0	1.69221930400525	0.939948906804685	2112	106
rice_rhizo	maaslin3	boots@70	real_perm	19	2831	0	0	0	1.81884912832612	1.07799707602339	2112	106
rice_rhizo	maaslin3	boots@70	real_perm	20	2886	0	0	0	1.55181283410499	0.976433410095645	2112	106
rice_rhizo	maaslin3	boots@70	real_perm	21	2846	0	0	0	1.59648787023303	1.03560222491621	2112	106
rice_rhizo	maaslin3	boots@70	real_perm	22	2902	0	0	0	1.65928160648628	0.919627749576988	2112	106
rice_rhizo	maaslin3	boots@70	real_perm	23	2910	0	0	0	1.62034518337867	0.931312296648247	20321	106
rice_rhizo	maaslin3	boots@70	real_perm	24	2880	0	0	0	1.60641631315079	1.03236603104534	2112	106
rice_rhizo	maaslin3	boots@70	real_perm	25	2816	0	0	0	1.66549363671423	0.870635894505051	2112	106
rice_rhizo	maaslin3	boots@80	real_depth	1	2818	1	0.00035486160397445	1	1.61417759352102	1.18550976978139	2112	106
rice_rhizo	maaslin3	boots@80	real_depth	2	2830	1	0.000353356890459364	1	1.68429111440739	1.01386460154884	16016	106
rice_rhizo	maaslin3	boots@80	real_depth	3	2921	0	0	0	1.61287621417293	0.986324996920044	2112	106
rice_rhizo	maaslin3	boots@80	real_depth	4	2972	0	0	0	1.62859432450269	0.843518986928638	2112	106
rice_rhizo	maaslin3	boots@80	real_depth	5	2991	0	0	0	1.53847862792144	1.18120191941504	2112	106
rice_rhizo	maaslin3	boots@80	real_depth	6	2890	0	0	0	1.83312196153033	0.834972272375548	2112	106
rice_rhizo	maaslin3	boots@80	real_depth	7	2856	0	0	0	1.57278212501178	1.12749081060166	20321	106
rice_rhizo	maaslin3	boots@80	real_depth	8	2912	0	0	0	1.72647016603665	0.975434247447882	2112	106
rice_rhizo	maaslin3	boots@80	real_depth	9	2883	0	0	0	1.57808465006347	0.943232924580192	2112	106
rice_rhizo	maaslin3	boots@80	real_depth	10	2802	0	0	0	1.69095300628459	0.960568251169729	16016	106
rice_rhizo	maaslin3	boots@80	real_depth	11	2799	0	0	0	1.75517504405692	0.937059015088468	2112	106
rice_rhizo	maaslin3	boots@80	real_depth	12	2909	0	0	0	1.70446403318563	0.964760970235329	2112	106
rice_rhizo	maaslin3	boots@80	real_depth	13	2974	0	0	0	1.68429111440739	1.04160314038869	2112	106
rice_rhizo	maaslin3	boots@80	real_depth	14	2838	0	0	0	1.69956161025738	0.88355191167584	2112	106
rice_rhizo	maaslin3	boots@80	real_depth	15	2857	0	0	0	1.58892712359762	0.843146244023839	2112	106
rice_rhizo	maaslin3	boots@80	real_depth	16	2941	0	0	0	1.63217686433487	1.10612003960698	2112	106
rice_rhizo	maaslin3	boots@80	real_depth	17	2975	3	0.00100840336134454	1	1.55931602728803	1.07312805526995	20321	106
rice_rhizo	maaslin3	boots@80	real_depth	18	3000	0	0	0	1.69221930400525	0.939948906804685	2112	106
rice_rhizo	maaslin3	boots@80	real_depth	19	2831	0	0	0	1.81884912832612	1.07799707602339	2112	106
rice_rhizo	maaslin3	boots@80	real_depth	20	2886	0	0	0	1.55181283410499	0.976433410095645	2112	106
rice_rhizo	maaslin3	boots@80	real_depth	21	2846	0	0	0	1.59648787023303	1.03560222491621	2112	106
rice_rhizo	maaslin3	boots@80	real_depth	22	2902	0	0	0	1.65928160648628	0.919627749576988	2112	106
rice_rhizo	maaslin3	boots@80	real_depth	23	2910	0	0	0	1.62034518337867	0.931312296648247	20321	106
rice_rhizo	maaslin3	boots@80	real_depth	24	2880	0	0	0	1.60641631315079	1.03236603104534	2112	106
rice_rhizo	maaslin3	boots@80	real_depth	25	2816	0	0	0	1.66549363671423	0.870635894505051	2112	106
rice_rhizo	maaslin3	boots@80	real_perm	1	2818	0	0	0	1.61417759352102	1.18550976978139	2112	106
rice_rhizo	maaslin3	boots@80	real_perm	2	2830	0	0	0	1.68429111440739	1.01386460154884	16016	106
rice_rhizo	maaslin3	boots@80	real_perm	3	2921	0	0	0	1.61287621417293	0.986324996920044	2112	106
rice_rhizo	maaslin3	boots@80	real_perm	4	2972	0	0	0	1.62859432450269	0.843518986928638	2112	106
rice_rhizo	maaslin3	boots@80	real_perm	5	2991	0	0	0	1.53847862792144	1.18120191941504	2112	106
rice_rhizo	maaslin3	boots@80	real_perm	6	2890	0	0	0	1.83312196153033	0.834972272375548	2112	106
rice_rhizo	maaslin3	boots@80	real_perm	7	2856	0	0	0	1.57278212501178	1.12749081060166	20321	106
rice_rhizo	maaslin3	boots@80	real_perm	8	2912	0	0	0	1.72647016603665	0.975434247447882	2112	106
rice_rhizo	maaslin3	boots@80	real_perm	9	2883	0	0	0	1.57808465006347	0.943232924580192	2112	106
rice_rhizo	maaslin3	boots@80	real_perm	10	2802	0	0	0	1.69095300628459	0.960568251169729	16016	106
rice_rhizo	maaslin3	boots@80	real_perm	11	2799	0	0	0	1.75517504405692	0.937059015088468	2112	106
rice_rhizo	maaslin3	boots@80	real_perm	12	2909	0	0	0	1.70446403318563	0.964760970235329	2112	106
rice_rhizo	maaslin3	boots@80	real_perm	13	2974	0	0	0	1.68429111440739	1.04160314038869	2112	106
rice_rhizo	maaslin3	boots@80	real_perm	14	2838	0	0	0	1.69956161025738	0.88355191167584	2112	106
rice_rhizo	maaslin3	boots@80	real_perm	15	2857	0	0	0	1.58892712359762	0.843146244023839	2112	106
rice_rhizo	maaslin3	boots@80	real_perm	16	2941	0	0	0	1.63217686433487	1.10612003960698	2112	106
rice_rhizo	maaslin3	boots@80	real_perm	17	2975	0	0	0	1.55931602728803	1.07312805526995	20321	106
rice_rhizo	maaslin3	boots@80	real_perm	18	3000	0	0	0	1.69221930400525	0.939948906804685	2112	106
rice_rhizo	maaslin3	boots@80	real_perm	19	2831	0	0	0	1.81884912832612	1.07799707602339	2112	106
rice_rhizo	maaslin3	boots@80	real_perm	20	2886	0	0	0	1.55181283410499	0.976433410095645	2112	106
rice_rhizo	maaslin3	boots@80	real_perm	21	2846	0	0	0	1.59648787023303	1.03560222491621	2112	106
rice_rhizo	maaslin3	boots@80	real_perm	22	2902	0	0	0	1.65928160648628	0.919627749576988	2112	106
rice_rhizo	maaslin3	boots@80	real_perm	23	2910	0	0	0	1.62034518337867	0.931312296648247	20321	106
rice_rhizo	maaslin3	boots@80	real_perm	24	2880	0	0	0	1.60641631315079	1.03236603104534	2112	106
rice_rhizo	maaslin3	boots@80	real_perm	25	2816	0	0	0	1.66549363671423	0.870635894505051	2112	106
rice_rhizo	maaslin3	boots@90	real_depth	1	2818	0	0	0	1.61417759352102	1.18550976978139	2112	106
rice_rhizo	maaslin3	boots@90	real_depth	2	2830	1	0.000353356890459364	1	1.68429111440739	1.01386460154884	16016	106
rice_rhizo	maaslin3	boots@90	real_depth	3	2921	0	0	0	1.61287621417293	0.986324996920044	2112	106
rice_rhizo	maaslin3	boots@90	real_depth	4	2972	0	0	0	1.62859432450269	0.843518986928638	2112	106
rice_rhizo	maaslin3	boots@90	real_depth	5	2991	0	0	0	1.53847862792144	1.18120191941504	2112	106
rice_rhizo	maaslin3	boots@90	real_depth	6	2890	0	0	0	1.83312196153033	0.834972272375548	2112	106
rice_rhizo	maaslin3	boots@90	real_depth	7	2856	0	0	0	1.57278212501178	1.12749081060166	20321	106
rice_rhizo	maaslin3	boots@90	real_depth	8	2912	0	0	0	1.72647016603665	0.975434247447882	2112	106
rice_rhizo	maaslin3	boots@90	real_depth	9	2883	0	0	0	1.57808465006347	0.943232924580192	2112	106
rice_rhizo	maaslin3	boots@90	real_depth	10	2802	0	0	0	1.69095300628459	0.960568251169729	16016	106
rice_rhizo	maaslin3	boots@90	real_depth	11	2799	0	0	0	1.75517504405692	0.937059015088468	2112	106
rice_rhizo	maaslin3	boots@90	real_depth	12	2909	0	0	0	1.70446403318563	0.964760970235329	2112	106
rice_rhizo	maaslin3	boots@90	real_depth	13	2974	0	0	0	1.68429111440739	1.04160314038869	2112	106
rice_rhizo	maaslin3	boots@90	real_depth	14	2838	0	0	0	1.69956161025738	0.88355191167584	2112	106
rice_rhizo	maaslin3	boots@90	real_depth	15	2857	0	0	0	1.58892712359762	0.843146244023839	2112	106
rice_rhizo	maaslin3	boots@90	real_depth	16	2941	0	0	0	1.63217686433487	1.10612003960698	2112	106
rice_rhizo	maaslin3	boots@90	real_depth	17	2975	2	0.000672268907563025	1	1.55931602728803	1.07312805526995	20321	106
rice_rhizo	maaslin3	boots@90	real_depth	18	3000	0	0	0	1.69221930400525	0.939948906804685	2112	106
rice_rhizo	maaslin3	boots@90	real_depth	19	2831	0	0	0	1.81884912832612	1.07799707602339	2112	106
rice_rhizo	maaslin3	boots@90	real_depth	20	2886	0	0	0	1.55181283410499	0.976433410095645	2112	106
rice_rhizo	maaslin3	boots@90	real_depth	21	2846	0	0	0	1.59648787023303	1.03560222491621	2112	106
rice_rhizo	maaslin3	boots@90	real_depth	22	2902	0	0	0	1.65928160648628	0.919627749576988	2112	106
rice_rhizo	maaslin3	boots@90	real_depth	23	2910	0	0	0	1.62034518337867	0.931312296648247	20321	106
rice_rhizo	maaslin3	boots@90	real_depth	24	2880	0	0	0	1.60641631315079	1.03236603104534	2112	106
rice_rhizo	maaslin3	boots@90	real_depth	25	2816	0	0	0	1.66549363671423	0.870635894505051	2112	106
rice_rhizo	maaslin3	boots@90	real_perm	1	2818	0	0	0	1.61417759352102	1.18550976978139	2112	106
rice_rhizo	maaslin3	boots@90	real_perm	2	2830	0	0	0	1.68429111440739	1.01386460154884	16016	106
rice_rhizo	maaslin3	boots@90	real_perm	3	2921	0	0	0	1.61287621417293	0.986324996920044	2112	106
rice_rhizo	maaslin3	boots@90	real_perm	4	2972	0	0	0	1.62859432450269	0.843518986928638	2112	106
rice_rhizo	maaslin3	boots@90	real_perm	5	2991	0	0	0	1.53847862792144	1.18120191941504	2112	106
rice_rhizo	maaslin3	boots@90	real_perm	6	2890	0	0	0	1.83312196153033	0.834972272375548	2112	106
rice_rhizo	maaslin3	boots@90	real_perm	7	2856	0	0	0	1.57278212501178	1.12749081060166	20321	106
rice_rhizo	maaslin3	boots@90	real_perm	8	2912	0	0	0	1.72647016603665	0.975434247447882	2112	106
rice_rhizo	maaslin3	boots@90	real_perm	9	2883	0	0	0	1.57808465006347	0.943232924580192	2112	106
rice_rhizo	maaslin3	boots@90	real_perm	10	2802	0	0	0	1.69095300628459	0.960568251169729	16016	106
rice_rhizo	maaslin3	boots@90	real_perm	11	2799	0	0	0	1.75517504405692	0.937059015088468	2112	106
rice_rhizo	maaslin3	boots@90	real_perm	12	2909	0	0	0	1.70446403318563	0.964760970235329	2112	106
rice_rhizo	maaslin3	boots@90	real_perm	13	2974	0	0	0	1.68429111440739	1.04160314038869	2112	106
rice_rhizo	maaslin3	boots@90	real_perm	14	2838	0	0	0	1.69956161025738	0.88355191167584	2112	106
rice_rhizo	maaslin3	boots@90	real_perm	15	2857	0	0	0	1.58892712359762	0.843146244023839	2112	106
rice_rhizo	maaslin3	boots@90	real_perm	16	2941	0	0	0	1.63217686433487	1.10612003960698	2112	106
rice_rhizo	maaslin3	boots@90	real_perm	17	2975	0	0	0	1.55931602728803	1.07312805526995	20321	106
rice_rhizo	maaslin3	boots@90	real_perm	18	3000	0	0	0	1.69221930400525	0.939948906804685	2112	106
rice_rhizo	maaslin3	boots@90	real_perm	19	2831	0	0	0	1.81884912832612	1.07799707602339	2112	106
rice_rhizo	maaslin3	boots@90	real_perm	20	2886	0	0	0	1.55181283410499	0.976433410095645	2112	106
rice_rhizo	maaslin3	boots@90	real_perm	21	2846	0	0	0	1.59648787023303	1.03560222491621	2112	106
rice_rhizo	maaslin3	boots@90	real_perm	22	2902	0	0	0	1.65928160648628	0.919627749576988	2112	106
rice_rhizo	maaslin3	boots@90	real_perm	23	2910	0	0	0	1.62034518337867	0.931312296648247	20321	106
rice_rhizo	maaslin3	boots@90	real_perm	24	2880	0	0	0	1.60641631315079	1.03236603104534	2112	106
rice_rhizo	maaslin3	boots@90	real_perm	25	2816	0	0	0	1.66549363671423	0.870635894505051	2112	106
rice_rhizo	maaslin3	rarefied	real_depth	1	2818	5	0.00177430801987225	1	1.61417759352102	1.18550976978139	2112	106
rice_rhizo	maaslin3	rarefied	real_depth	2	2830	5	0.00176678445229682	1	1.68429111440739	1.01386460154884	16016	106
rice_rhizo	maaslin3	rarefied	real_depth	3	2921	3	0.00102704553235193	1	1.61287621417293	0.986324996920044	2112	106
rice_rhizo	maaslin3	rarefied	real_depth	4	2972	14	0.00471063257065949	1	1.62859432450269	0.843518986928638	2112	106
rice_rhizo	maaslin3	rarefied	real_depth	5	2991	4	0.00133734536944166	1	1.53847862792144	1.18120191941504	2112	106
rice_rhizo	maaslin3	rarefied	real_depth	6	2890	1	0.000346020761245675	1	1.83312196153033	0.834972272375548	2112	106
rice_rhizo	maaslin3	rarefied	real_depth	7	2856	0	0	0	1.57278212501178	1.12749081060166	20321	106
rice_rhizo	maaslin3	rarefied	real_depth	8	2912	5	0.00171703296703297	1	1.72647016603665	0.975434247447882	2112	106
rice_rhizo	maaslin3	rarefied	real_depth	9	2883	2	0.000693721817551162	1	1.57808465006347	0.943232924580192	2112	106
rice_rhizo	maaslin3	rarefied	real_depth	10	2802	5	0.00178443968593862	1	1.69095300628459	0.960568251169729	16016	106
rice_rhizo	maaslin3	rarefied	real_depth	11	2799	2	0.000714540907466952	1	1.75517504405692	0.937059015088468	2112	106
rice_rhizo	maaslin3	rarefied	real_depth	12	2909	5	0.00171880371261602	1	1.70446403318563	0.964760970235329	2112	106
rice_rhizo	maaslin3	rarefied	real_depth	13	2974	1	0.000336247478143914	1	1.68429111440739	1.04160314038869	2112	106
rice_rhizo	maaslin3	rarefied	real_depth	14	2838	4	0.00140944326990839	1	1.69956161025738	0.88355191167584	2112	106
rice_rhizo	maaslin3	rarefied	real_depth	15	2857	6	0.00210010500525026	1	1.58892712359762	0.843146244023839	2112	106
rice_rhizo	maaslin3	rarefied	real_depth	16	2941	5	0.00170010200612037	1	1.63217686433487	1.10612003960698	2112	106
rice_rhizo	maaslin3	rarefied	real_depth	17	2975	7	0.00235294117647059	1	1.55931602728803	1.07312805526995	20321	106
rice_rhizo	maaslin3	rarefied	real_depth	18	3000	2	0.000666666666666667	1	1.69221930400525	0.939948906804685	2112	106
rice_rhizo	maaslin3	rarefied	real_depth	19	2831	4	0.00141292829388909	1	1.81884912832612	1.07799707602339	2112	106
rice_rhizo	maaslin3	rarefied	real_depth	20	2886	2	0.000693000693000693	1	1.55181283410499	0.976433410095645	2112	106
rice_rhizo	maaslin3	rarefied	real_depth	21	2846	3	0.00105411103302881	1	1.59648787023303	1.03560222491621	2112	106
rice_rhizo	maaslin3	rarefied	real_depth	22	2902	4	0.00137835975189524	1	1.65928160648628	0.919627749576988	2112	106
rice_rhizo	maaslin3	rarefied	real_depth	23	2910	1	0.000343642611683849	1	1.62034518337867	0.931312296648247	20321	106
rice_rhizo	maaslin3	rarefied	real_depth	24	2880	0	0	0	1.60641631315079	1.03236603104534	2112	106
rice_rhizo	maaslin3	rarefied	real_depth	25	2816	6	0.00213068181818182	1	1.66549363671423	0.870635894505051	2112	106
rice_rhizo	maaslin3	rarefied	real_perm	1	2818	0	0	0	1.61417759352102	1.18550976978139	2112	106
rice_rhizo	maaslin3	rarefied	real_perm	2	2830	0	0	0	1.68429111440739	1.01386460154884	16016	106
rice_rhizo	maaslin3	rarefied	real_perm	3	2921	1	0.000342348510783978	1	1.61287621417293	0.986324996920044	2112	106
rice_rhizo	maaslin3	rarefied	real_perm	4	2972	0	0	0	1.62859432450269	0.843518986928638	2112	106
rice_rhizo	maaslin3	rarefied	real_perm	5	2991	0	0	0	1.53847862792144	1.18120191941504	2112	106
rice_rhizo	maaslin3	rarefied	real_perm	6	2890	0	0	0	1.83312196153033	0.834972272375548	2112	106
rice_rhizo	maaslin3	rarefied	real_perm	7	2856	0	0	0	1.57278212501178	1.12749081060166	20321	106
rice_rhizo	maaslin3	rarefied	real_perm	8	2912	0	0	0	1.72647016603665	0.975434247447882	2112	106
rice_rhizo	maaslin3	rarefied	real_perm	9	2883	2	0.000693721817551162	1	1.57808465006347	0.943232924580192	2112	106
rice_rhizo	maaslin3	rarefied	real_perm	10	2802	0	0	0	1.69095300628459	0.960568251169729	16016	106
rice_rhizo	maaslin3	rarefied	real_perm	11	2799	2	0.000714540907466952	1	1.75517504405692	0.937059015088468	2112	106
rice_rhizo	maaslin3	rarefied	real_perm	12	2909	3	0.00103128222756961	1	1.70446403318563	0.964760970235329	2112	106
rice_rhizo	maaslin3	rarefied	real_perm	13	2974	3	0.00100874243443174	1	1.68429111440739	1.04160314038869	2112	106
rice_rhizo	maaslin3	rarefied	real_perm	14	2838	0	0	0	1.69956161025738	0.88355191167584	2112	106
rice_rhizo	maaslin3	rarefied	real_perm	15	2857	0	0	0	1.58892712359762	0.843146244023839	2112	106
rice_rhizo	maaslin3	rarefied	real_perm	16	2941	0	0	0	1.63217686433487	1.10612003960698	2112	106
rice_rhizo	maaslin3	rarefied	real_perm	17	2975	0	0	0	1.55931602728803	1.07312805526995	20321	106
rice_rhizo	maaslin3	rarefied	real_perm	18	3000	0	0	0	1.69221930400525	0.939948906804685	2112	106
rice_rhizo	maaslin3	rarefied	real_perm	19	2831	0	0	0	1.81884912832612	1.07799707602339	2112	106
rice_rhizo	maaslin3	rarefied	real_perm	20	2886	1	0.000346500346500347	1	1.55181283410499	0.976433410095645	2112	106
rice_rhizo	maaslin3	rarefied	real_perm	21	2846	0	0	0	1.59648787023303	1.03560222491621	2112	106
rice_rhizo	maaslin3	rarefied	real_perm	22	2902	1	0.000344589937973811	1	1.65928160648628	0.919627749576988	2112	106
rice_rhizo	maaslin3	rarefied	real_perm	23	2910	0	0	0	1.62034518337867	0.931312296648247	20321	106
rice_rhizo	maaslin3	rarefied	real_perm	24	2880	0	0	0	1.60641631315079	1.03236603104534	2112	106
rice_rhizo	maaslin3	rarefied	real_perm	25	2816	4	0.00142045454545455	1	1.66549363671423	0.870635894505051	2112	106
rice_rhizo	maaslin3	raw	real_depth	1	2818	24	0.0085166784953868	1	1.61417759352102	1.18550976978139	2112	106
rice_rhizo	maaslin3	raw	real_depth	2	2830	8	0.00282685512367491	1	1.68429111440739	1.01386460154884	16016	106
rice_rhizo	maaslin3	raw	real_depth	3	2921	10	0.00342348510783978	1	1.61287621417293	0.986324996920044	2112	106
rice_rhizo	maaslin3	raw	real_depth	4	2972	13	0.00437415881561238	1	1.62859432450269	0.843518986928638	2112	106
rice_rhizo	maaslin3	raw	real_depth	5	2991	18	0.00601805416248746	1	1.53847862792144	1.18120191941504	2112	106
rice_rhizo	maaslin3	raw	real_depth	6	2890	1	0.000346020761245675	1	1.83312196153033	0.834972272375548	2112	106
rice_rhizo	maaslin3	raw	real_depth	7	2856	3	0.00105042016806723	1	1.57278212501178	1.12749081060166	20321	106
rice_rhizo	maaslin3	raw	real_depth	8	2912	8	0.00274725274725275	1	1.72647016603665	0.975434247447882	2112	106
rice_rhizo	maaslin3	raw	real_depth	9	2883	25	0.00867152271938952	1	1.57808465006347	0.943232924580192	2112	106
rice_rhizo	maaslin3	raw	real_depth	10	2802	8	0.00285510349750178	1	1.69095300628459	0.960568251169729	16016	106
rice_rhizo	maaslin3	raw	real_depth	11	2799	3	0.00107181136120043	1	1.75517504405692	0.937059015088468	2112	106
rice_rhizo	maaslin3	raw	real_depth	12	2909	11	0.00378136816775524	1	1.70446403318563	0.964760970235329	2112	106
rice_rhizo	maaslin3	raw	real_depth	13	2974	9	0.00302622730329523	1	1.68429111440739	1.04160314038869	2112	106
rice_rhizo	maaslin3	raw	real_depth	14	2838	2	0.000704721634954193	1	1.69956161025738	0.88355191167584	2112	106
rice_rhizo	maaslin3	raw	real_depth	15	2857	2	0.000700035001750087	1	1.58892712359762	0.843146244023839	2112	106
rice_rhizo	maaslin3	raw	real_depth	16	2941	4	0.00136008160489629	1	1.63217686433487	1.10612003960698	2112	106
rice_rhizo	maaslin3	raw	real_depth	17	2975	8	0.0026890756302521	1	1.55931602728803	1.07312805526995	20321	106
rice_rhizo	maaslin3	raw	real_depth	18	3000	38	0.0126666666666667	1	1.69221930400525	0.939948906804685	2112	106
rice_rhizo	maaslin3	raw	real_depth	19	2831	5	0.00176616036736136	1	1.81884912832612	1.07799707602339	2112	106
rice_rhizo	maaslin3	raw	real_depth	20	2886	1	0.000346500346500347	1	1.55181283410499	0.976433410095645	2112	106
rice_rhizo	maaslin3	raw	real_depth	21	2846	8	0.0028109627547435	1	1.59648787023303	1.03560222491621	2112	106
rice_rhizo	maaslin3	raw	real_depth	22	2902	14	0.00482425913163336	1	1.65928160648628	0.919627749576988	2112	106
rice_rhizo	maaslin3	raw	real_depth	23	2910	2	0.000687285223367698	1	1.62034518337867	0.931312296648247	20321	106
rice_rhizo	maaslin3	raw	real_depth	24	2880	1	0.000347222222222222	1	1.60641631315079	1.03236603104534	2112	106
rice_rhizo	maaslin3	raw	real_depth	25	2816	19	0.00674715909090909	1	1.66549363671423	0.870635894505051	2112	106
rice_rhizo	maaslin3	raw	real_perm	1	2818	0	0	0	1.61417759352102	1.18550976978139	2112	106
rice_rhizo	maaslin3	raw	real_perm	2	2830	0	0	0	1.68429111440739	1.01386460154884	16016	106
rice_rhizo	maaslin3	raw	real_perm	3	2921	0	0	0	1.61287621417293	0.986324996920044	2112	106
rice_rhizo	maaslin3	raw	real_perm	4	2972	0	0	0	1.62859432450269	0.843518986928638	2112	106
rice_rhizo	maaslin3	raw	real_perm	5	2991	0	0	0	1.53847862792144	1.18120191941504	2112	106
rice_rhizo	maaslin3	raw	real_perm	6	2890	0	0	0	1.83312196153033	0.834972272375548	2112	106
rice_rhizo	maaslin3	raw	real_perm	7	2856	0	0	0	1.57278212501178	1.12749081060166	20321	106
rice_rhizo	maaslin3	raw	real_perm	8	2912	0	0	0	1.72647016603665	0.975434247447882	2112	106
rice_rhizo	maaslin3	raw	real_perm	9	2883	0	0	0	1.57808465006347	0.943232924580192	2112	106
rice_rhizo	maaslin3	raw	real_perm	10	2802	0	0	0	1.69095300628459	0.960568251169729	16016	106
rice_rhizo	maaslin3	raw	real_perm	11	2799	0	0	0	1.75517504405692	0.937059015088468	2112	106
rice_rhizo	maaslin3	raw	real_perm	12	2909	1	0.000343760742523204	1	1.70446403318563	0.964760970235329	2112	106
rice_rhizo	maaslin3	raw	real_perm	13	2974	0	0	0	1.68429111440739	1.04160314038869	2112	106
rice_rhizo	maaslin3	raw	real_perm	14	2838	0	0	0	1.69956161025738	0.88355191167584	2112	106
rice_rhizo	maaslin3	raw	real_perm	15	2857	0	0	0	1.58892712359762	0.843146244023839	2112	106
rice_rhizo	maaslin3	raw	real_perm	16	2941	0	0	0	1.63217686433487	1.10612003960698	2112	106
rice_rhizo	maaslin3	raw	real_perm	17	2975	0	0	0	1.55931602728803	1.07312805526995	20321	106
rice_rhizo	maaslin3	raw	real_perm	18	3000	0	0	0	1.69221930400525	0.939948906804685	2112	106
rice_rhizo	maaslin3	raw	real_perm	19	2831	0	0	0	1.81884912832612	1.07799707602339	2112	106
rice_rhizo	maaslin3	raw	real_perm	20	2886	0	0	0	1.55181283410499	0.976433410095645	2112	106
rice_rhizo	maaslin3	raw	real_perm	21	2846	0	0	0	1.59648787023303	1.03560222491621	2112	106
rice_rhizo	maaslin3	raw	real_perm	22	2902	0	0	0	1.65928160648628	0.919627749576988	2112	106
rice_rhizo	maaslin3	raw	real_perm	23	2910	0	0	0	1.62034518337867	0.931312296648247	20321	106
rice_rhizo	maaslin3	raw	real_perm	24	2880	0	0	0	1.60641631315079	1.03236603104534	2112	106
rice_rhizo	maaslin3	raw	real_perm	25	2816	1	0.000355113636363636	1	1.66549363671423	0.870635894505051	2112	106
rice_rhizo	maaslin3_prev	rarefied	real_depth	1	2818	9	0.00319375443577005	1	1.61417759352102	1.18550976978139	2112	106
rice_rhizo	maaslin3_prev	rarefied	real_depth	2	2830	8	0.00282685512367491	1	1.68429111440739	1.01386460154884	16016	106
rice_rhizo	maaslin3_prev	rarefied	real_depth	3	2921	1	0.000342348510783978	1	1.61287621417293	0.986324996920044	2112	106
rice_rhizo	maaslin3_prev	rarefied	real_depth	4	2972	13	0.00437415881561238	1	1.62859432450269	0.843518986928638	2112	106
rice_rhizo	maaslin3_prev	rarefied	real_depth	5	2991	0	0	0	1.53847862792144	1.18120191941504	2112	106
rice_rhizo	maaslin3_prev	rarefied	real_depth	6	2890	0	0	0	1.83312196153033	0.834972272375548	2112	106
rice_rhizo	maaslin3_prev	rarefied	real_depth	7	2856	1	0.000350140056022409	1	1.57278212501178	1.12749081060166	20321	106
rice_rhizo	maaslin3_prev	rarefied	real_depth	8	2912	6	0.00206043956043956	1	1.72647016603665	0.975434247447882	2112	106
rice_rhizo	maaslin3_prev	rarefied	real_depth	9	2883	13	0.00450919181408255	1	1.57808465006347	0.943232924580192	2112	106
rice_rhizo	maaslin3_prev	rarefied	real_depth	10	2802	20	0.00713775874375446	1	1.69095300628459	0.960568251169729	16016	106
rice_rhizo	maaslin3_prev	rarefied	real_depth	11	2799	1	0.000357270453733476	1	1.75517504405692	0.937059015088468	2112	106
rice_rhizo	maaslin3_prev	rarefied	real_depth	12	2909	3	0.00103128222756961	1	1.70446403318563	0.964760970235329	2112	106
rice_rhizo	maaslin3_prev	rarefied	real_depth	13	2974	3	0.00100874243443174	1	1.68429111440739	1.04160314038869	2112	106
rice_rhizo	maaslin3_prev	rarefied	real_depth	14	2838	3	0.00105708245243129	1	1.69956161025738	0.88355191167584	2112	106
rice_rhizo	maaslin3_prev	rarefied	real_depth	15	2857	1	0.000350017500875044	1	1.58892712359762	0.843146244023839	2112	106
rice_rhizo	maaslin3_prev	rarefied	real_depth	16	2941	2	0.000680040802448147	1	1.63217686433487	1.10612003960698	2112	106
rice_rhizo	maaslin3_prev	rarefied	real_depth	17	2975	20	0.00672268907563025	1	1.55931602728803	1.07312805526995	20321	106
rice_rhizo	maaslin3_prev	rarefied	real_depth	18	3000	10	0.00333333333333333	1	1.69221930400525	0.939948906804685	2112	106
rice_rhizo	maaslin3_prev	rarefied	real_depth	19	2831	4	0.00141292829388909	1	1.81884912832612	1.07799707602339	2112	106
rice_rhizo	maaslin3_prev	rarefied	real_depth	20	2886	1	0.000346500346500347	1	1.55181283410499	0.976433410095645	2112	106
rice_rhizo	maaslin3_prev	rarefied	real_depth	21	2846	3	0.00105411103302881	1	1.59648787023303	1.03560222491621	2112	106
rice_rhizo	maaslin3_prev	rarefied	real_depth	22	2902	7	0.00241212956581668	1	1.65928160648628	0.919627749576988	2112	106
rice_rhizo	maaslin3_prev	rarefied	real_depth	23	2910	3	0.00103092783505155	1	1.62034518337867	0.931312296648247	20321	106
rice_rhizo	maaslin3_prev	rarefied	real_depth	24	2880	0	0	0	1.60641631315079	1.03236603104534	2112	106
rice_rhizo	maaslin3_prev	rarefied	real_depth	25	2816	2	0.000710227272727273	1	1.66549363671423	0.870635894505051	2112	106
rice_rhizo	maaslin3_prev	rarefied	real_perm	1	2818	0	0	0	1.61417759352102	1.18550976978139	2112	106
rice_rhizo	maaslin3_prev	rarefied	real_perm	2	2830	0	0	0	1.68429111440739	1.01386460154884	16016	106
rice_rhizo	maaslin3_prev	rarefied	real_perm	3	2921	0	0	0	1.61287621417293	0.986324996920044	2112	106
rice_rhizo	maaslin3_prev	rarefied	real_perm	4	2972	0	0	0	1.62859432450269	0.843518986928638	2112	106
rice_rhizo	maaslin3_prev	rarefied	real_perm	5	2991	0	0	0	1.53847862792144	1.18120191941504	2112	106
rice_rhizo	maaslin3_prev	rarefied	real_perm	6	2890	0	0	0	1.83312196153033	0.834972272375548	2112	106
rice_rhizo	maaslin3_prev	rarefied	real_perm	7	2856	0	0	0	1.57278212501178	1.12749081060166	20321	106
rice_rhizo	maaslin3_prev	rarefied	real_perm	8	2912	0	0	0	1.72647016603665	0.975434247447882	2112	106
rice_rhizo	maaslin3_prev	rarefied	real_perm	9	2883	0	0	0	1.57808465006347	0.943232924580192	2112	106
rice_rhizo	maaslin3_prev	rarefied	real_perm	10	2802	0	0	0	1.69095300628459	0.960568251169729	16016	106
rice_rhizo	maaslin3_prev	rarefied	real_perm	11	2799	0	0	0	1.75517504405692	0.937059015088468	2112	106
rice_rhizo	maaslin3_prev	rarefied	real_perm	12	2909	0	0	0	1.70446403318563	0.964760970235329	2112	106
rice_rhizo	maaslin3_prev	rarefied	real_perm	13	2974	0	0	0	1.68429111440739	1.04160314038869	2112	106
rice_rhizo	maaslin3_prev	rarefied	real_perm	14	2838	0	0	0	1.69956161025738	0.88355191167584	2112	106
rice_rhizo	maaslin3_prev	rarefied	real_perm	15	2857	0	0	0	1.58892712359762	0.843146244023839	2112	106
rice_rhizo	maaslin3_prev	rarefied	real_perm	16	2941	0	0	0	1.63217686433487	1.10612003960698	2112	106
rice_rhizo	maaslin3_prev	rarefied	real_perm	17	2975	0	0	0	1.55931602728803	1.07312805526995	20321	106
rice_rhizo	maaslin3_prev	rarefied	real_perm	18	3000	0	0	0	1.69221930400525	0.939948906804685	2112	106
rice_rhizo	maaslin3_prev	rarefied	real_perm	19	2831	0	0	0	1.81884912832612	1.07799707602339	2112	106
rice_rhizo	maaslin3_prev	rarefied	real_perm	20	2886	0	0	0	1.55181283410499	0.976433410095645	2112	106
rice_rhizo	maaslin3_prev	rarefied	real_perm	21	2846	0	0	0	1.59648787023303	1.03560222491621	2112	106
rice_rhizo	maaslin3_prev	rarefied	real_perm	22	2902	0	0	0	1.65928160648628	0.919627749576988	2112	106
rice_rhizo	maaslin3_prev	rarefied	real_perm	23	2910	0	0	0	1.62034518337867	0.931312296648247	20321	106
rice_rhizo	maaslin3_prev	rarefied	real_perm	24	2880	0	0	0	1.60641631315079	1.03236603104534	2112	106
rice_rhizo	maaslin3_prev	rarefied	real_perm	25	2816	0	0	0	1.66549363671423	0.870635894505051	2112	106
rice_rhizo	maaslin3_prev	raw	real_depth	1	2818	91	0.0322924059616749	1	1.61417759352102	1.18550976978139	2112	106
rice_rhizo	maaslin3_prev	raw	real_depth	2	2830	13	0.00459363957597173	1	1.68429111440739	1.01386460154884	16016	106
rice_rhizo	maaslin3_prev	raw	real_depth	3	2921	17	0.00581992468332763	1	1.61287621417293	0.986324996920044	2112	106
rice_rhizo	maaslin3_prev	raw	real_depth	4	2972	58	0.0195154777927322	1	1.62859432450269	0.843518986928638	2112	106
rice_rhizo	maaslin3_prev	raw	real_depth	5	2991	48	0.0160481444332999	1	1.53847862792144	1.18120191941504	2112	106
rice_rhizo	maaslin3_prev	raw	real_depth	6	2890	8	0.0027681660899654	1	1.83312196153033	0.834972272375548	2112	106
rice_rhizo	maaslin3_prev	raw	real_depth	7	2856	2	0.000700280112044818	1	1.57278212501178	1.12749081060166	20321	106
rice_rhizo	maaslin3_prev	raw	real_depth	8	2912	23	0.00789835164835165	1	1.72647016603665	0.975434247447882	2112	106
rice_rhizo	maaslin3_prev	raw	real_depth	9	2883	92	0.0319112036073535	1	1.57808465006347	0.943232924580192	2112	106
rice_rhizo	maaslin3_prev	raw	real_depth	10	2802	24	0.00856531049250535	1	1.69095300628459	0.960568251169729	16016	106
rice_rhizo	maaslin3_prev	raw	real_depth	11	2799	10	0.00357270453733476	1	1.75517504405692	0.937059015088468	2112	106
rice_rhizo	maaslin3_prev	raw	real_depth	12	2909	43	0.0147817119284978	1	1.70446403318563	0.964760970235329	2112	106
rice_rhizo	maaslin3_prev	raw	real_depth	13	2974	48	0.0161398789509079	1	1.68429111440739	1.04160314038869	2112	106
rice_rhizo	maaslin3_prev	raw	real_depth	14	2838	15	0.00528541226215645	1	1.69956161025738	0.88355191167584	2112	106
rice_rhizo	maaslin3_prev	raw	real_depth	15	2857	20	0.00700035001750087	1	1.58892712359762	0.843146244023839	2112	106
rice_rhizo	maaslin3_prev	raw	real_depth	16	2941	8	0.00272016320979259	1	1.63217686433487	1.10612003960698	2112	106
rice_rhizo	maaslin3_prev	raw	real_depth	17	2975	33	0.0110924369747899	1	1.55931602728803	1.07312805526995	20321	106
rice_rhizo	maaslin3_prev	raw	real_depth	18	3000	135	0.045	1	1.69221930400525	0.939948906804685	2112	106
rice_rhizo	maaslin3_prev	raw	real_depth	19	2831	14	0.0049452490286118	1	1.81884912832612	1.07799707602339	2112	106
rice_rhizo	maaslin3_prev	raw	real_depth	20	2886	3	0.00103950103950104	1	1.55181283410499	0.976433410095645	2112	106
rice_rhizo	maaslin3_prev	raw	real_depth	21	2846	29	0.0101897399859452	1	1.59648787023303	1.03560222491621	2112	106
rice_rhizo	maaslin3_prev	raw	real_depth	22	2902	53	0.018263266712612	1	1.65928160648628	0.919627749576988	2112	106
rice_rhizo	maaslin3_prev	raw	real_depth	23	2910	4	0.0013745704467354	1	1.62034518337867	0.931312296648247	20321	106
rice_rhizo	maaslin3_prev	raw	real_depth	24	2880	8	0.00277777777777778	1	1.60641631315079	1.03236603104534	2112	106
rice_rhizo	maaslin3_prev	raw	real_depth	25	2816	36	0.0127840909090909	1	1.66549363671423	0.870635894505051	2112	106
rice_rhizo	maaslin3_prev	raw	real_perm	1	2818	0	0	0	1.61417759352102	1.18550976978139	2112	106
rice_rhizo	maaslin3_prev	raw	real_perm	2	2830	0	0	0	1.68429111440739	1.01386460154884	16016	106
rice_rhizo	maaslin3_prev	raw	real_perm	3	2921	0	0	0	1.61287621417293	0.986324996920044	2112	106
rice_rhizo	maaslin3_prev	raw	real_perm	4	2972	0	0	0	1.62859432450269	0.843518986928638	2112	106
rice_rhizo	maaslin3_prev	raw	real_perm	5	2991	0	0	0	1.53847862792144	1.18120191941504	2112	106
rice_rhizo	maaslin3_prev	raw	real_perm	6	2890	0	0	0	1.83312196153033	0.834972272375548	2112	106
rice_rhizo	maaslin3_prev	raw	real_perm	7	2856	0	0	0	1.57278212501178	1.12749081060166	20321	106
rice_rhizo	maaslin3_prev	raw	real_perm	8	2912	0	0	0	1.72647016603665	0.975434247447882	2112	106
rice_rhizo	maaslin3_prev	raw	real_perm	9	2883	0	0	0	1.57808465006347	0.943232924580192	2112	106
rice_rhizo	maaslin3_prev	raw	real_perm	10	2802	0	0	0	1.69095300628459	0.960568251169729	16016	106
rice_rhizo	maaslin3_prev	raw	real_perm	11	2799	0	0	0	1.75517504405692	0.937059015088468	2112	106
rice_rhizo	maaslin3_prev	raw	real_perm	12	2909	0	0	0	1.70446403318563	0.964760970235329	2112	106
rice_rhizo	maaslin3_prev	raw	real_perm	13	2974	0	0	0	1.68429111440739	1.04160314038869	2112	106
rice_rhizo	maaslin3_prev	raw	real_perm	14	2838	0	0	0	1.69956161025738	0.88355191167584	2112	106
rice_rhizo	maaslin3_prev	raw	real_perm	15	2857	0	0	0	1.58892712359762	0.843146244023839	2112	106
rice_rhizo	maaslin3_prev	raw	real_perm	16	2941	0	0	0	1.63217686433487	1.10612003960698	2112	106
rice_rhizo	maaslin3_prev	raw	real_perm	17	2975	0	0	0	1.55931602728803	1.07312805526995	20321	106
rice_rhizo	maaslin3_prev	raw	real_perm	18	3000	0	0	0	1.69221930400525	0.939948906804685	2112	106
rice_rhizo	maaslin3_prev	raw	real_perm	19	2831	0	0	0	1.81884912832612	1.07799707602339	2112	106
rice_rhizo	maaslin3_prev	raw	real_perm	20	2886	0	0	0	1.55181283410499	0.976433410095645	2112	106
rice_rhizo	maaslin3_prev	raw	real_perm	21	2846	0	0	0	1.59648787023303	1.03560222491621	2112	106
rice_rhizo	maaslin3_prev	raw	real_perm	22	2902	0	0	0	1.65928160648628	0.919627749576988	2112	106
rice_rhizo	maaslin3_prev	raw	real_perm	23	2910	0	0	0	1.62034518337867	0.931312296648247	20321	106
rice_rhizo	maaslin3_prev	raw	real_perm	24	2880	0	0	0	1.60641631315079	1.03236603104534	2112	106
rice_rhizo	maaslin3_prev	raw	real_perm	25	2816	0	0	0	1.66549363671423	0.870635894505051	2112	106
rice_rhizo	wilcoxon	boots	real_depth	1	2818	58	0.0205819730305181	1	1.61417759352102	1.18550976978139	2112	106
rice_rhizo	wilcoxon	boots	real_depth	2	2830	161	0.0568904593639576	1	1.68429111440739	1.01386460154884	16016	106
rice_rhizo	wilcoxon	boots	real_depth	3	2921	13	0.00445053064019172	1	1.61287621417293	0.986324996920044	2112	106
rice_rhizo	wilcoxon	boots	real_depth	4	2972	38	0.01278600269179	1	1.62859432450269	0.843518986928638	2112	106
rice_rhizo	wilcoxon	boots	real_depth	5	2991	11	0.00367769976596456	1	1.53847862792144	1.18120191941504	2112	106
rice_rhizo	wilcoxon	boots	real_depth	6	2890	2	0.00069204152249135	1	1.83312196153033	0.834972272375548	2112	106
rice_rhizo	wilcoxon	boots	real_depth	7	2856	35	0.0122549019607843	1	1.57278212501178	1.12749081060166	20321	106
rice_rhizo	wilcoxon	boots	real_depth	8	2912	7	0.00240384615384615	1	1.72647016603665	0.975434247447882	2112	106
rice_rhizo	wilcoxon	boots	real_depth	9	2883	56	0.0194242108914325	1	1.57808465006347	0.943232924580192	2112	106
rice_rhizo	wilcoxon	boots	real_depth	10	2802	175	0.0624553890078515	1	1.69095300628459	0.960568251169729	16016	106
rice_rhizo	wilcoxon	boots	real_depth	11	2799	6	0.00214362272240086	1	1.75517504405692	0.937059015088468	2112	106
rice_rhizo	wilcoxon	boots	real_depth	12	2909	10	0.00343760742523204	1	1.70446403318563	0.964760970235329	2112	106
rice_rhizo	wilcoxon	boots	real_depth	13	2974	20	0.00672494956287828	1	1.68429111440739	1.04160314038869	2112	106
rice_rhizo	wilcoxon	boots	real_depth	14	2838	3	0.00105708245243129	1	1.69956161025738	0.88355191167584	2112	106
rice_rhizo	wilcoxon	boots	real_depth	15	2857	4	0.00140007000350017	1	1.58892712359762	0.843146244023839	2112	106
rice_rhizo	wilcoxon	boots	real_depth	16	2941	4	0.00136008160489629	1	1.63217686433487	1.10612003960698	2112	106
rice_rhizo	wilcoxon	boots	real_depth	17	2975	183	0.0615126050420168	1	1.55931602728803	1.07312805526995	20321	106
rice_rhizo	wilcoxon	boots	real_depth	18	3000	61	0.0203333333333333	1	1.69221930400525	0.939948906804685	2112	106
rice_rhizo	wilcoxon	boots	real_depth	19	2831	24	0.00847756976333451	1	1.81884912832612	1.07799707602339	2112	106
rice_rhizo	wilcoxon	boots	real_depth	20	2886	2	0.000693000693000693	1	1.55181283410499	0.976433410095645	2112	106
rice_rhizo	wilcoxon	boots	real_depth	21	2846	12	0.00421644413211525	1	1.59648787023303	1.03560222491621	2112	106
rice_rhizo	wilcoxon	boots	real_depth	22	2902	25	0.00861474844934528	1	1.65928160648628	0.919627749576988	2112	106
rice_rhizo	wilcoxon	boots	real_depth	23	2910	105	0.0360824742268041	1	1.62034518337867	0.931312296648247	20321	106
rice_rhizo	wilcoxon	boots	real_depth	24	2880	3	0.00104166666666667	1	1.60641631315079	1.03236603104534	2112	106
rice_rhizo	wilcoxon	boots	real_depth	25	2816	14	0.00497159090909091	1	1.66549363671423	0.870635894505051	2112	106
rice_rhizo	wilcoxon	boots	real_perm	1	2818	0	0	0	1.61417759352102	1.18550976978139	2112	106
rice_rhizo	wilcoxon	boots	real_perm	2	2830	0	0	0	1.68429111440739	1.01386460154884	16016	106
rice_rhizo	wilcoxon	boots	real_perm	3	2921	0	0	0	1.61287621417293	0.986324996920044	2112	106
rice_rhizo	wilcoxon	boots	real_perm	4	2972	0	0	0	1.62859432450269	0.843518986928638	2112	106
rice_rhizo	wilcoxon	boots	real_perm	5	2991	0	0	0	1.53847862792144	1.18120191941504	2112	106
rice_rhizo	wilcoxon	boots	real_perm	6	2890	0	0	0	1.83312196153033	0.834972272375548	2112	106
rice_rhizo	wilcoxon	boots	real_perm	7	2856	0	0	0	1.57278212501178	1.12749081060166	20321	106
rice_rhizo	wilcoxon	boots	real_perm	8	2912	0	0	0	1.72647016603665	0.975434247447882	2112	106
rice_rhizo	wilcoxon	boots	real_perm	9	2883	0	0	0	1.57808465006347	0.943232924580192	2112	106
rice_rhizo	wilcoxon	boots	real_perm	10	2802	0	0	0	1.69095300628459	0.960568251169729	16016	106
rice_rhizo	wilcoxon	boots	real_perm	11	2799	0	0	0	1.75517504405692	0.937059015088468	2112	106
rice_rhizo	wilcoxon	boots	real_perm	12	2909	0	0	0	1.70446403318563	0.964760970235329	2112	106
rice_rhizo	wilcoxon	boots	real_perm	13	2974	0	0	0	1.68429111440739	1.04160314038869	2112	106
rice_rhizo	wilcoxon	boots	real_perm	14	2838	0	0	0	1.69956161025738	0.88355191167584	2112	106
rice_rhizo	wilcoxon	boots	real_perm	15	2857	0	0	0	1.58892712359762	0.843146244023839	2112	106
rice_rhizo	wilcoxon	boots	real_perm	16	2941	0	0	0	1.63217686433487	1.10612003960698	2112	106
rice_rhizo	wilcoxon	boots	real_perm	17	2975	0	0	0	1.55931602728803	1.07312805526995	20321	106
rice_rhizo	wilcoxon	boots	real_perm	18	3000	0	0	0	1.69221930400525	0.939948906804685	2112	106
rice_rhizo	wilcoxon	boots	real_perm	19	2831	0	0	0	1.81884912832612	1.07799707602339	2112	106
rice_rhizo	wilcoxon	boots	real_perm	20	2886	0	0	0	1.55181283410499	0.976433410095645	2112	106
rice_rhizo	wilcoxon	boots	real_perm	21	2846	0	0	0	1.59648787023303	1.03560222491621	2112	106
rice_rhizo	wilcoxon	boots	real_perm	22	2902	0	0	0	1.65928160648628	0.919627749576988	2112	106
rice_rhizo	wilcoxon	boots	real_perm	23	2910	0	0	0	1.62034518337867	0.931312296648247	20321	106
rice_rhizo	wilcoxon	boots	real_perm	24	2880	0	0	0	1.60641631315079	1.03236603104534	2112	106
rice_rhizo	wilcoxon	boots	real_perm	25	2816	0	0	0	1.66549363671423	0.870635894505051	2112	106
rice_rhizo	wilcoxon	boots@70	real_depth	1	2818	36	0.0127750177430802	1	1.61417759352102	1.18550976978139	2112	106
rice_rhizo	wilcoxon	boots@70	real_depth	2	2830	144	0.0508833922261484	1	1.68429111440739	1.01386460154884	16016	106
rice_rhizo	wilcoxon	boots@70	real_depth	3	2921	5	0.00171174255391989	1	1.61287621417293	0.986324996920044	2112	106
rice_rhizo	wilcoxon	boots@70	real_depth	4	2972	23	0.00773889636608345	1	1.62859432450269	0.843518986928638	2112	106
rice_rhizo	wilcoxon	boots@70	real_depth	5	2991	5	0.00167168171180207	1	1.53847862792144	1.18120191941504	2112	106
rice_rhizo	wilcoxon	boots@70	real_depth	6	2890	1	0.000346020761245675	1	1.83312196153033	0.834972272375548	2112	106
rice_rhizo	wilcoxon	boots@70	real_depth	7	2856	30	0.0105042016806723	1	1.57278212501178	1.12749081060166	20321	106
rice_rhizo	wilcoxon	boots@70	real_depth	8	2912	7	0.00240384615384615	1	1.72647016603665	0.975434247447882	2112	106
rice_rhizo	wilcoxon	boots@70	real_depth	9	2883	40	0.0138744363510232	1	1.57808465006347	0.943232924580192	2112	106
rice_rhizo	wilcoxon	boots@70	real_depth	10	2802	158	0.0563882940756602	1	1.69095300628459	0.960568251169729	16016	106
rice_rhizo	wilcoxon	boots@70	real_depth	11	2799	4	0.0014290818149339	1	1.75517504405692	0.937059015088468	2112	106
rice_rhizo	wilcoxon	boots@70	real_depth	12	2909	7	0.00240632519766243	1	1.70446403318563	0.964760970235329	2112	106
rice_rhizo	wilcoxon	boots@70	real_depth	13	2974	15	0.00504371217215871	1	1.68429111440739	1.04160314038869	2112	106
rice_rhizo	wilcoxon	boots@70	real_depth	14	2838	2	0.000704721634954193	1	1.69956161025738	0.88355191167584	2112	106
rice_rhizo	wilcoxon	boots@70	real_depth	15	2857	2	0.000700035001750087	1	1.58892712359762	0.843146244023839	2112	106
rice_rhizo	wilcoxon	boots@70	real_depth	16	2941	4	0.00136008160489629	1	1.63217686433487	1.10612003960698	2112	106
rice_rhizo	wilcoxon	boots@70	real_depth	17	2975	168	0.0564705882352941	1	1.55931602728803	1.07312805526995	20321	106
rice_rhizo	wilcoxon	boots@70	real_depth	18	3000	45	0.015	1	1.69221930400525	0.939948906804685	2112	106
rice_rhizo	wilcoxon	boots@70	real_depth	19	2831	17	0.00600494524902861	1	1.81884912832612	1.07799707602339	2112	106
rice_rhizo	wilcoxon	boots@70	real_depth	20	2886	2	0.000693000693000693	1	1.55181283410499	0.976433410095645	2112	106
rice_rhizo	wilcoxon	boots@70	real_depth	21	2846	6	0.00210822206605762	1	1.59648787023303	1.03560222491621	2112	106
rice_rhizo	wilcoxon	boots@70	real_depth	22	2902	18	0.0062026188835286	1	1.65928160648628	0.919627749576988	2112	106
rice_rhizo	wilcoxon	boots@70	real_depth	23	2910	99	0.034020618556701	1	1.62034518337867	0.931312296648247	20321	106
rice_rhizo	wilcoxon	boots@70	real_depth	24	2880	1	0.000347222222222222	1	1.60641631315079	1.03236603104534	2112	106
rice_rhizo	wilcoxon	boots@70	real_depth	25	2816	11	0.00390625	1	1.66549363671423	0.870635894505051	2112	106
rice_rhizo	wilcoxon	boots@70	real_perm	1	2818	0	0	0	1.61417759352102	1.18550976978139	2112	106
rice_rhizo	wilcoxon	boots@70	real_perm	2	2830	0	0	0	1.68429111440739	1.01386460154884	16016	106
rice_rhizo	wilcoxon	boots@70	real_perm	3	2921	0	0	0	1.61287621417293	0.986324996920044	2112	106
rice_rhizo	wilcoxon	boots@70	real_perm	4	2972	0	0	0	1.62859432450269	0.843518986928638	2112	106
rice_rhizo	wilcoxon	boots@70	real_perm	5	2991	0	0	0	1.53847862792144	1.18120191941504	2112	106
rice_rhizo	wilcoxon	boots@70	real_perm	6	2890	0	0	0	1.83312196153033	0.834972272375548	2112	106
rice_rhizo	wilcoxon	boots@70	real_perm	7	2856	0	0	0	1.57278212501178	1.12749081060166	20321	106
rice_rhizo	wilcoxon	boots@70	real_perm	8	2912	0	0	0	1.72647016603665	0.975434247447882	2112	106
rice_rhizo	wilcoxon	boots@70	real_perm	9	2883	0	0	0	1.57808465006347	0.943232924580192	2112	106
rice_rhizo	wilcoxon	boots@70	real_perm	10	2802	0	0	0	1.69095300628459	0.960568251169729	16016	106
rice_rhizo	wilcoxon	boots@70	real_perm	11	2799	0	0	0	1.75517504405692	0.937059015088468	2112	106
rice_rhizo	wilcoxon	boots@70	real_perm	12	2909	0	0	0	1.70446403318563	0.964760970235329	2112	106
rice_rhizo	wilcoxon	boots@70	real_perm	13	2974	0	0	0	1.68429111440739	1.04160314038869	2112	106
rice_rhizo	wilcoxon	boots@70	real_perm	14	2838	0	0	0	1.69956161025738	0.88355191167584	2112	106
rice_rhizo	wilcoxon	boots@70	real_perm	15	2857	0	0	0	1.58892712359762	0.843146244023839	2112	106
rice_rhizo	wilcoxon	boots@70	real_perm	16	2941	0	0	0	1.63217686433487	1.10612003960698	2112	106
rice_rhizo	wilcoxon	boots@70	real_perm	17	2975	0	0	0	1.55931602728803	1.07312805526995	20321	106
rice_rhizo	wilcoxon	boots@70	real_perm	18	3000	0	0	0	1.69221930400525	0.939948906804685	2112	106
rice_rhizo	wilcoxon	boots@70	real_perm	19	2831	0	0	0	1.81884912832612	1.07799707602339	2112	106
rice_rhizo	wilcoxon	boots@70	real_perm	20	2886	0	0	0	1.55181283410499	0.976433410095645	2112	106
rice_rhizo	wilcoxon	boots@70	real_perm	21	2846	0	0	0	1.59648787023303	1.03560222491621	2112	106
rice_rhizo	wilcoxon	boots@70	real_perm	22	2902	0	0	0	1.65928160648628	0.919627749576988	2112	106
rice_rhizo	wilcoxon	boots@70	real_perm	23	2910	0	0	0	1.62034518337867	0.931312296648247	20321	106
rice_rhizo	wilcoxon	boots@70	real_perm	24	2880	0	0	0	1.60641631315079	1.03236603104534	2112	106
rice_rhizo	wilcoxon	boots@70	real_perm	25	2816	0	0	0	1.66549363671423	0.870635894505051	2112	106
rice_rhizo	wilcoxon	boots@80	real_depth	1	2818	25	0.00887154009936125	1	1.61417759352102	1.18550976978139	2112	106
rice_rhizo	wilcoxon	boots@80	real_depth	2	2830	135	0.0477031802120141	1	1.68429111440739	1.01386460154884	16016	106
rice_rhizo	wilcoxon	boots@80	real_depth	3	2921	5	0.00171174255391989	1	1.61287621417293	0.986324996920044	2112	106
rice_rhizo	wilcoxon	boots@80	real_depth	4	2972	18	0.00605652759084791	1	1.62859432450269	0.843518986928638	2112	106
rice_rhizo	wilcoxon	boots@80	real_depth	5	2991	3	0.00100300902708124	1	1.53847862792144	1.18120191941504	2112	106
rice_rhizo	wilcoxon	boots@80	real_depth	6	2890	1	0.000346020761245675	1	1.83312196153033	0.834972272375548	2112	106
rice_rhizo	wilcoxon	boots@80	real_depth	7	2856	29	0.0101540616246499	1	1.57278212501178	1.12749081060166	20321	106
rice_rhizo	wilcoxon	boots@80	real_depth	8	2912	3	0.00103021978021978	1	1.72647016603665	0.975434247447882	2112	106
rice_rhizo	wilcoxon	boots@80	real_depth	9	2883	36	0.0124869927159209	1	1.57808465006347	0.943232924580192	2112	106
rice_rhizo	wilcoxon	boots@80	real_depth	10	2802	150	0.0535331905781585	1	1.69095300628459	0.960568251169729	16016	106
rice_rhizo	wilcoxon	boots@80	real_depth	11	2799	4	0.0014290818149339	1	1.75517504405692	0.937059015088468	2112	106
rice_rhizo	wilcoxon	boots@80	real_depth	12	2909	5	0.00171880371261602	1	1.70446403318563	0.964760970235329	2112	106
rice_rhizo	wilcoxon	boots@80	real_depth	13	2974	11	0.00369872225958305	1	1.68429111440739	1.04160314038869	2112	106
rice_rhizo	wilcoxon	boots@80	real_depth	14	2838	1	0.000352360817477097	1	1.69956161025738	0.88355191167584	2112	106
rice_rhizo	wilcoxon	boots@80	real_depth	15	2857	2	0.000700035001750087	1	1.58892712359762	0.843146244023839	2112	106
rice_rhizo	wilcoxon	boots@80	real_depth	16	2941	4	0.00136008160489629	1	1.63217686433487	1.10612003960698	2112	106
rice_rhizo	wilcoxon	boots@80	real_depth	17	2975	159	0.0534453781512605	1	1.55931602728803	1.07312805526995	20321	106
rice_rhizo	wilcoxon	boots@80	real_depth	18	3000	34	0.0113333333333333	1	1.69221930400525	0.939948906804685	2112	106
rice_rhizo	wilcoxon	boots@80	real_depth	19	2831	15	0.00529848110208407	1	1.81884912832612	1.07799707602339	2112	106
rice_rhizo	wilcoxon	boots@80	real_depth	20	2886	1	0.000346500346500347	1	1.55181283410499	0.976433410095645	2112	106
rice_rhizo	wilcoxon	boots@80	real_depth	21	2846	6	0.00210822206605762	1	1.59648787023303	1.03560222491621	2112	106
rice_rhizo	wilcoxon	boots@80	real_depth	22	2902	16	0.00551343900758098	1	1.65928160648628	0.919627749576988	2112	106
rice_rhizo	wilcoxon	boots@80	real_depth	23	2910	96	0.0329896907216495	1	1.62034518337867	0.931312296648247	20321	106
rice_rhizo	wilcoxon	boots@80	real_depth	24	2880	1	0.000347222222222222	1	1.60641631315079	1.03236603104534	2112	106
rice_rhizo	wilcoxon	boots@80	real_depth	25	2816	9	0.00319602272727273	1	1.66549363671423	0.870635894505051	2112	106
rice_rhizo	wilcoxon	boots@80	real_perm	1	2818	0	0	0	1.61417759352102	1.18550976978139	2112	106
rice_rhizo	wilcoxon	boots@80	real_perm	2	2830	0	0	0	1.68429111440739	1.01386460154884	16016	106
rice_rhizo	wilcoxon	boots@80	real_perm	3	2921	0	0	0	1.61287621417293	0.986324996920044	2112	106
rice_rhizo	wilcoxon	boots@80	real_perm	4	2972	0	0	0	1.62859432450269	0.843518986928638	2112	106
rice_rhizo	wilcoxon	boots@80	real_perm	5	2991	0	0	0	1.53847862792144	1.18120191941504	2112	106
rice_rhizo	wilcoxon	boots@80	real_perm	6	2890	0	0	0	1.83312196153033	0.834972272375548	2112	106
rice_rhizo	wilcoxon	boots@80	real_perm	7	2856	0	0	0	1.57278212501178	1.12749081060166	20321	106
rice_rhizo	wilcoxon	boots@80	real_perm	8	2912	0	0	0	1.72647016603665	0.975434247447882	2112	106
rice_rhizo	wilcoxon	boots@80	real_perm	9	2883	0	0	0	1.57808465006347	0.943232924580192	2112	106
rice_rhizo	wilcoxon	boots@80	real_perm	10	2802	0	0	0	1.69095300628459	0.960568251169729	16016	106
rice_rhizo	wilcoxon	boots@80	real_perm	11	2799	0	0	0	1.75517504405692	0.937059015088468	2112	106
rice_rhizo	wilcoxon	boots@80	real_perm	12	2909	0	0	0	1.70446403318563	0.964760970235329	2112	106
rice_rhizo	wilcoxon	boots@80	real_perm	13	2974	0	0	0	1.68429111440739	1.04160314038869	2112	106
rice_rhizo	wilcoxon	boots@80	real_perm	14	2838	0	0	0	1.69956161025738	0.88355191167584	2112	106
rice_rhizo	wilcoxon	boots@80	real_perm	15	2857	0	0	0	1.58892712359762	0.843146244023839	2112	106
rice_rhizo	wilcoxon	boots@80	real_perm	16	2941	0	0	0	1.63217686433487	1.10612003960698	2112	106
rice_rhizo	wilcoxon	boots@80	real_perm	17	2975	0	0	0	1.55931602728803	1.07312805526995	20321	106
rice_rhizo	wilcoxon	boots@80	real_perm	18	3000	0	0	0	1.69221930400525	0.939948906804685	2112	106
rice_rhizo	wilcoxon	boots@80	real_perm	19	2831	0	0	0	1.81884912832612	1.07799707602339	2112	106
rice_rhizo	wilcoxon	boots@80	real_perm	20	2886	0	0	0	1.55181283410499	0.976433410095645	2112	106
rice_rhizo	wilcoxon	boots@80	real_perm	21	2846	0	0	0	1.59648787023303	1.03560222491621	2112	106
rice_rhizo	wilcoxon	boots@80	real_perm	22	2902	0	0	0	1.65928160648628	0.919627749576988	2112	106
rice_rhizo	wilcoxon	boots@80	real_perm	23	2910	0	0	0	1.62034518337867	0.931312296648247	20321	106
rice_rhizo	wilcoxon	boots@80	real_perm	24	2880	0	0	0	1.60641631315079	1.03236603104534	2112	106
rice_rhizo	wilcoxon	boots@80	real_perm	25	2816	0	0	0	1.66549363671423	0.870635894505051	2112	106
rice_rhizo	wilcoxon	boots@90	real_depth	1	2818	22	0.0078069552874379	1	1.61417759352102	1.18550976978139	2112	106
rice_rhizo	wilcoxon	boots@90	real_depth	2	2830	123	0.0434628975265018	1	1.68429111440739	1.01386460154884	16016	106
rice_rhizo	wilcoxon	boots@90	real_depth	3	2921	5	0.00171174255391989	1	1.61287621417293	0.986324996920044	2112	106
rice_rhizo	wilcoxon	boots@90	real_depth	4	2972	15	0.00504710632570659	1	1.62859432450269	0.843518986928638	2112	106
rice_rhizo	wilcoxon	boots@90	real_depth	5	2991	2	0.000668672684720829	1	1.53847862792144	1.18120191941504	2112	106
rice_rhizo	wilcoxon	boots@90	real_depth	6	2890	0	0	0	1.83312196153033	0.834972272375548	2112	106
rice_rhizo	wilcoxon	boots@90	real_depth	7	2856	25	0.00875350140056022	1	1.57278212501178	1.12749081060166	20321	106
rice_rhizo	wilcoxon	boots@90	real_depth	8	2912	3	0.00103021978021978	1	1.72647016603665	0.975434247447882	2112	106
rice_rhizo	wilcoxon	boots@90	real_depth	9	2883	31	0.010752688172043	1	1.57808465006347	0.943232924580192	2112	106
rice_rhizo	wilcoxon	boots@90	real_depth	10	2802	132	0.0471092077087794	1	1.69095300628459	0.960568251169729	16016	106
rice_rhizo	wilcoxon	boots@90	real_depth	11	2799	3	0.00107181136120043	1	1.75517504405692	0.937059015088468	2112	106
rice_rhizo	wilcoxon	boots@90	real_depth	12	2909	4	0.00137504297009282	1	1.70446403318563	0.964760970235329	2112	106
rice_rhizo	wilcoxon	boots@90	real_depth	13	2974	5	0.00168123739071957	1	1.68429111440739	1.04160314038869	2112	106
rice_rhizo	wilcoxon	boots@90	real_depth	14	2838	1	0.000352360817477097	1	1.69956161025738	0.88355191167584	2112	106
rice_rhizo	wilcoxon	boots@90	real_depth	15	2857	1	0.000350017500875044	1	1.58892712359762	0.843146244023839	2112	106
rice_rhizo	wilcoxon	boots@90	real_depth	16	2941	2	0.000680040802448147	1	1.63217686433487	1.10612003960698	2112	106
rice_rhizo	wilcoxon	boots@90	real_depth	17	2975	147	0.0494117647058823	1	1.55931602728803	1.07312805526995	20321	106
rice_rhizo	wilcoxon	boots@90	real_depth	18	3000	31	0.0103333333333333	1	1.69221930400525	0.939948906804685	2112	106
rice_rhizo	wilcoxon	boots@90	real_depth	19	2831	13	0.00459201695513953	1	1.81884912832612	1.07799707602339	2112	106
rice_rhizo	wilcoxon	boots@90	real_depth	20	2886	1	0.000346500346500347	1	1.55181283410499	0.976433410095645	2112	106
rice_rhizo	wilcoxon	boots@90	real_depth	21	2846	6	0.00210822206605762	1	1.59648787023303	1.03560222491621	2112	106
rice_rhizo	wilcoxon	boots@90	real_depth	22	2902	13	0.00447966919365955	1	1.65928160648628	0.919627749576988	2112	106
rice_rhizo	wilcoxon	boots@90	real_depth	23	2910	88	0.0302405498281787	1	1.62034518337867	0.931312296648247	20321	106
rice_rhizo	wilcoxon	boots@90	real_depth	24	2880	1	0.000347222222222222	1	1.60641631315079	1.03236603104534	2112	106
rice_rhizo	wilcoxon	boots@90	real_depth	25	2816	8	0.00284090909090909	1	1.66549363671423	0.870635894505051	2112	106
rice_rhizo	wilcoxon	boots@90	real_perm	1	2818	0	0	0	1.61417759352102	1.18550976978139	2112	106
rice_rhizo	wilcoxon	boots@90	real_perm	2	2830	0	0	0	1.68429111440739	1.01386460154884	16016	106
rice_rhizo	wilcoxon	boots@90	real_perm	3	2921	0	0	0	1.61287621417293	0.986324996920044	2112	106
rice_rhizo	wilcoxon	boots@90	real_perm	4	2972	0	0	0	1.62859432450269	0.843518986928638	2112	106
rice_rhizo	wilcoxon	boots@90	real_perm	5	2991	0	0	0	1.53847862792144	1.18120191941504	2112	106
rice_rhizo	wilcoxon	boots@90	real_perm	6	2890	0	0	0	1.83312196153033	0.834972272375548	2112	106
rice_rhizo	wilcoxon	boots@90	real_perm	7	2856	0	0	0	1.57278212501178	1.12749081060166	20321	106
rice_rhizo	wilcoxon	boots@90	real_perm	8	2912	0	0	0	1.72647016603665	0.975434247447882	2112	106
rice_rhizo	wilcoxon	boots@90	real_perm	9	2883	0	0	0	1.57808465006347	0.943232924580192	2112	106
rice_rhizo	wilcoxon	boots@90	real_perm	10	2802	0	0	0	1.69095300628459	0.960568251169729	16016	106
rice_rhizo	wilcoxon	boots@90	real_perm	11	2799	0	0	0	1.75517504405692	0.937059015088468	2112	106
rice_rhizo	wilcoxon	boots@90	real_perm	12	2909	0	0	0	1.70446403318563	0.964760970235329	2112	106
rice_rhizo	wilcoxon	boots@90	real_perm	13	2974	0	0	0	1.68429111440739	1.04160314038869	2112	106
rice_rhizo	wilcoxon	boots@90	real_perm	14	2838	0	0	0	1.69956161025738	0.88355191167584	2112	106
rice_rhizo	wilcoxon	boots@90	real_perm	15	2857	0	0	0	1.58892712359762	0.843146244023839	2112	106
rice_rhizo	wilcoxon	boots@90	real_perm	16	2941	0	0	0	1.63217686433487	1.10612003960698	2112	106
rice_rhizo	wilcoxon	boots@90	real_perm	17	2975	0	0	0	1.55931602728803	1.07312805526995	20321	106
rice_rhizo	wilcoxon	boots@90	real_perm	18	3000	0	0	0	1.69221930400525	0.939948906804685	2112	106
rice_rhizo	wilcoxon	boots@90	real_perm	19	2831	0	0	0	1.81884912832612	1.07799707602339	2112	106
rice_rhizo	wilcoxon	boots@90	real_perm	20	2886	0	0	0	1.55181283410499	0.976433410095645	2112	106
rice_rhizo	wilcoxon	boots@90	real_perm	21	2846	0	0	0	1.59648787023303	1.03560222491621	2112	106
rice_rhizo	wilcoxon	boots@90	real_perm	22	2902	0	0	0	1.65928160648628	0.919627749576988	2112	106
rice_rhizo	wilcoxon	boots@90	real_perm	23	2910	0	0	0	1.62034518337867	0.931312296648247	20321	106
rice_rhizo	wilcoxon	boots@90	real_perm	24	2880	0	0	0	1.60641631315079	1.03236603104534	2112	106
rice_rhizo	wilcoxon	boots@90	real_perm	25	2816	0	0	0	1.66549363671423	0.870635894505051	2112	106
rice_rhizo	wilcoxon	rarefied	real_depth	1	2818	70	0.0248403122782115	1	1.61417759352102	1.18550976978139	2112	106
rice_rhizo	wilcoxon	rarefied	real_depth	2	2830	150	0.0530035335689046	1	1.68429111440739	1.01386460154884	16016	106
rice_rhizo	wilcoxon	rarefied	real_depth	3	2921	12	0.00410818212940774	1	1.61287621417293	0.986324996920044	2112	106
rice_rhizo	wilcoxon	rarefied	real_depth	4	2972	45	0.0151413189771198	1	1.62859432450269	0.843518986928638	2112	106
rice_rhizo	wilcoxon	rarefied	real_depth	5	2991	16	0.00534938147776663	1	1.53847862792144	1.18120191941504	2112	106
rice_rhizo	wilcoxon	rarefied	real_depth	6	2890	1	0.000346020761245675	1	1.83312196153033	0.834972272375548	2112	106
rice_rhizo	wilcoxon	rarefied	real_depth	7	2856	35	0.0122549019607843	1	1.57278212501178	1.12749081060166	20321	106
rice_rhizo	wilcoxon	rarefied	real_depth	8	2912	20	0.00686813186813187	1	1.72647016603665	0.975434247447882	2112	106
rice_rhizo	wilcoxon	rarefied	real_depth	9	2883	68	0.0235865417967395	1	1.57808465006347	0.943232924580192	2112	106
rice_rhizo	wilcoxon	rarefied	real_depth	10	2802	181	0.0645967166309779	1	1.69095300628459	0.960568251169729	16016	106
rice_rhizo	wilcoxon	rarefied	real_depth	11	2799	6	0.00214362272240086	1	1.75517504405692	0.937059015088468	2112	106
rice_rhizo	wilcoxon	rarefied	real_depth	12	2909	6	0.00206256445513922	1	1.70446403318563	0.964760970235329	2112	106
rice_rhizo	wilcoxon	rarefied	real_depth	13	2974	34	0.0114324142568931	1	1.68429111440739	1.04160314038869	2112	106
rice_rhizo	wilcoxon	rarefied	real_depth	14	2838	4	0.00140944326990839	1	1.69956161025738	0.88355191167584	2112	106
rice_rhizo	wilcoxon	rarefied	real_depth	15	2857	2	0.000700035001750087	1	1.58892712359762	0.843146244023839	2112	106
rice_rhizo	wilcoxon	rarefied	real_depth	16	2941	21	0.00714042842570554	1	1.63217686433487	1.10612003960698	2112	106
rice_rhizo	wilcoxon	rarefied	real_depth	17	2975	175	0.0588235294117647	1	1.55931602728803	1.07312805526995	20321	106
rice_rhizo	wilcoxon	rarefied	real_depth	18	3000	65	0.0216666666666667	1	1.69221930400525	0.939948906804685	2112	106
rice_rhizo	wilcoxon	rarefied	real_depth	19	2831	35	0.0123631225715295	1	1.81884912832612	1.07799707602339	2112	106
rice_rhizo	wilcoxon	rarefied	real_depth	20	2886	2	0.000693000693000693	1	1.55181283410499	0.976433410095645	2112	106
rice_rhizo	wilcoxon	rarefied	real_depth	21	2846	11	0.00386507378777231	1	1.59648787023303	1.03560222491621	2112	106
rice_rhizo	wilcoxon	rarefied	real_depth	22	2902	44	0.0151619572708477	1	1.65928160648628	0.919627749576988	2112	106
rice_rhizo	wilcoxon	rarefied	real_depth	23	2910	102	0.0350515463917526	1	1.62034518337867	0.931312296648247	20321	106
rice_rhizo	wilcoxon	rarefied	real_depth	24	2880	2	0.000694444444444444	1	1.60641631315079	1.03236603104534	2112	106
rice_rhizo	wilcoxon	rarefied	real_depth	25	2816	22	0.0078125	1	1.66549363671423	0.870635894505051	2112	106
rice_rhizo	wilcoxon	rarefied	real_perm	1	2818	0	0	0	1.61417759352102	1.18550976978139	2112	106
rice_rhizo	wilcoxon	rarefied	real_perm	2	2830	0	0	0	1.68429111440739	1.01386460154884	16016	106
rice_rhizo	wilcoxon	rarefied	real_perm	3	2921	0	0	0	1.61287621417293	0.986324996920044	2112	106
rice_rhizo	wilcoxon	rarefied	real_perm	4	2972	0	0	0	1.62859432450269	0.843518986928638	2112	106
rice_rhizo	wilcoxon	rarefied	real_perm	5	2991	0	0	0	1.53847862792144	1.18120191941504	2112	106
rice_rhizo	wilcoxon	rarefied	real_perm	6	2890	0	0	0	1.83312196153033	0.834972272375548	2112	106
rice_rhizo	wilcoxon	rarefied	real_perm	7	2856	0	0	0	1.57278212501178	1.12749081060166	20321	106
rice_rhizo	wilcoxon	rarefied	real_perm	8	2912	0	0	0	1.72647016603665	0.975434247447882	2112	106
rice_rhizo	wilcoxon	rarefied	real_perm	9	2883	0	0	0	1.57808465006347	0.943232924580192	2112	106
rice_rhizo	wilcoxon	rarefied	real_perm	10	2802	0	0	0	1.69095300628459	0.960568251169729	16016	106
rice_rhizo	wilcoxon	rarefied	real_perm	11	2799	0	0	0	1.75517504405692	0.937059015088468	2112	106
rice_rhizo	wilcoxon	rarefied	real_perm	12	2909	0	0	0	1.70446403318563	0.964760970235329	2112	106
rice_rhizo	wilcoxon	rarefied	real_perm	13	2974	0	0	0	1.68429111440739	1.04160314038869	2112	106
rice_rhizo	wilcoxon	rarefied	real_perm	14	2838	0	0	0	1.69956161025738	0.88355191167584	2112	106
rice_rhizo	wilcoxon	rarefied	real_perm	15	2857	0	0	0	1.58892712359762	0.843146244023839	2112	106
rice_rhizo	wilcoxon	rarefied	real_perm	16	2941	0	0	0	1.63217686433487	1.10612003960698	2112	106
rice_rhizo	wilcoxon	rarefied	real_perm	17	2975	0	0	0	1.55931602728803	1.07312805526995	20321	106
rice_rhizo	wilcoxon	rarefied	real_perm	18	3000	0	0	0	1.69221930400525	0.939948906804685	2112	106
rice_rhizo	wilcoxon	rarefied	real_perm	19	2831	0	0	0	1.81884912832612	1.07799707602339	2112	106
rice_rhizo	wilcoxon	rarefied	real_perm	20	2886	0	0	0	1.55181283410499	0.976433410095645	2112	106
rice_rhizo	wilcoxon	rarefied	real_perm	21	2846	0	0	0	1.59648787023303	1.03560222491621	2112	106
rice_rhizo	wilcoxon	rarefied	real_perm	22	2902	0	0	0	1.65928160648628	0.919627749576988	2112	106
rice_rhizo	wilcoxon	rarefied	real_perm	23	2910	0	0	0	1.62034518337867	0.931312296648247	20321	106
rice_rhizo	wilcoxon	rarefied	real_perm	24	2880	0	0	0	1.60641631315079	1.03236603104534	2112	106
rice_rhizo	wilcoxon	rarefied	real_perm	25	2816	0	0	0	1.66549363671423	0.870635894505051	2112	106
rice_rhizo	wilcoxon	raw	real_depth	1	2818	488	0.173172462739532	1	1.61417759352102	1.18550976978139	2112	106
rice_rhizo	wilcoxon	raw	real_depth	2	2830	188	0.0664310954063604	1	1.68429111440739	1.01386460154884	16016	106
rice_rhizo	wilcoxon	raw	real_depth	3	2921	206	0.0705237932214995	1	1.61287621417293	0.986324996920044	2112	106
rice_rhizo	wilcoxon	raw	real_depth	4	2972	486	0.163526244952894	1	1.62859432450269	0.843518986928638	2112	106
rice_rhizo	wilcoxon	raw	real_depth	5	2991	208	0.0695419592109662	1	1.53847862792144	1.18120191941504	2112	106
rice_rhizo	wilcoxon	raw	real_depth	6	2890	74	0.0256055363321799	1	1.83312196153033	0.834972272375548	2112	106
rice_rhizo	wilcoxon	raw	real_depth	7	2856	52	0.0182072829131653	1	1.57278212501178	1.12749081060166	20321	106
rice_rhizo	wilcoxon	raw	real_depth	8	2912	106	0.0364010989010989	1	1.72647016603665	0.975434247447882	2112	106
rice_rhizo	wilcoxon	raw	real_depth	9	2883	559	0.19389524800555	1	1.57808465006347	0.943232924580192	2112	106
rice_rhizo	wilcoxon	raw	real_depth	10	2802	226	0.0806566738044254	1	1.69095300628459	0.960568251169729	16016	106
rice_rhizo	wilcoxon	raw	real_depth	11	2799	103	0.036798856734548	1	1.75517504405692	0.937059015088468	2112	106
rice_rhizo	wilcoxon	raw	real_depth	12	2909	235	0.0807837744929529	1	1.70446403318563	0.964760970235329	2112	106
rice_rhizo	wilcoxon	raw	real_depth	13	2974	363	0.122057834566241	1	1.68429111440739	1.04160314038869	2112	106
rice_rhizo	wilcoxon	raw	real_depth	14	2838	68	0.0239605355884426	1	1.69956161025738	0.88355191167584	2112	106
rice_rhizo	wilcoxon	raw	real_depth	15	2857	58	0.0203010150507525	1	1.58892712359762	0.843146244023839	2112	106
rice_rhizo	wilcoxon	raw	real_depth	16	2941	113	0.0384223053383203	1	1.63217686433487	1.10612003960698	2112	106
rice_rhizo	wilcoxon	raw	real_depth	17	2975	223	0.0749579831932773	1	1.55931602728803	1.07312805526995	20321	106
rice_rhizo	wilcoxon	raw	real_depth	18	3000	525	0.175	1	1.69221930400525	0.939948906804685	2112	106
rice_rhizo	wilcoxon	raw	real_depth	19	2831	120	0.0423878488166726	1	1.81884912832612	1.07799707602339	2112	106
rice_rhizo	wilcoxon	raw	real_depth	20	2886	46	0.0159390159390159	1	1.55181283410499	0.976433410095645	2112	106
rice_rhizo	wilcoxon	raw	real_depth	21	2846	238	0.0836261419536191	1	1.59648787023303	1.03560222491621	2112	106
rice_rhizo	wilcoxon	raw	real_depth	22	2902	371	0.127842866988284	1	1.65928160648628	0.919627749576988	2112	106
rice_rhizo	wilcoxon	raw	real_depth	23	2910	151	0.0518900343642612	1	1.62034518337867	0.931312296648247	20321	106
rice_rhizo	wilcoxon	raw	real_depth	24	2880	51	0.0177083333333333	1	1.60641631315079	1.03236603104534	2112	106
rice_rhizo	wilcoxon	raw	real_depth	25	2816	236	0.0838068181818182	1	1.66549363671423	0.870635894505051	2112	106
rice_rhizo	wilcoxon	raw	real_perm	1	2818	0	0	0	1.61417759352102	1.18550976978139	2112	106
rice_rhizo	wilcoxon	raw	real_perm	2	2830	0	0	0	1.68429111440739	1.01386460154884	16016	106
rice_rhizo	wilcoxon	raw	real_perm	3	2921	0	0	0	1.61287621417293	0.986324996920044	2112	106
rice_rhizo	wilcoxon	raw	real_perm	4	2972	0	0	0	1.62859432450269	0.843518986928638	2112	106
rice_rhizo	wilcoxon	raw	real_perm	5	2991	0	0	0	1.53847862792144	1.18120191941504	2112	106
rice_rhizo	wilcoxon	raw	real_perm	6	2890	0	0	0	1.83312196153033	0.834972272375548	2112	106
rice_rhizo	wilcoxon	raw	real_perm	7	2856	0	0	0	1.57278212501178	1.12749081060166	20321	106
rice_rhizo	wilcoxon	raw	real_perm	8	2912	0	0	0	1.72647016603665	0.975434247447882	2112	106
rice_rhizo	wilcoxon	raw	real_perm	9	2883	0	0	0	1.57808465006347	0.943232924580192	2112	106
rice_rhizo	wilcoxon	raw	real_perm	10	2802	0	0	0	1.69095300628459	0.960568251169729	16016	106
rice_rhizo	wilcoxon	raw	real_perm	11	2799	0	0	0	1.75517504405692	0.937059015088468	2112	106
rice_rhizo	wilcoxon	raw	real_perm	12	2909	0	0	0	1.70446403318563	0.964760970235329	2112	106
rice_rhizo	wilcoxon	raw	real_perm	13	2974	0	0	0	1.68429111440739	1.04160314038869	2112	106
rice_rhizo	wilcoxon	raw	real_perm	14	2838	0	0	0	1.69956161025738	0.88355191167584	2112	106
rice_rhizo	wilcoxon	raw	real_perm	15	2857	0	0	0	1.58892712359762	0.843146244023839	2112	106
rice_rhizo	wilcoxon	raw	real_perm	16	2941	0	0	0	1.63217686433487	1.10612003960698	2112	106
rice_rhizo	wilcoxon	raw	real_perm	17	2975	0	0	0	1.55931602728803	1.07312805526995	20321	106
rice_rhizo	wilcoxon	raw	real_perm	18	3000	0	0	0	1.69221930400525	0.939948906804685	2112	106
rice_rhizo	wilcoxon	raw	real_perm	19	2831	0	0	0	1.81884912832612	1.07799707602339	2112	106
rice_rhizo	wilcoxon	raw	real_perm	20	2886	0	0	0	1.55181283410499	0.976433410095645	2112	106
rice_rhizo	wilcoxon	raw	real_perm	21	2846	0	0	0	1.59648787023303	1.03560222491621	2112	106
rice_rhizo	wilcoxon	raw	real_perm	22	2902	0	0	0	1.65928160648628	0.919627749576988	2112	106
rice_rhizo	wilcoxon	raw	real_perm	23	2910	0	0	0	1.62034518337867	0.931312296648247	20321	106
rice_rhizo	wilcoxon	raw	real_perm	24	2880	1	0.000347222222222222	1	1.60641631315079	1.03236603104534	2112	106
rice_rhizo	wilcoxon	raw	real_perm	25	2816	0	0	0	1.66549363671423	0.870635894505051	2112	106
rice_strat	ancombc2	boots	real_depth	1	2782	1951	0.701294033069734	1	1.6392285832881	0.974387758351645	2112	394
rice_strat	ancombc2	boots	real_depth	2	2813	1899	0.675079985780306	1	1.64130735949189	0.97252562791315	2112	394
rice_strat	ancombc2	boots	real_depth	3	2781	1874	0.673858324343761	1	1.60775116994814	1.00771245634459	2112	394
rice_strat	ancombc2	boots	real_depth	4	2815	1932	0.686323268206039	1	1.65524654895324	0.918625540466476	2112	394
rice_strat	ancombc2	boots	real_depth	5	2808	1825	0.649928774928775	1	1.61884801468135	1.05856209150327	10382	394
rice_strat	ancombc2	boots	real_depth	6	2834	1882	0.664079040225829	1	1.62270083320233	1.00623179408815	10382	394
rice_strat	ancombc2	boots	real_depth	7	2791	1716	0.614833393049086	1	1.5892973290531	1.03148518896833	16016	394
rice_strat	ancombc2	boots	real_depth	8	2748	1836	0.668122270742358	1	1.66095956251469	1.1162002426036	2112	394
rice_strat	ancombc2	boots	real_depth	9	2862	1906	0.6659678546471	1	1.59581610767461	1.09072076103349	2112	394
rice_strat	ancombc2	boots	real_depth	10	2729	1832	0.671308171491389	1	1.60265367604641	0.958762968305422	10382	394
rice_strat	ancombc2	boots	real_depth	11	2747	1864	0.678558427375319	1	1.63640441757631	0.989252501850243	2112	394
rice_strat	ancombc2	boots	real_depth	12	2812	1897	0.674608819345661	1	1.62373832165499	0.963829326402426	2112	394
rice_strat	ancombc2	boots	real_depth	13	2791	1845	0.661053385883196	1	1.60404548551066	1.04824706366033	10382	394
rice_strat	ancombc2	boots	real_depth	14	2787	1859	0.6670254754216	1	1.58361574214938	1.03562781612403	2112	394
rice_strat	ancombc2	boots	real_depth	15	2766	1904	0.688358640636298	1	1.62118885488261	1.02390863313423	2112	394
rice_strat	ancombc2	boots	real_depth	16	2803	1871	0.667499108098466	1	1.60688692805657	0.998401189515001	2112	394
rice_strat	ancombc2	boots	real_depth	17	2850	1971	0.691578947368421	1	1.65239418031653	1.02409940499289	2112	394
rice_strat	ancombc2	boots	real_depth	18	2846	1827	0.641953619114547	1	1.58774825761149	1.00674411969822	14853	394
rice_strat	ancombc2	boots	real_depth	19	2755	1913	0.69437386569873	1	1.66142466634507	0.974545249306586	2112	394
rice_strat	ancombc2	boots	real_depth	20	2824	1936	0.685552407932011	1	1.6059496996997	0.924009047824214	10382	394
rice_strat	ancombc2	boots	real_depth	21	2804	1890	0.674037089871612	1	1.56135305679115	0.9539840699188	2112	394
rice_strat	ancombc2	boots	real_depth	22	2780	1952	0.702158273381295	1	1.62347669678683	1.01837130822078	2112	394
rice_strat	ancombc2	boots	real_depth	23	2838	1893	0.667019027484144	1	1.62841644720966	0.955640848172151	10382	394
rice_strat	ancombc2	boots	real_depth	24	2794	1934	0.692197566213314	1	1.60257424094229	1.0104238112708	2112	394
rice_strat	ancombc2	boots	real_depth	25	2777	1887	0.679510262873605	1	1.59612627789927	1.10103369194968	2112	394
rice_strat	ancombc2	boots	real_perm	1	2782	1639	0.589144500359454	1	1.6392285832881	0.974387758351645	2112	394
rice_strat	ancombc2	boots	real_perm	2	2813	1704	0.605758976182012	1	1.64130735949189	0.97252562791315	2112	394
rice_strat	ancombc2	boots	real_perm	3	2781	1600	0.575332614167566	1	1.60775116994814	1.00771245634459	2112	394
rice_strat	ancombc2	boots	real_perm	4	2815	1741	0.618472468916519	1	1.65524654895324	0.918625540466476	2112	394
rice_strat	ancombc2	boots	real_perm	5	2808	1532	0.545584045584046	1	1.61884801468135	1.05856209150327	10382	394
rice_strat	ancombc2	boots	real_perm	6	2834	1501	0.529640084685956	1	1.62270083320233	1.00623179408815	10382	394
rice_strat	ancombc2	boots	real_perm	7	2791	1414	0.506628448584737	1	1.5892973290531	1.03148518896833	16016	394
rice_strat	ancombc2	boots	real_perm	8	2748	1603	0.583333333333333	1	1.66095956251469	1.1162002426036	2112	394
rice_strat	ancombc2	boots	real_perm	9	2862	1656	0.578616352201258	1	1.59581610767461	1.09072076103349	2112	394
rice_strat	ancombc2	boots	real_perm	10	2729	1429	0.52363503114694	1	1.60265367604641	0.958762968305422	10382	394
rice_strat	ancombc2	boots	real_perm	11	2747	1606	0.584637786676374	1	1.63640441757631	0.989252501850243	2112	394
rice_strat	ancombc2	boots	real_perm	12	2812	1629	0.579302987197724	1	1.62373832165499	0.963829326402426	2112	394
rice_strat	ancombc2	boots	real_perm	13	2791	1529	0.547832318165532	1	1.60404548551066	1.04824706366033	10382	394
rice_strat	ancombc2	boots	real_perm	14	2787	1599	0.573735199138859	1	1.58361574214938	1.03562781612403	2112	394
rice_strat	ancombc2	boots	real_perm	15	2766	1604	0.579898770788142	1	1.62118885488261	1.02390863313423	2112	394
rice_strat	ancombc2	boots	real_perm	16	2803	1556	0.555119514805565	1	1.60688692805657	0.998401189515001	2112	394
rice_strat	ancombc2	boots	real_perm	17	2850	1712	0.600701754385965	1	1.65239418031653	1.02409940499289	2112	394
rice_strat	ancombc2	boots	real_perm	18	2846	1654	0.581166549543219	1	1.58774825761149	1.00674411969822	14853	394
rice_strat	ancombc2	boots	real_perm	19	2755	1563	0.567332123411978	1	1.66142466634507	0.974545249306586	2112	394
rice_strat	ancombc2	boots	real_perm	20	2824	1544	0.546742209631728	1	1.6059496996997	0.924009047824214	10382	394
rice_strat	ancombc2	boots	real_perm	21	2804	1643	0.585948644793153	1	1.56135305679115	0.9539840699188	2112	394
rice_strat	ancombc2	boots	real_perm	22	2780	1618	0.582014388489209	1	1.62347669678683	1.01837130822078	2112	394
rice_strat	ancombc2	boots	real_perm	23	2838	1415	0.498590556730092	1	1.62841644720966	0.955640848172151	10382	394
rice_strat	ancombc2	boots	real_perm	24	2794	1690	0.60486757337151	1	1.60257424094229	1.0104238112708	2112	394
rice_strat	ancombc2	boots	real_perm	25	2777	1594	0.574000720201656	1	1.59612627789927	1.10103369194968	2112	394
rice_strat	ancombc2	boots@70	real_depth	1	2782	1070	0.384615384615385	1	1.6392285832881	0.974387758351645	2112	394
rice_strat	ancombc2	boots@70	real_depth	2	2813	989	0.351581940988269	1	1.64130735949189	0.97252562791315	2112	394
rice_strat	ancombc2	boots@70	real_depth	3	2781	962	0.345918734268249	1	1.60775116994814	1.00771245634459	2112	394
rice_strat	ancombc2	boots@70	real_depth	4	2815	1026	0.364476021314387	1	1.65524654895324	0.918625540466476	2112	394
rice_strat	ancombc2	boots@70	real_depth	5	2808	1233	0.439102564102564	1	1.61884801468135	1.05856209150327	10382	394
rice_strat	ancombc2	boots@70	real_depth	6	2834	1327	0.468242766407904	1	1.62270083320233	1.00623179408815	10382	394
rice_strat	ancombc2	boots@70	real_depth	7	2791	1276	0.457183805087782	1	1.5892973290531	1.03148518896833	16016	394
rice_strat	ancombc2	boots@70	real_depth	8	2748	935	0.340247452692868	1	1.66095956251469	1.1162002426036	2112	394
rice_strat	ancombc2	boots@70	real_depth	9	2862	1016	0.354996505939902	1	1.59581610767461	1.09072076103349	2112	394
rice_strat	ancombc2	boots@70	real_depth	10	2729	1266	0.463906192744595	1	1.60265367604641	0.958762968305422	10382	394
rice_strat	ancombc2	boots@70	real_depth	11	2747	971	0.353476519839825	1	1.63640441757631	0.989252501850243	2112	394
rice_strat	ancombc2	boots@70	real_depth	12	2812	911	0.323968705547653	1	1.62373832165499	0.963829326402426	2112	394
rice_strat	ancombc2	boots@70	real_depth	13	2791	1257	0.450376209243999	1	1.60404548551066	1.04824706366033	10382	394
rice_strat	ancombc2	boots@70	real_depth	14	2787	942	0.33799784714747	1	1.58361574214938	1.03562781612403	2112	394
rice_strat	ancombc2	boots@70	real_depth	15	2766	1007	0.364063629790311	1	1.62118885488261	1.02390863313423	2112	394
rice_strat	ancombc2	boots@70	real_depth	16	2803	936	0.333927934356047	1	1.60688692805657	0.998401189515001	2112	394
rice_strat	ancombc2	boots@70	real_depth	17	2850	997	0.349824561403509	1	1.65239418031653	1.02409940499289	2112	394
rice_strat	ancombc2	boots@70	real_depth	18	2846	1350	0.474349964862966	1	1.58774825761149	1.00674411969822	14853	394
rice_strat	ancombc2	boots@70	real_depth	19	2755	997	0.361887477313975	1	1.66142466634507	0.974545249306586	2112	394
rice_strat	ancombc2	boots@70	real_depth	20	2824	1344	0.475920679886686	1	1.6059496996997	0.924009047824214	10382	394
rice_strat	ancombc2	boots@70	real_depth	21	2804	941	0.335592011412268	1	1.56135305679115	0.9539840699188	2112	394
rice_strat	ancombc2	boots@70	real_depth	22	2780	1062	0.382014388489209	1	1.62347669678683	1.01837130822078	2112	394
rice_strat	ancombc2	boots@70	real_depth	23	2838	1246	0.439041578576462	1	1.62841644720966	0.955640848172151	10382	394
rice_strat	ancombc2	boots@70	real_depth	24	2794	990	0.354330708661417	1	1.60257424094229	1.0104238112708	2112	394
rice_strat	ancombc2	boots@70	real_depth	25	2777	923	0.332373064458048	1	1.59612627789927	1.10103369194968	2112	394
rice_strat	ancombc2	boots@70	real_perm	1	2782	656	0.235801581595974	1	1.6392285832881	0.974387758351645	2112	394
rice_strat	ancombc2	boots@70	real_perm	2	2813	664	0.236046924991113	1	1.64130735949189	0.97252562791315	2112	394
rice_strat	ancombc2	boots@70	real_perm	3	2781	655	0.235526788924847	1	1.60775116994814	1.00771245634459	2112	394
rice_strat	ancombc2	boots@70	real_perm	4	2815	744	0.264298401420959	1	1.65524654895324	0.918625540466476	2112	394
rice_strat	ancombc2	boots@70	real_perm	5	2808	875	0.311609686609687	1	1.61884801468135	1.05856209150327	10382	394
rice_strat	ancombc2	boots@70	real_perm	6	2834	865	0.305222300635145	1	1.62270083320233	1.00623179408815	10382	394
rice_strat	ancombc2	boots@70	real_perm	7	2791	927	0.33213901827302	1	1.5892973290531	1.03148518896833	16016	394
rice_strat	ancombc2	boots@70	real_perm	8	2748	622	0.226346433770015	1	1.66095956251469	1.1162002426036	2112	394
rice_strat	ancombc2	boots@70	real_perm	9	2862	670	0.234102026554857	1	1.59581610767461	1.09072076103349	2112	394
rice_strat	ancombc2	boots@70	real_perm	10	2729	820	0.300476364968853	1	1.60265367604641	0.958762968305422	10382	394
rice_strat	ancombc2	boots@70	real_perm	11	2747	626	0.227884965416818	1	1.63640441757631	0.989252501850243	2112	394
rice_strat	ancombc2	boots@70	real_perm	12	2812	644	0.229018492176387	1	1.62373832165499	0.963829326402426	2112	394
rice_strat	ancombc2	boots@70	real_perm	13	2791	861	0.308491580078825	1	1.60404548551066	1.04824706366033	10382	394
rice_strat	ancombc2	boots@70	real_perm	14	2787	646	0.231790455687119	1	1.58361574214938	1.03562781612403	2112	394
rice_strat	ancombc2	boots@70	real_perm	15	2766	635	0.229573391178597	1	1.62118885488261	1.02390863313423	2112	394
rice_strat	ancombc2	boots@70	real_perm	16	2803	602	0.21476988940421	1	1.60688692805657	0.998401189515001	2112	394
rice_strat	ancombc2	boots@70	real_perm	17	2850	691	0.242456140350877	1	1.65239418031653	1.02409940499289	2112	394
rice_strat	ancombc2	boots@70	real_perm	18	2846	1062	0.3731553056922	1	1.58774825761149	1.00674411969822	14853	394
rice_strat	ancombc2	boots@70	real_perm	19	2755	620	0.225045372050817	1	1.66142466634507	0.974545249306586	2112	394
rice_strat	ancombc2	boots@70	real_perm	20	2824	854	0.302407932011331	1	1.6059496996997	0.924009047824214	10382	394
rice_strat	ancombc2	boots@70	real_perm	21	2804	626	0.223252496433666	1	1.56135305679115	0.9539840699188	2112	394
rice_strat	ancombc2	boots@70	real_perm	22	2780	634	0.228057553956835	1	1.62347669678683	1.01837130822078	2112	394
rice_strat	ancombc2	boots@70	real_perm	23	2838	756	0.266384778012685	1	1.62841644720966	0.955640848172151	10382	394
rice_strat	ancombc2	boots@70	real_perm	24	2794	716	0.256263421617752	1	1.60257424094229	1.0104238112708	2112	394
rice_strat	ancombc2	boots@70	real_perm	25	2777	618	0.222542311847317	1	1.59612627789927	1.10103369194968	2112	394
rice_strat	ancombc2	boots@80	real_depth	1	2782	679	0.244069015097052	1	1.6392285832881	0.974387758351645	2112	394
rice_strat	ancombc2	boots@80	real_depth	2	2813	590	0.209740490579453	1	1.64130735949189	0.97252562791315	2112	394
rice_strat	ancombc2	boots@80	real_depth	3	2781	616	0.221503056454513	1	1.60775116994814	1.00771245634459	2112	394
rice_strat	ancombc2	boots@80	real_depth	4	2815	643	0.22841918294849	1	1.65524654895324	0.918625540466476	2112	394
rice_strat	ancombc2	boots@80	real_depth	5	2808	978	0.348290598290598	1	1.61884801468135	1.05856209150327	10382	394
rice_strat	ancombc2	boots@80	real_depth	6	2834	1036	0.365561044460127	1	1.62270083320233	1.00623179408815	10382	394
rice_strat	ancombc2	boots@80	real_depth	7	2791	1077	0.385883195987101	1	1.5892973290531	1.03148518896833	16016	394
rice_strat	ancombc2	boots@80	real_depth	8	2748	585	0.212882096069869	1	1.66095956251469	1.1162002426036	2112	394
rice_strat	ancombc2	boots@80	real_depth	9	2862	609	0.212788259958071	1	1.59581610767461	1.09072076103349	2112	394
rice_strat	ancombc2	boots@80	real_depth	10	2729	1013	0.371198241113961	1	1.60265367604641	0.958762968305422	10382	394
rice_strat	ancombc2	boots@80	real_depth	11	2747	607	0.220968329086276	1	1.63640441757631	0.989252501850243	2112	394
rice_strat	ancombc2	boots@80	real_depth	12	2812	557	0.198079658605974	1	1.62373832165499	0.963829326402426	2112	394
rice_strat	ancombc2	boots@80	real_depth	13	2791	999	0.357936223575779	1	1.60404548551066	1.04824706366033	10382	394
rice_strat	ancombc2	boots@80	real_depth	14	2787	588	0.210979547900969	1	1.58361574214938	1.03562781612403	2112	394
rice_strat	ancombc2	boots@80	real_depth	15	2766	650	0.234996384671005	1	1.62118885488261	1.02390863313423	2112	394
rice_strat	ancombc2	boots@80	real_depth	16	2803	614	0.219051016767749	1	1.60688692805657	0.998401189515001	2112	394
rice_strat	ancombc2	boots@80	real_depth	17	2850	618	0.216842105263158	1	1.65239418031653	1.02409940499289	2112	394
rice_strat	ancombc2	boots@80	real_depth	18	2846	1135	0.398805340829234	1	1.58774825761149	1.00674411969822	14853	394
rice_strat	ancombc2	boots@80	real_depth	19	2755	597	0.216696914700544	1	1.66142466634507	0.974545249306586	2112	394
rice_strat	ancombc2	boots@80	real_depth	20	2824	1072	0.379603399433428	1	1.6059496996997	0.924009047824214	10382	394
rice_strat	ancombc2	boots@80	real_depth	21	2804	590	0.210413694721826	1	1.56135305679115	0.9539840699188	2112	394
rice_strat	ancombc2	boots@80	real_depth	22	2780	698	0.251079136690647	1	1.62347669678683	1.01837130822078	2112	394
rice_strat	ancombc2	boots@80	real_depth	23	2838	971	0.342142353770261	1	1.62841644720966	0.955640848172151	10382	394
rice_strat	ancombc2	boots@80	real_depth	24	2794	609	0.217967072297781	1	1.60257424094229	1.0104238112708	2112	394
rice_strat	ancombc2	boots@80	real_depth	25	2777	586	0.211019085343896	1	1.59612627789927	1.10103369194968	2112	394
rice_strat	ancombc2	boots@80	real_perm	1	2782	342	0.12293314162473	1	1.6392285832881	0.974387758351645	2112	394
rice_strat	ancombc2	boots@80	real_perm	2	2813	340	0.120867401350871	1	1.64130735949189	0.97252562791315	2112	394
rice_strat	ancombc2	boots@80	real_perm	3	2781	340	0.122258180510608	1	1.60775116994814	1.00771245634459	2112	394
rice_strat	ancombc2	boots@80	real_perm	4	2815	363	0.128952042628774	1	1.65524654895324	0.918625540466476	2112	394
rice_strat	ancombc2	boots@80	real_perm	5	2808	610	0.217236467236467	1	1.61884801468135	1.05856209150327	10382	394
rice_strat	ancombc2	boots@80	real_perm	6	2834	610	0.215243472124206	1	1.62270083320233	1.00623179408815	10382	394
rice_strat	ancombc2	boots@80	real_perm	7	2791	721	0.258330347545683	1	1.5892973290531	1.03148518896833	16016	394
rice_strat	ancombc2	boots@80	real_perm	8	2748	311	0.113173216885007	1	1.66095956251469	1.1162002426036	2112	394
rice_strat	ancombc2	boots@80	real_perm	9	2862	358	0.125087351502446	1	1.59581610767461	1.09072076103349	2112	394
rice_strat	ancombc2	boots@80	real_perm	10	2729	583	0.213631366801026	1	1.60265367604641	0.958762968305422	10382	394
rice_strat	ancombc2	boots@80	real_perm	11	2747	338	0.123043319985439	1	1.63640441757631	0.989252501850243	2112	394
rice_strat	ancombc2	boots@80	real_perm	12	2812	333	0.118421052631579	1	1.62373832165499	0.963829326402426	2112	394
rice_strat	ancombc2	boots@80	real_perm	13	2791	578	0.207094231458259	1	1.60404548551066	1.04824706366033	10382	394
rice_strat	ancombc2	boots@80	real_perm	14	2787	315	0.11302475780409	1	1.58361574214938	1.03562781612403	2112	394
rice_strat	ancombc2	boots@80	real_perm	15	2766	313	0.113159797541576	1	1.62118885488261	1.02390863313423	2112	394
rice_strat	ancombc2	boots@80	real_perm	16	2803	275	0.0981091687477702	1	1.60688692805657	0.998401189515001	2112	394
rice_strat	ancombc2	boots@80	real_perm	17	2850	343	0.120350877192982	1	1.65239418031653	1.02409940499289	2112	394
rice_strat	ancombc2	boots@80	real_perm	18	2846	823	0.289177793394238	1	1.58774825761149	1.00674411969822	14853	394
rice_strat	ancombc2	boots@80	real_perm	19	2755	313	0.113611615245009	1	1.66142466634507	0.974545249306586	2112	394
rice_strat	ancombc2	boots@80	real_perm	20	2824	593	0.209985835694051	1	1.6059496996997	0.924009047824214	10382	394
rice_strat	ancombc2	boots@80	real_perm	21	2804	301	0.10734664764622	1	1.56135305679115	0.9539840699188	2112	394
rice_strat	ancombc2	boots@80	real_perm	22	2780	334	0.120143884892086	1	1.62347669678683	1.01837130822078	2112	394
rice_strat	ancombc2	boots@80	real_perm	23	2838	507	0.178646934460888	1	1.62841644720966	0.955640848172151	10382	394
rice_strat	ancombc2	boots@80	real_perm	24	2794	388	0.138869005010737	1	1.60257424094229	1.0104238112708	2112	394
rice_strat	ancombc2	boots@80	real_perm	25	2777	307	0.110550954267195	1	1.59612627789927	1.10103369194968	2112	394
rice_strat	ancombc2	boots@90	real_depth	1	2782	390	0.14018691588785	1	1.6392285832881	0.974387758351645	2112	394
rice_strat	ancombc2	boots@90	real_depth	2	2813	323	0.114824031283327	1	1.64130735949189	0.97252562791315	2112	394
rice_strat	ancombc2	boots@90	real_depth	3	2781	355	0.127651923768429	1	1.60775116994814	1.00771245634459	2112	394
rice_strat	ancombc2	boots@90	real_depth	4	2815	368	0.130728241563055	1	1.65524654895324	0.918625540466476	2112	394
rice_strat	ancombc2	boots@90	real_depth	5	2808	722	0.257122507122507	1	1.61884801468135	1.05856209150327	10382	394
rice_strat	ancombc2	boots@90	real_depth	6	2834	797	0.281227946365561	1	1.62270083320233	1.00623179408815	10382	394
rice_strat	ancombc2	boots@90	real_depth	7	2791	850	0.304550340379792	1	1.5892973290531	1.03148518896833	16016	394
rice_strat	ancombc2	boots@90	real_depth	8	2748	349	0.127001455604076	1	1.66095956251469	1.1162002426036	2112	394
rice_strat	ancombc2	boots@90	real_depth	9	2862	339	0.118448637316562	1	1.59581610767461	1.09072076103349	2112	394
rice_strat	ancombc2	boots@90	real_depth	10	2729	770	0.282154635397582	1	1.60265367604641	0.958762968305422	10382	394
rice_strat	ancombc2	boots@90	real_depth	11	2747	346	0.125955587914088	1	1.63640441757631	0.989252501850243	2112	394
rice_strat	ancombc2	boots@90	real_depth	12	2812	314	0.111664295874822	1	1.62373832165499	0.963829326402426	2112	394
rice_strat	ancombc2	boots@90	real_depth	13	2791	738	0.264421354353278	1	1.60404548551066	1.04824706366033	10382	394
rice_strat	ancombc2	boots@90	real_depth	14	2787	316	0.113383566559024	1	1.58361574214938	1.03562781612403	2112	394
rice_strat	ancombc2	boots@90	real_depth	15	2766	377	0.136297903109183	1	1.62118885488261	1.02390863313423	2112	394
rice_strat	ancombc2	boots@90	real_depth	16	2803	350	0.124866214769889	1	1.60688692805657	0.998401189515001	2112	394
rice_strat	ancombc2	boots@90	real_depth	17	2850	359	0.125964912280702	1	1.65239418031653	1.02409940499289	2112	394
rice_strat	ancombc2	boots@90	real_depth	18	2846	903	0.317287420941673	1	1.58774825761149	1.00674411969822	14853	394
rice_strat	ancombc2	boots@90	real_depth	19	2755	361	0.131034482758621	1	1.66142466634507	0.974545249306586	2112	394
rice_strat	ancombc2	boots@90	real_depth	20	2824	786	0.278328611898017	1	1.6059496996997	0.924009047824214	10382	394
rice_strat	ancombc2	boots@90	real_depth	21	2804	317	0.113052781740371	1	1.56135305679115	0.9539840699188	2112	394
rice_strat	ancombc2	boots@90	real_depth	22	2780	446	0.160431654676259	1	1.62347669678683	1.01837130822078	2112	394
rice_strat	ancombc2	boots@90	real_depth	23	2838	744	0.26215644820296	1	1.62841644720966	0.955640848172151	10382	394
rice_strat	ancombc2	boots@90	real_depth	24	2794	351	0.125626342161775	1	1.60257424094229	1.0104238112708	2112	394
rice_strat	ancombc2	boots@90	real_depth	25	2777	344	0.123874684911775	1	1.59612627789927	1.10103369194968	2112	394
rice_strat	ancombc2	boots@90	real_perm	1	2782	149	0.0535585909417685	1	1.6392285832881	0.974387758351645	2112	394
rice_strat	ancombc2	boots@90	real_perm	2	2813	169	0.0600782083185212	1	1.64130735949189	0.97252562791315	2112	394
rice_strat	ancombc2	boots@90	real_perm	3	2781	156	0.0560949298813377	1	1.60775116994814	1.00771245634459	2112	394
rice_strat	ancombc2	boots@90	real_perm	4	2815	152	0.0539964476021314	1	1.65524654895324	0.918625540466476	2112	394
rice_strat	ancombc2	boots@90	real_perm	5	2808	378	0.134615384615385	1	1.61884801468135	1.05856209150327	10382	394
rice_strat	ancombc2	boots@90	real_perm	6	2834	411	0.145024700070572	1	1.62270083320233	1.00623179408815	10382	394
rice_strat	ancombc2	boots@90	real_perm	7	2791	509	0.182371909709781	1	1.5892973290531	1.03148518896833	16016	394
rice_strat	ancombc2	boots@90	real_perm	8	2748	147	0.0534934497816594	1	1.66095956251469	1.1162002426036	2112	394
rice_strat	ancombc2	boots@90	real_perm	9	2862	158	0.0552061495457722	1	1.59581610767461	1.09072076103349	2112	394
rice_strat	ancombc2	boots@90	real_perm	10	2729	391	0.143275925247343	1	1.60265367604641	0.958762968305422	10382	394
rice_strat	ancombc2	boots@90	real_perm	11	2747	159	0.0578813250819075	1	1.63640441757631	0.989252501850243	2112	394
rice_strat	ancombc2	boots@90	real_perm	12	2812	143	0.0508534850640114	1	1.62373832165499	0.963829326402426	2112	394
rice_strat	ancombc2	boots@90	real_perm	13	2791	374	0.134002149767109	1	1.60404548551066	1.04824706366033	10382	394
rice_strat	ancombc2	boots@90	real_perm	14	2787	143	0.0513096519555077	1	1.58361574214938	1.03562781612403	2112	394
rice_strat	ancombc2	boots@90	real_perm	15	2766	135	0.0488069414316703	1	1.62118885488261	1.02390863313423	2112	394
rice_strat	ancombc2	boots@90	real_perm	16	2803	109	0.0388869068854798	1	1.60688692805657	0.998401189515001	2112	394
rice_strat	ancombc2	boots@90	real_perm	17	2850	139	0.0487719298245614	1	1.65239418031653	1.02409940499289	2112	394
rice_strat	ancombc2	boots@90	real_perm	18	2846	640	0.22487702037948	1	1.58774825761149	1.00674411969822	14853	394
rice_strat	ancombc2	boots@90	real_perm	19	2755	127	0.0460980036297641	1	1.66142466634507	0.974545249306586	2112	394
rice_strat	ancombc2	boots@90	real_perm	20	2824	400	0.141643059490085	1	1.6059496996997	0.924009047824214	10382	394
rice_strat	ancombc2	boots@90	real_perm	21	2804	121	0.0431526390870185	1	1.56135305679115	0.9539840699188	2112	394
rice_strat	ancombc2	boots@90	real_perm	22	2780	166	0.0597122302158273	1	1.62347669678683	1.01837130822078	2112	394
rice_strat	ancombc2	boots@90	real_perm	23	2838	338	0.119097956307259	1	1.62841644720966	0.955640848172151	10382	394
rice_strat	ancombc2	boots@90	real_perm	24	2794	191	0.0683607730851825	1	1.60257424094229	1.0104238112708	2112	394
rice_strat	ancombc2	boots@90	real_perm	25	2777	128	0.0460929060136838	1	1.59612627789927	1.10103369194968	2112	394
rice_strat	ancombc2	rarefied	real_depth	1	2782	1586	0.570093457943925	1	1.6392285832881	0.974387758351645	2112	394
rice_strat	ancombc2	rarefied	real_depth	2	2813	1571	0.558478492712407	1	1.64130735949189	0.97252562791315	2112	394
rice_strat	ancombc2	rarefied	real_depth	3	2781	1585	0.569938870909745	1	1.60775116994814	1.00771245634459	2112	394
rice_strat	ancombc2	rarefied	real_depth	4	2815	1595	0.566607460035524	1	1.65524654895324	0.918625540466476	2112	394
rice_strat	ancombc2	rarefied	real_depth	5	2808	1634	0.581908831908832	1	1.61884801468135	1.05856209150327	10382	394
rice_strat	ancombc2	rarefied	real_depth	6	2834	1712	0.60409315455187	1	1.62270083320233	1.00623179408815	10382	394
rice_strat	ancombc2	rarefied	real_depth	7	2791	1645	0.589394482264421	1	1.5892973290531	1.03148518896833	16016	394
rice_strat	ancombc2	rarefied	real_depth	8	2748	1575	0.573144104803493	1	1.66095956251469	1.1162002426036	2112	394
rice_strat	ancombc2	rarefied	real_depth	9	2862	1638	0.572327044025157	1	1.59581610767461	1.09072076103349	2112	394
rice_strat	ancombc2	rarefied	real_depth	10	2729	1661	0.60864785635764	1	1.60265367604641	0.958762968305422	10382	394
rice_strat	ancombc2	rarefied	real_depth	11	2747	1569	0.571168547506371	1	1.63640441757631	0.989252501850243	2112	394
rice_strat	ancombc2	rarefied	real_depth	12	2812	1545	0.549431009957326	1	1.62373832165499	0.963829326402426	2112	394
rice_strat	ancombc2	rarefied	real_depth	13	2791	1685	0.603726262988176	1	1.60404548551066	1.04824706366033	10382	394
rice_strat	ancombc2	rarefied	real_depth	14	2787	1540	0.552565482597775	1	1.58361574214938	1.03562781612403	2112	394
rice_strat	ancombc2	rarefied	real_depth	15	2766	1611	0.582429501084599	1	1.62118885488261	1.02390863313423	2112	394
rice_strat	ancombc2	rarefied	real_depth	16	2803	1561	0.556903317873707	1	1.60688692805657	0.998401189515001	2112	394
rice_strat	ancombc2	rarefied	real_depth	17	2850	1602	0.562105263157895	1	1.65239418031653	1.02409940499289	2112	394
rice_strat	ancombc2	rarefied	real_depth	18	2846	1707	0.599789177793394	1	1.58774825761149	1.00674411969822	14853	394
rice_strat	ancombc2	rarefied	real_depth	19	2755	1588	0.576406533575318	1	1.66142466634507	0.974545249306586	2112	394
rice_strat	ancombc2	rarefied	real_depth	20	2824	1695	0.600212464589235	1	1.6059496996997	0.924009047824214	10382	394
rice_strat	ancombc2	rarefied	real_depth	21	2804	1588	0.566333808844508	1	1.56135305679115	0.9539840699188	2112	394
rice_strat	ancombc2	rarefied	real_depth	22	2780	1665	0.598920863309353	1	1.62347669678683	1.01837130822078	2112	394
rice_strat	ancombc2	rarefied	real_depth	23	2838	1701	0.599365750528541	1	1.62841644720966	0.955640848172151	10382	394
rice_strat	ancombc2	rarefied	real_depth	24	2794	1557	0.557265569076593	1	1.60257424094229	1.0104238112708	2112	394
rice_strat	ancombc2	rarefied	real_depth	25	2777	1558	0.561037090385308	1	1.59612627789927	1.10103369194968	2112	394
rice_strat	ancombc2	rarefied	real_perm	1	2782	1375	0.494248741912293	1	1.6392285832881	0.974387758351645	2112	394
rice_strat	ancombc2	rarefied	real_perm	2	2813	1430	0.508354070387487	1	1.64130735949189	0.97252562791315	2112	394
rice_strat	ancombc2	rarefied	real_perm	3	2781	1430	0.514203523912262	1	1.60775116994814	1.00771245634459	2112	394
rice_strat	ancombc2	rarefied	real_perm	4	2815	1471	0.522557726465364	1	1.65524654895324	0.918625540466476	2112	394
rice_strat	ancombc2	rarefied	real_perm	5	2808	1387	0.493945868945869	1	1.61884801468135	1.05856209150327	10382	394
rice_strat	ancombc2	rarefied	real_perm	6	2834	1399	0.493648553281581	1	1.62270083320233	1.00623179408815	10382	394
rice_strat	ancombc2	rarefied	real_perm	7	2791	1400	0.501612325331422	1	1.5892973290531	1.03148518896833	16016	394
rice_strat	ancombc2	rarefied	real_perm	8	2748	1378	0.501455604075691	1	1.66095956251469	1.1162002426036	2112	394
rice_strat	ancombc2	rarefied	real_perm	9	2862	1410	0.492662473794549	1	1.59581610767461	1.09072076103349	2112	394
rice_strat	ancombc2	rarefied	real_perm	10	2729	1333	0.488457310370099	1	1.60265367604641	0.958762968305422	10382	394
rice_strat	ancombc2	rarefied	real_perm	11	2747	1391	0.506370586093921	1	1.63640441757631	0.989252501850243	2112	394
rice_strat	ancombc2	rarefied	real_perm	12	2812	1399	0.4975106685633	1	1.62373832165499	0.963829326402426	2112	394
rice_strat	ancombc2	rarefied	real_perm	13	2791	1372	0.491580078824794	1	1.60404548551066	1.04824706366033	10382	394
rice_strat	ancombc2	rarefied	real_perm	14	2787	1364	0.489415141729458	1	1.58361574214938	1.03562781612403	2112	394
rice_strat	ancombc2	rarefied	real_perm	15	2766	1320	0.477223427331887	1	1.62118885488261	1.02390863313423	2112	394
rice_strat	ancombc2	rarefied	real_perm	16	2803	1320	0.470924009989297	1	1.60688692805657	0.998401189515001	2112	394
rice_strat	ancombc2	rarefied	real_perm	17	2850	1425	0.5	1	1.65239418031653	1.02409940499289	2112	394
rice_strat	ancombc2	rarefied	real_perm	18	2846	1501	0.527406886858749	1	1.58774825761149	1.00674411969822	14853	394
rice_strat	ancombc2	rarefied	real_perm	19	2755	1308	0.474773139745917	1	1.66142466634507	0.974545249306586	2112	394
rice_strat	ancombc2	rarefied	real_perm	20	2824	1391	0.492563739376771	1	1.6059496996997	0.924009047824214	10382	394
rice_strat	ancombc2	rarefied	real_perm	21	2804	1345	0.479671897289586	1	1.56135305679115	0.9539840699188	2112	394
rice_strat	ancombc2	rarefied	real_perm	22	2780	1364	0.490647482014389	1	1.62347669678683	1.01837130822078	2112	394
rice_strat	ancombc2	rarefied	real_perm	23	2838	1284	0.452431289640592	1	1.62841644720966	0.955640848172151	10382	394
rice_strat	ancombc2	rarefied	real_perm	24	2794	1410	0.504652827487473	1	1.60257424094229	1.0104238112708	2112	394
rice_strat	ancombc2	rarefied	real_perm	25	2777	1354	0.487576521425999	1	1.59612627789927	1.10103369194968	2112	394
rice_strat	ancombc2	raw	real_depth	1	2782	1751	0.6294033069734	1	1.6392285832881	0.974387758351645	2112	394
rice_strat	ancombc2	raw	real_depth	2	2813	1718	0.610735869178813	1	1.64130735949189	0.97252562791315	2112	394
rice_strat	ancombc2	raw	real_depth	3	2781	1645	0.591513843941028	1	1.60775116994814	1.00771245634459	2112	394
rice_strat	ancombc2	raw	real_depth	4	2815	1722	0.611722912966252	1	1.65524654895324	0.918625540466476	2112	394
rice_strat	ancombc2	raw	real_depth	5	2808	1652	0.588319088319088	1	1.61884801468135	1.05856209150327	10382	394
rice_strat	ancombc2	raw	real_depth	6	2834	1708	0.602681721947777	1	1.62270083320233	1.00623179408815	10382	394
rice_strat	ancombc2	raw	real_depth	7	2791	1626	0.582586886420638	1	1.5892973290531	1.03148518896833	16016	394
rice_strat	ancombc2	raw	real_depth	8	2748	1675	0.609534206695779	1	1.66095956251469	1.1162002426036	2112	394
rice_strat	ancombc2	raw	real_depth	9	2862	1739	0.607617051013277	1	1.59581610767461	1.09072076103349	2112	394
rice_strat	ancombc2	raw	real_depth	10	2729	1694	0.620740197874679	1	1.60265367604641	0.958762968305422	10382	394
rice_strat	ancombc2	raw	real_depth	11	2747	1672	0.608663997087732	1	1.63640441757631	0.989252501850243	2112	394
rice_strat	ancombc2	raw	real_depth	12	2812	1690	0.60099573257468	1	1.62373832165499	0.963829326402426	2112	394
rice_strat	ancombc2	raw	real_depth	13	2791	1675	0.600143317807238	1	1.60404548551066	1.04824706366033	10382	394
rice_strat	ancombc2	raw	real_depth	14	2787	1574	0.564764980265518	1	1.58361574214938	1.03562781612403	2112	394
rice_strat	ancombc2	raw	real_depth	15	2766	1833	0.662689804772234	1	1.62118885488261	1.02390863313423	2112	394
rice_strat	ancombc2	raw	real_depth	16	2803	1699	0.606136282554406	1	1.60688692805657	0.998401189515001	2112	394
rice_strat	ancombc2	raw	real_depth	17	2850	1731	0.607368421052632	1	1.65239418031653	1.02409940499289	2112	394
rice_strat	ancombc2	raw	real_depth	18	2846	1736	0.609978917779339	1	1.58774825761149	1.00674411969822	14853	394
rice_strat	ancombc2	raw	real_depth	19	2755	1641	0.595644283121597	1	1.66142466634507	0.974545249306586	2112	394
rice_strat	ancombc2	raw	real_depth	20	2824	1734	0.614022662889518	1	1.6059496996997	0.924009047824214	10382	394
rice_strat	ancombc2	raw	real_depth	21	2804	1740	0.620542082738944	1	1.56135305679115	0.9539840699188	2112	394
rice_strat	ancombc2	raw	real_depth	22	2780	1837	0.660791366906475	1	1.62347669678683	1.01837130822078	2112	394
rice_strat	ancombc2	raw	real_depth	23	2838	1727	0.608527131782946	1	1.62841644720966	0.955640848172151	10382	394
rice_strat	ancombc2	raw	real_depth	24	2794	1722	0.616320687186829	1	1.60257424094229	1.0104238112708	2112	394
rice_strat	ancombc2	raw	real_depth	25	2777	1702	0.612891609650702	1	1.59612627789927	1.10103369194968	2112	394
rice_strat	ancombc2	raw	real_perm	1	2782	1207	0.433860531991373	1	1.6392285832881	0.974387758351645	2112	394
rice_strat	ancombc2	raw	real_perm	2	2813	1214	0.431567721293992	1	1.64130735949189	0.97252562791315	2112	394
rice_strat	ancombc2	raw	real_perm	3	2781	1254	0.45091693635383	1	1.60775116994814	1.00771245634459	2112	394
rice_strat	ancombc2	raw	real_perm	4	2815	1352	0.480284191829485	1	1.65524654895324	0.918625540466476	2112	394
rice_strat	ancombc2	raw	real_perm	5	2808	1309	0.466168091168091	1	1.61884801468135	1.05856209150327	10382	394
rice_strat	ancombc2	raw	real_perm	6	2834	1275	0.449894142554693	1	1.62270083320233	1.00623179408815	10382	394
rice_strat	ancombc2	raw	real_perm	7	2791	1293	0.463274811895378	1	1.5892973290531	1.03148518896833	16016	394
rice_strat	ancombc2	raw	real_perm	8	2748	1231	0.447962154294032	1	1.66095956251469	1.1162002426036	2112	394
rice_strat	ancombc2	raw	real_perm	9	2862	1267	0.442697414395528	1	1.59581610767461	1.09072076103349	2112	394
rice_strat	ancombc2	raw	real_perm	10	2729	1259	0.461341150604617	1	1.60265367604641	0.958762968305422	10382	394
rice_strat	ancombc2	raw	real_perm	11	2747	1216	0.442664725154714	1	1.63640441757631	0.989252501850243	2112	394
rice_strat	ancombc2	raw	real_perm	12	2812	1262	0.448790896159317	1	1.62373832165499	0.963829326402426	2112	394
rice_strat	ancombc2	raw	real_perm	13	2791	1260	0.45145109279828	1	1.60404548551066	1.04824706366033	10382	394
rice_strat	ancombc2	raw	real_perm	14	2787	1128	0.404736275565124	1	1.58361574214938	1.03562781612403	2112	394
rice_strat	ancombc2	raw	real_perm	15	2766	1061	0.383586406362979	1	1.62118885488261	1.02390863313423	2112	394
rice_strat	ancombc2	raw	real_perm	16	2803	1237	0.441312879058152	1	1.60688692805657	0.998401189515001	2112	394
rice_strat	ancombc2	raw	real_perm	17	2850	1350	0.473684210526316	1	1.65239418031653	1.02409940499289	2112	394
rice_strat	ancombc2	raw	real_perm	18	2846	1461	0.513352073085032	1	1.58774825761149	1.00674411969822	14853	394
rice_strat	ancombc2	raw	real_perm	19	2755	1087	0.394555353901996	1	1.66142466634507	0.974545249306586	2112	394
rice_strat	ancombc2	raw	real_perm	20	2824	1293	0.4578611898017	1	1.6059496996997	0.924009047824214	10382	394
rice_strat	ancombc2	raw	real_perm	21	2804	1140	0.406562054208274	1	1.56135305679115	0.9539840699188	2112	394
rice_strat	ancombc2	raw	real_perm	22	2780	1203	0.43273381294964	1	1.62347669678683	1.01837130822078	2112	394
rice_strat	ancombc2	raw	real_perm	23	2838	1172	0.412966878083157	1	1.62841644720966	0.955640848172151	10382	394
rice_strat	ancombc2	raw	real_perm	24	2794	1374	0.49176807444524	1	1.60257424094229	1.0104238112708	2112	394
rice_strat	ancombc2	raw	real_perm	25	2777	1149	0.413755851638459	1	1.59612627789927	1.10103369194968	2112	394
rice_strat	maaslin3	boots	real_depth	1	2782	7	0.00251617541337168	1	1.6392285832881	0.974387758351645	2112	394
rice_strat	maaslin3	boots	real_depth	2	2813	1	0.000355492356914326	1	1.64130735949189	0.97252562791315	2112	394
rice_strat	maaslin3	boots	real_depth	3	2781	4	0.00143833153541891	1	1.60775116994814	1.00771245634459	2112	394
rice_strat	maaslin3	boots	real_depth	4	2815	0	0	0	1.65524654895324	0.918625540466476	2112	394
rice_strat	maaslin3	boots	real_depth	5	2808	24	0.00854700854700855	1	1.61884801468135	1.05856209150327	10382	394
rice_strat	maaslin3	boots	real_depth	6	2834	40	0.0141143260409315	1	1.62270083320233	1.00623179408815	10382	394
rice_strat	maaslin3	boots	real_depth	7	2791	33	0.0118237190970978	1	1.5892973290531	1.03148518896833	16016	394
rice_strat	maaslin3	boots	real_depth	8	2748	1	0.000363901018922853	1	1.66095956251469	1.1162002426036	2112	394
rice_strat	maaslin3	boots	real_depth	9	2862	1	0.000349406009783368	1	1.59581610767461	1.09072076103349	2112	394
rice_strat	maaslin3	boots	real_depth	10	2729	33	0.0120923415170392	1	1.60265367604641	0.958762968305422	10382	394
rice_strat	maaslin3	boots	real_depth	11	2747	0	0	0	1.63640441757631	0.989252501850243	2112	394
rice_strat	maaslin3	boots	real_depth	12	2812	1	0.000355618776671408	1	1.62373832165499	0.963829326402426	2112	394
rice_strat	maaslin3	boots	real_depth	13	2791	23	0.00824077391615908	1	1.60404548551066	1.04824706366033	10382	394
rice_strat	maaslin3	boots	real_depth	14	2787	0	0	0	1.58361574214938	1.03562781612403	2112	394
rice_strat	maaslin3	boots	real_depth	15	2766	3	0.00108459869848156	1	1.62118885488261	1.02390863313423	2112	394
rice_strat	maaslin3	boots	real_depth	16	2803	2	0.000713521227256511	1	1.60688692805657	0.998401189515001	2112	394
rice_strat	maaslin3	boots	real_depth	17	2850	1	0.000350877192982456	1	1.65239418031653	1.02409940499289	2112	394
rice_strat	maaslin3	boots	real_depth	18	2846	47	0.0165144061841181	1	1.58774825761149	1.00674411969822	14853	394
rice_strat	maaslin3	boots	real_depth	19	2755	2	0.000725952813067151	1	1.66142466634507	0.974545249306586	2112	394
rice_strat	maaslin3	boots	real_depth	20	2824	32	0.0113314447592068	1	1.6059496996997	0.924009047824214	10382	394
rice_strat	maaslin3	boots	real_depth	21	2804	0	0	0	1.56135305679115	0.9539840699188	2112	394
rice_strat	maaslin3	boots	real_depth	22	2780	11	0.0039568345323741	1	1.62347669678683	1.01837130822078	2112	394
rice_strat	maaslin3	boots	real_depth	23	2838	21	0.00739957716701903	1	1.62841644720966	0.955640848172151	10382	394
rice_strat	maaslin3	boots	real_depth	24	2794	1	0.000357909806728704	1	1.60257424094229	1.0104238112708	2112	394
rice_strat	maaslin3	boots	real_depth	25	2777	0	0	0	1.59612627789927	1.10103369194968	2112	394
rice_strat	maaslin3	boots	real_perm	1	2782	0	0	0	1.6392285832881	0.974387758351645	2112	394
rice_strat	maaslin3	boots	real_perm	2	2813	0	0	0	1.64130735949189	0.97252562791315	2112	394
rice_strat	maaslin3	boots	real_perm	3	2781	0	0	0	1.60775116994814	1.00771245634459	2112	394
rice_strat	maaslin3	boots	real_perm	4	2815	0	0	0	1.65524654895324	0.918625540466476	2112	394
rice_strat	maaslin3	boots	real_perm	5	2808	0	0	0	1.61884801468135	1.05856209150327	10382	394
rice_strat	maaslin3	boots	real_perm	6	2834	0	0	0	1.62270083320233	1.00623179408815	10382	394
rice_strat	maaslin3	boots	real_perm	7	2791	0	0	0	1.5892973290531	1.03148518896833	16016	394
rice_strat	maaslin3	boots	real_perm	8	2748	0	0	0	1.66095956251469	1.1162002426036	2112	394
rice_strat	maaslin3	boots	real_perm	9	2862	0	0	0	1.59581610767461	1.09072076103349	2112	394
rice_strat	maaslin3	boots	real_perm	10	2729	0	0	0	1.60265367604641	0.958762968305422	10382	394
rice_strat	maaslin3	boots	real_perm	11	2747	0	0	0	1.63640441757631	0.989252501850243	2112	394
rice_strat	maaslin3	boots	real_perm	12	2812	0	0	0	1.62373832165499	0.963829326402426	2112	394
rice_strat	maaslin3	boots	real_perm	13	2791	0	0	0	1.60404548551066	1.04824706366033	10382	394
rice_strat	maaslin3	boots	real_perm	14	2787	0	0	0	1.58361574214938	1.03562781612403	2112	394
rice_strat	maaslin3	boots	real_perm	15	2766	0	0	0	1.62118885488261	1.02390863313423	2112	394
rice_strat	maaslin3	boots	real_perm	16	2803	0	0	0	1.60688692805657	0.998401189515001	2112	394
rice_strat	maaslin3	boots	real_perm	17	2850	0	0	0	1.65239418031653	1.02409940499289	2112	394
rice_strat	maaslin3	boots	real_perm	18	2846	0	0	0	1.58774825761149	1.00674411969822	14853	394
rice_strat	maaslin3	boots	real_perm	19	2755	0	0	0	1.66142466634507	0.974545249306586	2112	394
rice_strat	maaslin3	boots	real_perm	20	2824	0	0	0	1.6059496996997	0.924009047824214	10382	394
rice_strat	maaslin3	boots	real_perm	21	2804	0	0	0	1.56135305679115	0.9539840699188	2112	394
rice_strat	maaslin3	boots	real_perm	22	2780	0	0	0	1.62347669678683	1.01837130822078	2112	394
rice_strat	maaslin3	boots	real_perm	23	2838	0	0	0	1.62841644720966	0.955640848172151	10382	394
rice_strat	maaslin3	boots	real_perm	24	2794	0	0	0	1.60257424094229	1.0104238112708	2112	394
rice_strat	maaslin3	boots	real_perm	25	2777	0	0	0	1.59612627789927	1.10103369194968	2112	394
rice_strat	maaslin3	boots@70	real_depth	1	2782	3	0.001078360891445	1	1.6392285832881	0.974387758351645	2112	394
rice_strat	maaslin3	boots@70	real_depth	2	2813	0	0	0	1.64130735949189	0.97252562791315	2112	394
rice_strat	maaslin3	boots@70	real_depth	3	2781	0	0	0	1.60775116994814	1.00771245634459	2112	394
rice_strat	maaslin3	boots@70	real_depth	4	2815	0	0	0	1.65524654895324	0.918625540466476	2112	394
rice_strat	maaslin3	boots@70	real_depth	5	2808	14	0.00498575498575499	1	1.61884801468135	1.05856209150327	10382	394
rice_strat	maaslin3	boots@70	real_depth	6	2834	23	0.00811573747353564	1	1.62270083320233	1.00623179408815	10382	394
rice_strat	maaslin3	boots@70	real_depth	7	2791	22	0.00788247939806521	1	1.5892973290531	1.03148518896833	16016	394
rice_strat	maaslin3	boots@70	real_depth	8	2748	0	0	0	1.66095956251469	1.1162002426036	2112	394
rice_strat	maaslin3	boots@70	real_depth	9	2862	0	0	0	1.59581610767461	1.09072076103349	2112	394
rice_strat	maaslin3	boots@70	real_depth	10	2729	20	0.00732869182850861	1	1.60265367604641	0.958762968305422	10382	394
rice_strat	maaslin3	boots@70	real_depth	11	2747	0	0	0	1.63640441757631	0.989252501850243	2112	394
rice_strat	maaslin3	boots@70	real_depth	12	2812	0	0	0	1.62373832165499	0.963829326402426	2112	394
rice_strat	maaslin3	boots@70	real_depth	13	2791	11	0.0039412396990326	1	1.60404548551066	1.04824706366033	10382	394
rice_strat	maaslin3	boots@70	real_depth	14	2787	0	0	0	1.58361574214938	1.03562781612403	2112	394
rice_strat	maaslin3	boots@70	real_depth	15	2766	0	0	0	1.62118885488261	1.02390863313423	2112	394
rice_strat	maaslin3	boots@70	real_depth	16	2803	1	0.000356760613628255	1	1.60688692805657	0.998401189515001	2112	394
rice_strat	maaslin3	boots@70	real_depth	17	2850	0	0	0	1.65239418031653	1.02409940499289	2112	394
rice_strat	maaslin3	boots@70	real_depth	18	2846	28	0.00983836964160225	1	1.58774825761149	1.00674411969822	14853	394
rice_strat	maaslin3	boots@70	real_depth	19	2755	2	0.000725952813067151	1	1.66142466634507	0.974545249306586	2112	394
rice_strat	maaslin3	boots@70	real_depth	20	2824	16	0.0056657223796034	1	1.6059496996997	0.924009047824214	10382	394
rice_strat	maaslin3	boots@70	real_depth	21	2804	0	0	0	1.56135305679115	0.9539840699188	2112	394
rice_strat	maaslin3	boots@70	real_depth	22	2780	8	0.00287769784172662	1	1.62347669678683	1.01837130822078	2112	394
rice_strat	maaslin3	boots@70	real_depth	23	2838	12	0.00422832980972516	1	1.62841644720966	0.955640848172151	10382	394
rice_strat	maaslin3	boots@70	real_depth	24	2794	1	0.000357909806728704	1	1.60257424094229	1.0104238112708	2112	394
rice_strat	maaslin3	boots@70	real_depth	25	2777	0	0	0	1.59612627789927	1.10103369194968	2112	394
rice_strat	maaslin3	boots@70	real_perm	1	2782	0	0	0	1.6392285832881	0.974387758351645	2112	394
rice_strat	maaslin3	boots@70	real_perm	2	2813	0	0	0	1.64130735949189	0.97252562791315	2112	394
rice_strat	maaslin3	boots@70	real_perm	3	2781	0	0	0	1.60775116994814	1.00771245634459	2112	394
rice_strat	maaslin3	boots@70	real_perm	4	2815	0	0	0	1.65524654895324	0.918625540466476	2112	394
rice_strat	maaslin3	boots@70	real_perm	5	2808	0	0	0	1.61884801468135	1.05856209150327	10382	394
rice_strat	maaslin3	boots@70	real_perm	6	2834	0	0	0	1.62270083320233	1.00623179408815	10382	394
rice_strat	maaslin3	boots@70	real_perm	7	2791	0	0	0	1.5892973290531	1.03148518896833	16016	394
rice_strat	maaslin3	boots@70	real_perm	8	2748	0	0	0	1.66095956251469	1.1162002426036	2112	394
rice_strat	maaslin3	boots@70	real_perm	9	2862	0	0	0	1.59581610767461	1.09072076103349	2112	394
rice_strat	maaslin3	boots@70	real_perm	10	2729	0	0	0	1.60265367604641	0.958762968305422	10382	394
rice_strat	maaslin3	boots@70	real_perm	11	2747	0	0	0	1.63640441757631	0.989252501850243	2112	394
rice_strat	maaslin3	boots@70	real_perm	12	2812	0	0	0	1.62373832165499	0.963829326402426	2112	394
rice_strat	maaslin3	boots@70	real_perm	13	2791	0	0	0	1.60404548551066	1.04824706366033	10382	394
rice_strat	maaslin3	boots@70	real_perm	14	2787	0	0	0	1.58361574214938	1.03562781612403	2112	394
rice_strat	maaslin3	boots@70	real_perm	15	2766	0	0	0	1.62118885488261	1.02390863313423	2112	394
rice_strat	maaslin3	boots@70	real_perm	16	2803	0	0	0	1.60688692805657	0.998401189515001	2112	394
rice_strat	maaslin3	boots@70	real_perm	17	2850	0	0	0	1.65239418031653	1.02409940499289	2112	394
rice_strat	maaslin3	boots@70	real_perm	18	2846	0	0	0	1.58774825761149	1.00674411969822	14853	394
rice_strat	maaslin3	boots@70	real_perm	19	2755	0	0	0	1.66142466634507	0.974545249306586	2112	394
rice_strat	maaslin3	boots@70	real_perm	20	2824	0	0	0	1.6059496996997	0.924009047824214	10382	394
rice_strat	maaslin3	boots@70	real_perm	21	2804	0	0	0	1.56135305679115	0.9539840699188	2112	394
rice_strat	maaslin3	boots@70	real_perm	22	2780	0	0	0	1.62347669678683	1.01837130822078	2112	394
rice_strat	maaslin3	boots@70	real_perm	23	2838	0	0	0	1.62841644720966	0.955640848172151	10382	394
rice_strat	maaslin3	boots@70	real_perm	24	2794	0	0	0	1.60257424094229	1.0104238112708	2112	394
rice_strat	maaslin3	boots@70	real_perm	25	2777	0	0	0	1.59612627789927	1.10103369194968	2112	394
rice_strat	maaslin3	boots@80	real_depth	1	2782	1	0.000359453630481668	1	1.6392285832881	0.974387758351645	2112	394
rice_strat	maaslin3	boots@80	real_depth	2	2813	0	0	0	1.64130735949189	0.97252562791315	2112	394
rice_strat	maaslin3	boots@80	real_depth	3	2781	0	0	0	1.60775116994814	1.00771245634459	2112	394
rice_strat	maaslin3	boots@80	real_depth	4	2815	0	0	0	1.65524654895324	0.918625540466476	2112	394
rice_strat	maaslin3	boots@80	real_depth	5	2808	9	0.0032051282051282	1	1.61884801468135	1.05856209150327	10382	394
rice_strat	maaslin3	boots@80	real_depth	6	2834	13	0.00458715596330275	1	1.62270083320233	1.00623179408815	10382	394
rice_strat	maaslin3	boots@80	real_depth	7	2791	19	0.00680759584378359	1	1.5892973290531	1.03148518896833	16016	394
rice_strat	maaslin3	boots@80	real_depth	8	2748	0	0	0	1.66095956251469	1.1162002426036	2112	394
rice_strat	maaslin3	boots@80	real_depth	9	2862	0	0	0	1.59581610767461	1.09072076103349	2112	394
rice_strat	maaslin3	boots@80	real_depth	10	2729	15	0.00549651887138146	1	1.60265367604641	0.958762968305422	10382	394
rice_strat	maaslin3	boots@80	real_depth	11	2747	0	0	0	1.63640441757631	0.989252501850243	2112	394
rice_strat	maaslin3	boots@80	real_depth	12	2812	0	0	0	1.62373832165499	0.963829326402426	2112	394
rice_strat	maaslin3	boots@80	real_depth	13	2791	8	0.00286635614475099	1	1.60404548551066	1.04824706366033	10382	394
rice_strat	maaslin3	boots@80	real_depth	14	2787	0	0	0	1.58361574214938	1.03562781612403	2112	394
rice_strat	maaslin3	boots@80	real_depth	15	2766	0	0	0	1.62118885488261	1.02390863313423	2112	394
rice_strat	maaslin3	boots@80	real_depth	16	2803	1	0.000356760613628255	1	1.60688692805657	0.998401189515001	2112	394
rice_strat	maaslin3	boots@80	real_depth	17	2850	0	0	0	1.65239418031653	1.02409940499289	2112	394
rice_strat	maaslin3	boots@80	real_depth	18	2846	22	0.00773014757554462	1	1.58774825761149	1.00674411969822	14853	394
rice_strat	maaslin3	boots@80	real_depth	19	2755	1	0.000362976406533575	1	1.66142466634507	0.974545249306586	2112	394
rice_strat	maaslin3	boots@80	real_depth	20	2824	14	0.00495750708215297	1	1.6059496996997	0.924009047824214	10382	394
rice_strat	maaslin3	boots@80	real_depth	21	2804	0	0	0	1.56135305679115	0.9539840699188	2112	394
rice_strat	maaslin3	boots@80	real_depth	22	2780	2	0.000719424460431655	1	1.62347669678683	1.01837130822078	2112	394
rice_strat	maaslin3	boots@80	real_depth	23	2838	9	0.00317124735729387	1	1.62841644720966	0.955640848172151	10382	394
rice_strat	maaslin3	boots@80	real_depth	24	2794	1	0.000357909806728704	1	1.60257424094229	1.0104238112708	2112	394
rice_strat	maaslin3	boots@80	real_depth	25	2777	0	0	0	1.59612627789927	1.10103369194968	2112	394
rice_strat	maaslin3	boots@80	real_perm	1	2782	0	0	0	1.6392285832881	0.974387758351645	2112	394
rice_strat	maaslin3	boots@80	real_perm	2	2813	0	0	0	1.64130735949189	0.97252562791315	2112	394
rice_strat	maaslin3	boots@80	real_perm	3	2781	0	0	0	1.60775116994814	1.00771245634459	2112	394
rice_strat	maaslin3	boots@80	real_perm	4	2815	0	0	0	1.65524654895324	0.918625540466476	2112	394
rice_strat	maaslin3	boots@80	real_perm	5	2808	0	0	0	1.61884801468135	1.05856209150327	10382	394
rice_strat	maaslin3	boots@80	real_perm	6	2834	0	0	0	1.62270083320233	1.00623179408815	10382	394
rice_strat	maaslin3	boots@80	real_perm	7	2791	0	0	0	1.5892973290531	1.03148518896833	16016	394
rice_strat	maaslin3	boots@80	real_perm	8	2748	0	0	0	1.66095956251469	1.1162002426036	2112	394
rice_strat	maaslin3	boots@80	real_perm	9	2862	0	0	0	1.59581610767461	1.09072076103349	2112	394
rice_strat	maaslin3	boots@80	real_perm	10	2729	0	0	0	1.60265367604641	0.958762968305422	10382	394
rice_strat	maaslin3	boots@80	real_perm	11	2747	0	0	0	1.63640441757631	0.989252501850243	2112	394
rice_strat	maaslin3	boots@80	real_perm	12	2812	0	0	0	1.62373832165499	0.963829326402426	2112	394
rice_strat	maaslin3	boots@80	real_perm	13	2791	0	0	0	1.60404548551066	1.04824706366033	10382	394
rice_strat	maaslin3	boots@80	real_perm	14	2787	0	0	0	1.58361574214938	1.03562781612403	2112	394
rice_strat	maaslin3	boots@80	real_perm	15	2766	0	0	0	1.62118885488261	1.02390863313423	2112	394
rice_strat	maaslin3	boots@80	real_perm	16	2803	0	0	0	1.60688692805657	0.998401189515001	2112	394
rice_strat	maaslin3	boots@80	real_perm	17	2850	0	0	0	1.65239418031653	1.02409940499289	2112	394
rice_strat	maaslin3	boots@80	real_perm	18	2846	0	0	0	1.58774825761149	1.00674411969822	14853	394
rice_strat	maaslin3	boots@80	real_perm	19	2755	0	0	0	1.66142466634507	0.974545249306586	2112	394
rice_strat	maaslin3	boots@80	real_perm	20	2824	0	0	0	1.6059496996997	0.924009047824214	10382	394
rice_strat	maaslin3	boots@80	real_perm	21	2804	0	0	0	1.56135305679115	0.9539840699188	2112	394
rice_strat	maaslin3	boots@80	real_perm	22	2780	0	0	0	1.62347669678683	1.01837130822078	2112	394
rice_strat	maaslin3	boots@80	real_perm	23	2838	0	0	0	1.62841644720966	0.955640848172151	10382	394
rice_strat	maaslin3	boots@80	real_perm	24	2794	0	0	0	1.60257424094229	1.0104238112708	2112	394
rice_strat	maaslin3	boots@80	real_perm	25	2777	0	0	0	1.59612627789927	1.10103369194968	2112	394
rice_strat	maaslin3	boots@90	real_depth	1	2782	0	0	0	1.6392285832881	0.974387758351645	2112	394
rice_strat	maaslin3	boots@90	real_depth	2	2813	0	0	0	1.64130735949189	0.97252562791315	2112	394
rice_strat	maaslin3	boots@90	real_depth	3	2781	0	0	0	1.60775116994814	1.00771245634459	2112	394
rice_strat	maaslin3	boots@90	real_depth	4	2815	0	0	0	1.65524654895324	0.918625540466476	2112	394
rice_strat	maaslin3	boots@90	real_depth	5	2808	4	0.00142450142450142	1	1.61884801468135	1.05856209150327	10382	394
rice_strat	maaslin3	boots@90	real_depth	6	2834	9	0.0031757233592096	1	1.62270083320233	1.00623179408815	10382	394
rice_strat	maaslin3	boots@90	real_depth	7	2791	15	0.0053744177714081	1	1.5892973290531	1.03148518896833	16016	394
rice_strat	maaslin3	boots@90	real_depth	8	2748	0	0	0	1.66095956251469	1.1162002426036	2112	394
rice_strat	maaslin3	boots@90	real_depth	9	2862	0	0	0	1.59581610767461	1.09072076103349	2112	394
rice_strat	maaslin3	boots@90	real_depth	10	2729	10	0.00366434591425431	1	1.60265367604641	0.958762968305422	10382	394
rice_strat	maaslin3	boots@90	real_depth	11	2747	0	0	0	1.63640441757631	0.989252501850243	2112	394
rice_strat	maaslin3	boots@90	real_depth	12	2812	0	0	0	1.62373832165499	0.963829326402426	2112	394
rice_strat	maaslin3	boots@90	real_depth	13	2791	5	0.00179147259046937	1	1.60404548551066	1.04824706366033	10382	394
rice_strat	maaslin3	boots@90	real_depth	14	2787	0	0	0	1.58361574214938	1.03562781612403	2112	394
rice_strat	maaslin3	boots@90	real_depth	15	2766	0	0	0	1.62118885488261	1.02390863313423	2112	394
rice_strat	maaslin3	boots@90	real_depth	16	2803	1	0.000356760613628255	1	1.60688692805657	0.998401189515001	2112	394
rice_strat	maaslin3	boots@90	real_depth	17	2850	0	0	0	1.65239418031653	1.02409940499289	2112	394
rice_strat	maaslin3	boots@90	real_depth	18	2846	15	0.00527055516514406	1	1.58774825761149	1.00674411969822	14853	394
rice_strat	maaslin3	boots@90	real_depth	19	2755	0	0	0	1.66142466634507	0.974545249306586	2112	394
rice_strat	maaslin3	boots@90	real_depth	20	2824	13	0.00460339943342776	1	1.6059496996997	0.924009047824214	10382	394
rice_strat	maaslin3	boots@90	real_depth	21	2804	0	0	0	1.56135305679115	0.9539840699188	2112	394
rice_strat	maaslin3	boots@90	real_depth	22	2780	1	0.000359712230215827	1	1.62347669678683	1.01837130822078	2112	394
rice_strat	maaslin3	boots@90	real_depth	23	2838	6	0.00211416490486258	1	1.62841644720966	0.955640848172151	10382	394
rice_strat	maaslin3	boots@90	real_depth	24	2794	0	0	0	1.60257424094229	1.0104238112708	2112	394
rice_strat	maaslin3	boots@90	real_depth	25	2777	0	0	0	1.59612627789927	1.10103369194968	2112	394
rice_strat	maaslin3	boots@90	real_perm	1	2782	0	0	0	1.6392285832881	0.974387758351645	2112	394
rice_strat	maaslin3	boots@90	real_perm	2	2813	0	0	0	1.64130735949189	0.97252562791315	2112	394
rice_strat	maaslin3	boots@90	real_perm	3	2781	0	0	0	1.60775116994814	1.00771245634459	2112	394
rice_strat	maaslin3	boots@90	real_perm	4	2815	0	0	0	1.65524654895324	0.918625540466476	2112	394
rice_strat	maaslin3	boots@90	real_perm	5	2808	0	0	0	1.61884801468135	1.05856209150327	10382	394
rice_strat	maaslin3	boots@90	real_perm	6	2834	0	0	0	1.62270083320233	1.00623179408815	10382	394
rice_strat	maaslin3	boots@90	real_perm	7	2791	0	0	0	1.5892973290531	1.03148518896833	16016	394
rice_strat	maaslin3	boots@90	real_perm	8	2748	0	0	0	1.66095956251469	1.1162002426036	2112	394
rice_strat	maaslin3	boots@90	real_perm	9	2862	0	0	0	1.59581610767461	1.09072076103349	2112	394
rice_strat	maaslin3	boots@90	real_perm	10	2729	0	0	0	1.60265367604641	0.958762968305422	10382	394
rice_strat	maaslin3	boots@90	real_perm	11	2747	0	0	0	1.63640441757631	0.989252501850243	2112	394
rice_strat	maaslin3	boots@90	real_perm	12	2812	0	0	0	1.62373832165499	0.963829326402426	2112	394
rice_strat	maaslin3	boots@90	real_perm	13	2791	0	0	0	1.60404548551066	1.04824706366033	10382	394
rice_strat	maaslin3	boots@90	real_perm	14	2787	0	0	0	1.58361574214938	1.03562781612403	2112	394
rice_strat	maaslin3	boots@90	real_perm	15	2766	0	0	0	1.62118885488261	1.02390863313423	2112	394
rice_strat	maaslin3	boots@90	real_perm	16	2803	0	0	0	1.60688692805657	0.998401189515001	2112	394
rice_strat	maaslin3	boots@90	real_perm	17	2850	0	0	0	1.65239418031653	1.02409940499289	2112	394
rice_strat	maaslin3	boots@90	real_perm	18	2846	0	0	0	1.58774825761149	1.00674411969822	14853	394
rice_strat	maaslin3	boots@90	real_perm	19	2755	0	0	0	1.66142466634507	0.974545249306586	2112	394
rice_strat	maaslin3	boots@90	real_perm	20	2824	0	0	0	1.6059496996997	0.924009047824214	10382	394
rice_strat	maaslin3	boots@90	real_perm	21	2804	0	0	0	1.56135305679115	0.9539840699188	2112	394
rice_strat	maaslin3	boots@90	real_perm	22	2780	0	0	0	1.62347669678683	1.01837130822078	2112	394
rice_strat	maaslin3	boots@90	real_perm	23	2838	0	0	0	1.62841644720966	0.955640848172151	10382	394
rice_strat	maaslin3	boots@90	real_perm	24	2794	0	0	0	1.60257424094229	1.0104238112708	2112	394
rice_strat	maaslin3	boots@90	real_perm	25	2777	0	0	0	1.59612627789927	1.10103369194968	2112	394
rice_strat	maaslin3	rarefied	real_depth	1	2782	15	0.00539180445722502	1	1.6392285832881	0.974387758351645	2112	394
rice_strat	maaslin3	rarefied	real_depth	2	2813	8	0.00284393885531461	1	1.64130735949189	0.97252562791315	2112	394
rice_strat	maaslin3	rarefied	real_depth	3	2781	14	0.0050341603739662	1	1.60775116994814	1.00771245634459	2112	394
rice_strat	maaslin3	rarefied	real_depth	4	2815	15	0.00532859680284192	1	1.65524654895324	0.918625540466476	2112	394
rice_strat	maaslin3	rarefied	real_depth	5	2808	41	0.0146011396011396	1	1.61884801468135	1.05856209150327	10382	394
rice_strat	maaslin3	rarefied	real_depth	6	2834	54	0.0190543401552576	1	1.62270083320233	1.00623179408815	10382	394
rice_strat	maaslin3	rarefied	real_depth	7	2791	52	0.0186313149408814	1	1.5892973290531	1.03148518896833	16016	394
rice_strat	maaslin3	rarefied	real_depth	8	2748	8	0.00291120815138282	1	1.66095956251469	1.1162002426036	2112	394
rice_strat	maaslin3	rarefied	real_depth	9	2862	5	0.00174703004891684	1	1.59581610767461	1.09072076103349	2112	394
rice_strat	maaslin3	rarefied	real_depth	10	2729	59	0.0216196408941004	1	1.60265367604641	0.958762968305422	10382	394
rice_strat	maaslin3	rarefied	real_depth	11	2747	0	0	0	1.63640441757631	0.989252501850243	2112	394
rice_strat	maaslin3	rarefied	real_depth	12	2812	3	0.00106685633001422	1	1.62373832165499	0.963829326402426	2112	394
rice_strat	maaslin3	rarefied	real_depth	13	2791	53	0.0189896094589753	1	1.60404548551066	1.04824706366033	10382	394
rice_strat	maaslin3	rarefied	real_depth	14	2787	4	0.00143523501973448	1	1.58361574214938	1.03562781612403	2112	394
rice_strat	maaslin3	rarefied	real_depth	15	2766	14	0.00506146059291396	1	1.62118885488261	1.02390863313423	2112	394
rice_strat	maaslin3	rarefied	real_depth	16	2803	3	0.00107028184088477	1	1.60688692805657	0.998401189515001	2112	394
rice_strat	maaslin3	rarefied	real_depth	17	2850	3	0.00105263157894737	1	1.65239418031653	1.02409940499289	2112	394
rice_strat	maaslin3	rarefied	real_depth	18	2846	51	0.0179198875614898	1	1.58774825761149	1.00674411969822	14853	394
rice_strat	maaslin3	rarefied	real_depth	19	2755	7	0.00254083484573503	1	1.66142466634507	0.974545249306586	2112	394
rice_strat	maaslin3	rarefied	real_depth	20	2824	52	0.018413597733711	1	1.6059496996997	0.924009047824214	10382	394
rice_strat	maaslin3	rarefied	real_depth	21	2804	1	0.000356633380884451	1	1.56135305679115	0.9539840699188	2112	394
rice_strat	maaslin3	rarefied	real_depth	22	2780	22	0.0079136690647482	1	1.62347669678683	1.01837130822078	2112	394
rice_strat	maaslin3	rarefied	real_depth	23	2838	36	0.0126849894291755	1	1.62841644720966	0.955640848172151	10382	394
rice_strat	maaslin3	rarefied	real_depth	24	2794	16	0.00572655690765927	1	1.60257424094229	1.0104238112708	2112	394
rice_strat	maaslin3	rarefied	real_depth	25	2777	2	0.00072020165646381	1	1.59612627789927	1.10103369194968	2112	394
rice_strat	maaslin3	rarefied	real_perm	1	2782	0	0	0	1.6392285832881	0.974387758351645	2112	394
rice_strat	maaslin3	rarefied	real_perm	2	2813	0	0	0	1.64130735949189	0.97252562791315	2112	394
rice_strat	maaslin3	rarefied	real_perm	3	2781	0	0	0	1.60775116994814	1.00771245634459	2112	394
rice_strat	maaslin3	rarefied	real_perm	4	2815	0	0	0	1.65524654895324	0.918625540466476	2112	394
rice_strat	maaslin3	rarefied	real_perm	5	2808	0	0	0	1.61884801468135	1.05856209150327	10382	394
rice_strat	maaslin3	rarefied	real_perm	6	2834	0	0	0	1.62270083320233	1.00623179408815	10382	394
rice_strat	maaslin3	rarefied	real_perm	7	2791	0	0	0	1.5892973290531	1.03148518896833	16016	394
rice_strat	maaslin3	rarefied	real_perm	8	2748	0	0	0	1.66095956251469	1.1162002426036	2112	394
rice_strat	maaslin3	rarefied	real_perm	9	2862	0	0	0	1.59581610767461	1.09072076103349	2112	394
rice_strat	maaslin3	rarefied	real_perm	10	2729	0	0	0	1.60265367604641	0.958762968305422	10382	394
rice_strat	maaslin3	rarefied	real_perm	11	2747	0	0	0	1.63640441757631	0.989252501850243	2112	394
rice_strat	maaslin3	rarefied	real_perm	12	2812	1	0.000355618776671408	1	1.62373832165499	0.963829326402426	2112	394
rice_strat	maaslin3	rarefied	real_perm	13	2791	0	0	0	1.60404548551066	1.04824706366033	10382	394
rice_strat	maaslin3	rarefied	real_perm	14	2787	1	0.00035880875493362	1	1.58361574214938	1.03562781612403	2112	394
rice_strat	maaslin3	rarefied	real_perm	15	2766	1	0.000361532899493854	1	1.62118885488261	1.02390863313423	2112	394
rice_strat	maaslin3	rarefied	real_perm	16	2803	0	0	0	1.60688692805657	0.998401189515001	2112	394
rice_strat	maaslin3	rarefied	real_perm	17	2850	0	0	0	1.65239418031653	1.02409940499289	2112	394
rice_strat	maaslin3	rarefied	real_perm	18	2846	0	0	0	1.58774825761149	1.00674411969822	14853	394
rice_strat	maaslin3	rarefied	real_perm	19	2755	0	0	0	1.66142466634507	0.974545249306586	2112	394
rice_strat	maaslin3	rarefied	real_perm	20	2824	0	0	0	1.6059496996997	0.924009047824214	10382	394
rice_strat	maaslin3	rarefied	real_perm	21	2804	0	0	0	1.56135305679115	0.9539840699188	2112	394
rice_strat	maaslin3	rarefied	real_perm	22	2780	0	0	0	1.62347669678683	1.01837130822078	2112	394
rice_strat	maaslin3	rarefied	real_perm	23	2838	0	0	0	1.62841644720966	0.955640848172151	10382	394
rice_strat	maaslin3	rarefied	real_perm	24	2794	1	0.000357909806728704	1	1.60257424094229	1.0104238112708	2112	394
rice_strat	maaslin3	rarefied	real_perm	25	2777	1	0.000360100828231905	1	1.59612627789927	1.10103369194968	2112	394
rice_strat	maaslin3	raw	real_depth	1	2782	159	0.0571531272465852	1	1.6392285832881	0.974387758351645	2112	394
rice_strat	maaslin3	raw	real_depth	2	2813	144	0.051190899395663	1	1.64130735949189	0.97252562791315	2112	394
rice_strat	maaslin3	raw	real_depth	3	2781	146	0.0524991010427904	1	1.60775116994814	1.00771245634459	2112	394
rice_strat	maaslin3	raw	real_depth	4	2815	140	0.0497335701598579	1	1.65524654895324	0.918625540466476	2112	394
rice_strat	maaslin3	raw	real_depth	5	2808	112	0.0398860398860399	1	1.61884801468135	1.05856209150327	10382	394
rice_strat	maaslin3	raw	real_depth	6	2834	142	0.050105857445307	1	1.62270083320233	1.00623179408815	10382	394
rice_strat	maaslin3	raw	real_depth	7	2791	111	0.0397706915084199	1	1.5892973290531	1.03148518896833	16016	394
rice_strat	maaslin3	raw	real_depth	8	2748	128	0.0465793304221252	1	1.66095956251469	1.1162002426036	2112	394
rice_strat	maaslin3	raw	real_depth	9	2862	147	0.0513626834381551	1	1.59581610767461	1.09072076103349	2112	394
rice_strat	maaslin3	raw	real_depth	10	2729	121	0.0443385855624771	1	1.60265367604641	0.958762968305422	10382	394
rice_strat	maaslin3	raw	real_depth	11	2747	143	0.0520567892246087	1	1.63640441757631	0.989252501850243	2112	394
rice_strat	maaslin3	raw	real_depth	12	2812	133	0.0472972972972973	1	1.62373832165499	0.963829326402426	2112	394
rice_strat	maaslin3	raw	real_depth	13	2791	104	0.0372626298817628	1	1.60404548551066	1.04824706366033	10382	394
rice_strat	maaslin3	raw	real_depth	14	2787	103	0.0369573017581629	1	1.58361574214938	1.03562781612403	2112	394
rice_strat	maaslin3	raw	real_depth	15	2766	174	0.0629067245119306	1	1.62118885488261	1.02390863313423	2112	394
rice_strat	maaslin3	raw	real_depth	16	2803	109	0.0388869068854798	1	1.60688692805657	0.998401189515001	2112	394
rice_strat	maaslin3	raw	real_depth	17	2850	122	0.0428070175438596	1	1.65239418031653	1.02409940499289	2112	394
rice_strat	maaslin3	raw	real_depth	18	2846	139	0.0488404778636683	1	1.58774825761149	1.00674411969822	14853	394
rice_strat	maaslin3	raw	real_depth	19	2755	123	0.0446460980036298	1	1.66142466634507	0.974545249306586	2112	394
rice_strat	maaslin3	raw	real_depth	20	2824	144	0.0509915014164306	1	1.6059496996997	0.924009047824214	10382	394
rice_strat	maaslin3	raw	real_depth	21	2804	78	0.0278174037089872	1	1.56135305679115	0.9539840699188	2112	394
rice_strat	maaslin3	raw	real_depth	22	2780	226	0.081294964028777	1	1.62347669678683	1.01837130822078	2112	394
rice_strat	maaslin3	raw	real_depth	23	2838	85	0.0299506694855532	1	1.62841644720966	0.955640848172151	10382	394
rice_strat	maaslin3	raw	real_depth	24	2794	132	0.047244094488189	1	1.60257424094229	1.0104238112708	2112	394
rice_strat	maaslin3	raw	real_depth	25	2777	120	0.0432120993878286	1	1.59612627789927	1.10103369194968	2112	394
rice_strat	maaslin3	raw	real_perm	1	2782	0	0	0	1.6392285832881	0.974387758351645	2112	394
rice_strat	maaslin3	raw	real_perm	2	2813	0	0	0	1.64130735949189	0.97252562791315	2112	394
rice_strat	maaslin3	raw	real_perm	3	2781	0	0	0	1.60775116994814	1.00771245634459	2112	394
rice_strat	maaslin3	raw	real_perm	4	2815	0	0	0	1.65524654895324	0.918625540466476	2112	394
rice_strat	maaslin3	raw	real_perm	5	2808	0	0	0	1.61884801468135	1.05856209150327	10382	394
rice_strat	maaslin3	raw	real_perm	6	2834	0	0	0	1.62270083320233	1.00623179408815	10382	394
rice_strat	maaslin3	raw	real_perm	7	2791	0	0	0	1.5892973290531	1.03148518896833	16016	394
rice_strat	maaslin3	raw	real_perm	8	2748	0	0	0	1.66095956251469	1.1162002426036	2112	394
rice_strat	maaslin3	raw	real_perm	9	2862	0	0	0	1.59581610767461	1.09072076103349	2112	394
rice_strat	maaslin3	raw	real_perm	10	2729	0	0	0	1.60265367604641	0.958762968305422	10382	394
rice_strat	maaslin3	raw	real_perm	11	2747	0	0	0	1.63640441757631	0.989252501850243	2112	394
rice_strat	maaslin3	raw	real_perm	12	2812	0	0	0	1.62373832165499	0.963829326402426	2112	394
rice_strat	maaslin3	raw	real_perm	13	2791	0	0	0	1.60404548551066	1.04824706366033	10382	394
rice_strat	maaslin3	raw	real_perm	14	2787	0	0	0	1.58361574214938	1.03562781612403	2112	394
rice_strat	maaslin3	raw	real_perm	15	2766	0	0	0	1.62118885488261	1.02390863313423	2112	394
rice_strat	maaslin3	raw	real_perm	16	2803	0	0	0	1.60688692805657	0.998401189515001	2112	394
rice_strat	maaslin3	raw	real_perm	17	2850	0	0	0	1.65239418031653	1.02409940499289	2112	394
rice_strat	maaslin3	raw	real_perm	18	2846	0	0	0	1.58774825761149	1.00674411969822	14853	394
rice_strat	maaslin3	raw	real_perm	19	2755	0	0	0	1.66142466634507	0.974545249306586	2112	394
rice_strat	maaslin3	raw	real_perm	20	2824	0	0	0	1.6059496996997	0.924009047824214	10382	394
rice_strat	maaslin3	raw	real_perm	21	2804	0	0	0	1.56135305679115	0.9539840699188	2112	394
rice_strat	maaslin3	raw	real_perm	22	2780	0	0	0	1.62347669678683	1.01837130822078	2112	394
rice_strat	maaslin3	raw	real_perm	23	2838	0	0	0	1.62841644720966	0.955640848172151	10382	394
rice_strat	maaslin3	raw	real_perm	24	2794	0	0	0	1.60257424094229	1.0104238112708	2112	394
rice_strat	maaslin3	raw	real_perm	25	2777	0	0	0	1.59612627789927	1.10103369194968	2112	394
rice_strat	maaslin3_prev	rarefied	real_depth	1	2782	97	0.0348670021567218	1	1.6392285832881	0.974387758351645	2112	394
rice_strat	maaslin3_prev	rarefied	real_depth	2	2813	46	0.016352648418059	1	1.64130735949189	0.97252562791315	2112	394
rice_strat	maaslin3_prev	rarefied	real_depth	3	2781	58	0.0208558072635743	1	1.60775116994814	1.00771245634459	2112	394
rice_strat	maaslin3_prev	rarefied	real_depth	4	2815	47	0.016696269982238	1	1.65524654895324	0.918625540466476	2112	394
rice_strat	maaslin3_prev	rarefied	real_depth	5	2808	289	0.102920227920228	1	1.61884801468135	1.05856209150327	10382	394
rice_strat	maaslin3_prev	rarefied	real_depth	6	2834	289	0.10197600564573	1	1.62270083320233	1.00623179408815	10382	394
rice_strat	maaslin3_prev	rarefied	real_depth	7	2791	305	0.109279828018631	1	1.5892973290531	1.03148518896833	16016	394
rice_strat	maaslin3_prev	rarefied	real_depth	8	2748	24	0.00873362445414847	1	1.66095956251469	1.1162002426036	2112	394
rice_strat	maaslin3_prev	rarefied	real_depth	9	2862	7	0.00244584206848358	1	1.59581610767461	1.09072076103349	2112	394
rice_strat	maaslin3_prev	rarefied	real_depth	10	2729	308	0.112861854159033	1	1.60265367604641	0.958762968305422	10382	394
rice_strat	maaslin3_prev	rarefied	real_depth	11	2747	2	0.000728066982162359	1	1.63640441757631	0.989252501850243	2112	394
rice_strat	maaslin3_prev	rarefied	real_depth	12	2812	31	0.0110241820768137	1	1.62373832165499	0.963829326402426	2112	394
rice_strat	maaslin3_prev	rarefied	real_depth	13	2791	342	0.122536725188105	1	1.60404548551066	1.04824706366033	10382	394
rice_strat	maaslin3_prev	rarefied	real_depth	14	2787	8	0.00287047003946896	1	1.58361574214938	1.03562781612403	2112	394
rice_strat	maaslin3_prev	rarefied	real_depth	15	2766	130	0.046999276934201	1	1.62118885488261	1.02390863313423	2112	394
rice_strat	maaslin3_prev	rarefied	real_depth	16	2803	14	0.00499464859079558	1	1.60688692805657	0.998401189515001	2112	394
rice_strat	maaslin3_prev	rarefied	real_depth	17	2850	16	0.0056140350877193	1	1.65239418031653	1.02409940499289	2112	394
rice_strat	maaslin3_prev	rarefied	real_depth	18	2846	361	0.1268446943078	1	1.58774825761149	1.00674411969822	14853	394
rice_strat	maaslin3_prev	rarefied	real_depth	19	2755	29	0.0105263157894737	1	1.66142466634507	0.974545249306586	2112	394
rice_strat	maaslin3_prev	rarefied	real_depth	20	2824	324	0.114730878186969	1	1.6059496996997	0.924009047824214	10382	394
rice_strat	maaslin3_prev	rarefied	real_depth	21	2804	7	0.00249643366619116	1	1.56135305679115	0.9539840699188	2112	394
rice_strat	maaslin3_prev	rarefied	real_depth	22	2780	139	0.05	1	1.62347669678683	1.01837130822078	2112	394
rice_strat	maaslin3_prev	rarefied	real_depth	23	2838	230	0.0810429880197322	1	1.62841644720966	0.955640848172151	10382	394
rice_strat	maaslin3_prev	rarefied	real_depth	24	2794	81	0.0289906943450251	1	1.60257424094229	1.0104238112708	2112	394
rice_strat	maaslin3_prev	rarefied	real_depth	25	2777	4	0.00144040331292762	1	1.59612627789927	1.10103369194968	2112	394
rice_strat	maaslin3_prev	rarefied	real_perm	1	2782	0	0	0	1.6392285832881	0.974387758351645	2112	394
rice_strat	maaslin3_prev	rarefied	real_perm	2	2813	0	0	0	1.64130735949189	0.97252562791315	2112	394
rice_strat	maaslin3_prev	rarefied	real_perm	3	2781	0	0	0	1.60775116994814	1.00771245634459	2112	394
rice_strat	maaslin3_prev	rarefied	real_perm	4	2815	0	0	0	1.65524654895324	0.918625540466476	2112	394
rice_strat	maaslin3_prev	rarefied	real_perm	5	2808	0	0	0	1.61884801468135	1.05856209150327	10382	394
rice_strat	maaslin3_prev	rarefied	real_perm	6	2834	0	0	0	1.62270083320233	1.00623179408815	10382	394
rice_strat	maaslin3_prev	rarefied	real_perm	7	2791	0	0	0	1.5892973290531	1.03148518896833	16016	394
rice_strat	maaslin3_prev	rarefied	real_perm	8	2748	0	0	0	1.66095956251469	1.1162002426036	2112	394
rice_strat	maaslin3_prev	rarefied	real_perm	9	2862	0	0	0	1.59581610767461	1.09072076103349	2112	394
rice_strat	maaslin3_prev	rarefied	real_perm	10	2729	0	0	0	1.60265367604641	0.958762968305422	10382	394
rice_strat	maaslin3_prev	rarefied	real_perm	11	2747	0	0	0	1.63640441757631	0.989252501850243	2112	394
rice_strat	maaslin3_prev	rarefied	real_perm	12	2812	0	0	0	1.62373832165499	0.963829326402426	2112	394
rice_strat	maaslin3_prev	rarefied	real_perm	13	2791	0	0	0	1.60404548551066	1.04824706366033	10382	394
rice_strat	maaslin3_prev	rarefied	real_perm	14	2787	0	0	0	1.58361574214938	1.03562781612403	2112	394
rice_strat	maaslin3_prev	rarefied	real_perm	15	2766	0	0	0	1.62118885488261	1.02390863313423	2112	394
rice_strat	maaslin3_prev	rarefied	real_perm	16	2803	0	0	0	1.60688692805657	0.998401189515001	2112	394
rice_strat	maaslin3_prev	rarefied	real_perm	17	2850	0	0	0	1.65239418031653	1.02409940499289	2112	394
rice_strat	maaslin3_prev	rarefied	real_perm	18	2846	0	0	0	1.58774825761149	1.00674411969822	14853	394
rice_strat	maaslin3_prev	rarefied	real_perm	19	2755	0	0	0	1.66142466634507	0.974545249306586	2112	394
rice_strat	maaslin3_prev	rarefied	real_perm	20	2824	0	0	0	1.6059496996997	0.924009047824214	10382	394
rice_strat	maaslin3_prev	rarefied	real_perm	21	2804	0	0	0	1.56135305679115	0.9539840699188	2112	394
rice_strat	maaslin3_prev	rarefied	real_perm	22	2780	0	0	0	1.62347669678683	1.01837130822078	2112	394
rice_strat	maaslin3_prev	rarefied	real_perm	23	2838	0	0	0	1.62841644720966	0.955640848172151	10382	394
rice_strat	maaslin3_prev	rarefied	real_perm	24	2794	0	0	0	1.60257424094229	1.0104238112708	2112	394
rice_strat	maaslin3_prev	rarefied	real_perm	25	2777	0	0	0	1.59612627789927	1.10103369194968	2112	394
rice_strat	maaslin3_prev	raw	real_depth	1	2782	637	0.228971962616822	1	1.6392285832881	0.974387758351645	2112	394
rice_strat	maaslin3_prev	raw	real_depth	2	2813	485	0.172413793103448	1	1.64130735949189	0.97252562791315	2112	394
rice_strat	maaslin3_prev	raw	real_depth	3	2781	519	0.186623516720604	1	1.60775116994814	1.00771245634459	2112	394
rice_strat	maaslin3_prev	raw	real_depth	4	2815	593	0.210657193605684	1	1.65524654895324	0.918625540466476	2112	394
rice_strat	maaslin3_prev	raw	real_depth	5	2808	522	0.185897435897436	1	1.61884801468135	1.05856209150327	10382	394
rice_strat	maaslin3_prev	raw	real_depth	6	2834	523	0.18454481298518	1	1.62270083320233	1.00623179408815	10382	394
rice_strat	maaslin3_prev	raw	real_depth	7	2791	462	0.165532067359369	1	1.5892973290531	1.03148518896833	16016	394
rice_strat	maaslin3_prev	raw	real_depth	8	2748	462	0.168122270742358	1	1.66095956251469	1.1162002426036	2112	394
rice_strat	maaslin3_prev	raw	real_depth	9	2862	522	0.182389937106918	1	1.59581610767461	1.09072076103349	2112	394
rice_strat	maaslin3_prev	raw	real_depth	10	2729	472	0.172957127152803	1	1.60265367604641	0.958762968305422	10382	394
rice_strat	maaslin3_prev	raw	real_depth	11	2747	601	0.218784128139789	1	1.63640441757631	0.989252501850243	2112	394
rice_strat	maaslin3_prev	raw	real_depth	12	2812	583	0.207325746799431	1	1.62373832165499	0.963829326402426	2112	394
rice_strat	maaslin3_prev	raw	real_depth	13	2791	571	0.204586169831602	1	1.60404548551066	1.04824706366033	10382	394
rice_strat	maaslin3_prev	raw	real_depth	14	2787	437	0.156799425905992	1	1.58361574214938	1.03562781612403	2112	394
rice_strat	maaslin3_prev	raw	real_depth	15	2766	737	0.26644974692697	1	1.62118885488261	1.02390863313423	2112	394
rice_strat	maaslin3_prev	raw	real_depth	16	2803	468	0.166963967178024	1	1.60688692805657	0.998401189515001	2112	394
rice_strat	maaslin3_prev	raw	real_depth	17	2850	516	0.181052631578947	1	1.65239418031653	1.02409940499289	2112	394
rice_strat	maaslin3_prev	raw	real_depth	18	2846	515	0.180955727336613	1	1.58774825761149	1.00674411969822	14853	394
rice_strat	maaslin3_prev	raw	real_depth	19	2755	416	0.150998185117967	1	1.66142466634507	0.974545249306586	2112	394
rice_strat	maaslin3_prev	raw	real_depth	20	2824	560	0.198300283286119	1	1.6059496996997	0.924009047824214	10382	394
rice_strat	maaslin3_prev	raw	real_depth	21	2804	353	0.125891583452211	1	1.56135305679115	0.9539840699188	2112	394
rice_strat	maaslin3_prev	raw	real_depth	22	2780	725	0.260791366906475	1	1.62347669678683	1.01837130822078	2112	394
rice_strat	maaslin3_prev	raw	real_depth	23	2838	411	0.144820295983087	1	1.62841644720966	0.955640848172151	10382	394
rice_strat	maaslin3_prev	raw	real_depth	24	2794	556	0.19899785254116	1	1.60257424094229	1.0104238112708	2112	394
rice_strat	maaslin3_prev	raw	real_depth	25	2777	517	0.186172128195895	1	1.59612627789927	1.10103369194968	2112	394
rice_strat	maaslin3_prev	raw	real_perm	1	2782	0	0	0	1.6392285832881	0.974387758351645	2112	394
rice_strat	maaslin3_prev	raw	real_perm	2	2813	0	0	0	1.64130735949189	0.97252562791315	2112	394
rice_strat	maaslin3_prev	raw	real_perm	3	2781	0	0	0	1.60775116994814	1.00771245634459	2112	394
rice_strat	maaslin3_prev	raw	real_perm	4	2815	0	0	0	1.65524654895324	0.918625540466476	2112	394
rice_strat	maaslin3_prev	raw	real_perm	5	2808	0	0	0	1.61884801468135	1.05856209150327	10382	394
rice_strat	maaslin3_prev	raw	real_perm	6	2834	0	0	0	1.62270083320233	1.00623179408815	10382	394
rice_strat	maaslin3_prev	raw	real_perm	7	2791	0	0	0	1.5892973290531	1.03148518896833	16016	394
rice_strat	maaslin3_prev	raw	real_perm	8	2748	0	0	0	1.66095956251469	1.1162002426036	2112	394
rice_strat	maaslin3_prev	raw	real_perm	9	2862	0	0	0	1.59581610767461	1.09072076103349	2112	394
rice_strat	maaslin3_prev	raw	real_perm	10	2729	0	0	0	1.60265367604641	0.958762968305422	10382	394
rice_strat	maaslin3_prev	raw	real_perm	11	2747	0	0	0	1.63640441757631	0.989252501850243	2112	394
rice_strat	maaslin3_prev	raw	real_perm	12	2812	0	0	0	1.62373832165499	0.963829326402426	2112	394
rice_strat	maaslin3_prev	raw	real_perm	13	2791	0	0	0	1.60404548551066	1.04824706366033	10382	394
rice_strat	maaslin3_prev	raw	real_perm	14	2787	0	0	0	1.58361574214938	1.03562781612403	2112	394
rice_strat	maaslin3_prev	raw	real_perm	15	2766	0	0	0	1.62118885488261	1.02390863313423	2112	394
rice_strat	maaslin3_prev	raw	real_perm	16	2803	0	0	0	1.60688692805657	0.998401189515001	2112	394
rice_strat	maaslin3_prev	raw	real_perm	17	2850	0	0	0	1.65239418031653	1.02409940499289	2112	394
rice_strat	maaslin3_prev	raw	real_perm	18	2846	0	0	0	1.58774825761149	1.00674411969822	14853	394
rice_strat	maaslin3_prev	raw	real_perm	19	2755	0	0	0	1.66142466634507	0.974545249306586	2112	394
rice_strat	maaslin3_prev	raw	real_perm	20	2824	0	0	0	1.6059496996997	0.924009047824214	10382	394
rice_strat	maaslin3_prev	raw	real_perm	21	2804	0	0	0	1.56135305679115	0.9539840699188	2112	394
rice_strat	maaslin3_prev	raw	real_perm	22	2780	0	0	0	1.62347669678683	1.01837130822078	2112	394
rice_strat	maaslin3_prev	raw	real_perm	23	2838	0	0	0	1.62841644720966	0.955640848172151	10382	394
rice_strat	maaslin3_prev	raw	real_perm	24	2794	0	0	0	1.60257424094229	1.0104238112708	2112	394
rice_strat	maaslin3_prev	raw	real_perm	25	2777	0	0	0	1.59612627789927	1.10103369194968	2112	394
rice_strat	wilcoxon	boots	real_depth	1	2782	252	0.0905823148813803	1	1.6392285832881	0.974387758351645	2112	394
rice_strat	wilcoxon	boots	real_depth	2	2813	113	0.0401706363313189	1	1.64130735949189	0.97252562791315	2112	394
rice_strat	wilcoxon	boots	real_depth	3	2781	192	0.0690399137001079	1	1.60775116994814	1.00771245634459	2112	394
rice_strat	wilcoxon	boots	real_depth	4	2815	176	0.0625222024866785	1	1.65524654895324	0.918625540466476	2112	394
rice_strat	wilcoxon	boots	real_depth	5	2808	393	0.139957264957265	1	1.61884801468135	1.05856209150327	10382	394
rice_strat	wilcoxon	boots	real_depth	6	2834	481	0.169724770642202	1	1.62270083320233	1.00623179408815	10382	394
rice_strat	wilcoxon	boots	real_depth	7	2791	476	0.170548190612684	1	1.5892973290531	1.03148518896833	16016	394
rice_strat	wilcoxon	boots	real_depth	8	2748	110	0.0400291120815138	1	1.66095956251469	1.1162002426036	2112	394
rice_strat	wilcoxon	boots	real_depth	9	2862	97	0.0338923829489867	1	1.59581610767461	1.09072076103349	2112	394
rice_strat	wilcoxon	boots	real_depth	10	2729	423	0.155001832172957	1	1.60265367604641	0.958762968305422	10382	394
rice_strat	wilcoxon	boots	real_depth	11	2747	139	0.050600655260284	1	1.63640441757631	0.989252501850243	2112	394
rice_strat	wilcoxon	boots	real_depth	12	2812	166	0.0590327169274538	1	1.62373832165499	0.963829326402426	2112	394
rice_strat	wilcoxon	boots	real_depth	13	2791	560	0.200644930132569	1	1.60404548551066	1.04824706366033	10382	394
rice_strat	wilcoxon	boots	real_depth	14	2787	42	0.0150699677072121	1	1.58361574214938	1.03562781612403	2112	394
rice_strat	wilcoxon	boots	real_depth	15	2766	309	0.111713665943601	1	1.62118885488261	1.02390863313423	2112	394
rice_strat	wilcoxon	boots	real_depth	16	2803	100	0.0356760613628255	1	1.60688692805657	0.998401189515001	2112	394
rice_strat	wilcoxon	boots	real_depth	17	2850	132	0.0463157894736842	1	1.65239418031653	1.02409940499289	2112	394
rice_strat	wilcoxon	boots	real_depth	18	2846	519	0.182361208713985	1	1.58774825761149	1.00674411969822	14853	394
rice_strat	wilcoxon	boots	real_depth	19	2755	105	0.0381125226860254	1	1.66142466634507	0.974545249306586	2112	394
rice_strat	wilcoxon	boots	real_depth	20	2824	549	0.194405099150142	1	1.6059496996997	0.924009047824214	10382	394
rice_strat	wilcoxon	boots	real_depth	21	2804	52	0.0185449358059914	1	1.56135305679115	0.9539840699188	2112	394
rice_strat	wilcoxon	boots	real_depth	22	2780	338	0.12158273381295	1	1.62347669678683	1.01837130822078	2112	394
rice_strat	wilcoxon	boots	real_depth	23	2838	366	0.128964059196617	1	1.62841644720966	0.955640848172151	10382	394
rice_strat	wilcoxon	boots	real_depth	24	2794	186	0.066571224051539	1	1.60257424094229	1.0104238112708	2112	394
rice_strat	wilcoxon	boots	real_depth	25	2777	107	0.0385307886208138	1	1.59612627789927	1.10103369194968	2112	394
rice_strat	wilcoxon	boots	real_perm	1	2782	0	0	0	1.6392285832881	0.974387758351645	2112	394
rice_strat	wilcoxon	boots	real_perm	2	2813	0	0	0	1.64130735949189	0.97252562791315	2112	394
rice_strat	wilcoxon	boots	real_perm	3	2781	0	0	0	1.60775116994814	1.00771245634459	2112	394
rice_strat	wilcoxon	boots	real_perm	4	2815	0	0	0	1.65524654895324	0.918625540466476	2112	394
rice_strat	wilcoxon	boots	real_perm	5	2808	0	0	0	1.61884801468135	1.05856209150327	10382	394
rice_strat	wilcoxon	boots	real_perm	6	2834	0	0	0	1.62270083320233	1.00623179408815	10382	394
rice_strat	wilcoxon	boots	real_perm	7	2791	0	0	0	1.5892973290531	1.03148518896833	16016	394
rice_strat	wilcoxon	boots	real_perm	8	2748	0	0	0	1.66095956251469	1.1162002426036	2112	394
rice_strat	wilcoxon	boots	real_perm	9	2862	0	0	0	1.59581610767461	1.09072076103349	2112	394
rice_strat	wilcoxon	boots	real_perm	10	2729	0	0	0	1.60265367604641	0.958762968305422	10382	394
rice_strat	wilcoxon	boots	real_perm	11	2747	0	0	0	1.63640441757631	0.989252501850243	2112	394
rice_strat	wilcoxon	boots	real_perm	12	2812	0	0	0	1.62373832165499	0.963829326402426	2112	394
rice_strat	wilcoxon	boots	real_perm	13	2791	0	0	0	1.60404548551066	1.04824706366033	10382	394
rice_strat	wilcoxon	boots	real_perm	14	2787	0	0	0	1.58361574214938	1.03562781612403	2112	394
rice_strat	wilcoxon	boots	real_perm	15	2766	0	0	0	1.62118885488261	1.02390863313423	2112	394
rice_strat	wilcoxon	boots	real_perm	16	2803	0	0	0	1.60688692805657	0.998401189515001	2112	394
rice_strat	wilcoxon	boots	real_perm	17	2850	0	0	0	1.65239418031653	1.02409940499289	2112	394
rice_strat	wilcoxon	boots	real_perm	18	2846	0	0	0	1.58774825761149	1.00674411969822	14853	394
rice_strat	wilcoxon	boots	real_perm	19	2755	0	0	0	1.66142466634507	0.974545249306586	2112	394
rice_strat	wilcoxon	boots	real_perm	20	2824	0	0	0	1.6059496996997	0.924009047824214	10382	394
rice_strat	wilcoxon	boots	real_perm	21	2804	0	0	0	1.56135305679115	0.9539840699188	2112	394
rice_strat	wilcoxon	boots	real_perm	22	2780	0	0	0	1.62347669678683	1.01837130822078	2112	394
rice_strat	wilcoxon	boots	real_perm	23	2838	0	0	0	1.62841644720966	0.955640848172151	10382	394
rice_strat	wilcoxon	boots	real_perm	24	2794	0	0	0	1.60257424094229	1.0104238112708	2112	394
rice_strat	wilcoxon	boots	real_perm	25	2777	0	0	0	1.59612627789927	1.10103369194968	2112	394
rice_strat	wilcoxon	boots@70	real_depth	1	2782	175	0.0629043853342919	1	1.6392285832881	0.974387758351645	2112	394
rice_strat	wilcoxon	boots@70	real_depth	2	2813	71	0.0252399573409172	1	1.64130735949189	0.97252562791315	2112	394
rice_strat	wilcoxon	boots@70	real_depth	3	2781	121	0.0435095289464221	1	1.60775116994814	1.00771245634459	2112	394
rice_strat	wilcoxon	boots@70	real_depth	4	2815	121	0.0429840142095915	1	1.65524654895324	0.918625540466476	2112	394
rice_strat	wilcoxon	boots@70	real_depth	5	2808	351	0.125	1	1.61884801468135	1.05856209150327	10382	394
rice_strat	wilcoxon	boots@70	real_depth	6	2834	424	0.149611856033874	1	1.62270083320233	1.00623179408815	10382	394
rice_strat	wilcoxon	boots@70	real_depth	7	2791	433	0.155141526334647	1	1.5892973290531	1.03148518896833	16016	394
rice_strat	wilcoxon	boots@70	real_depth	8	2748	65	0.0236535662299854	1	1.66095956251469	1.1162002426036	2112	394
rice_strat	wilcoxon	boots@70	real_depth	9	2862	59	0.0206149545772187	1	1.59581610767461	1.09072076103349	2112	394
rice_strat	wilcoxon	boots@70	real_depth	10	2729	380	0.139245144741664	1	1.60265367604641	0.958762968305422	10382	394
rice_strat	wilcoxon	boots@70	real_depth	11	2747	82	0.0298507462686567	1	1.63640441757631	0.989252501850243	2112	394
rice_strat	wilcoxon	boots@70	real_depth	12	2812	111	0.0394736842105263	1	1.62373832165499	0.963829326402426	2112	394
rice_strat	wilcoxon	boots@70	real_depth	13	2791	495	0.177355786456467	1	1.60404548551066	1.04824706366033	10382	394
rice_strat	wilcoxon	boots@70	real_depth	14	2787	25	0.00897021887334051	1	1.58361574214938	1.03562781612403	2112	394
rice_strat	wilcoxon	boots@70	real_depth	15	2766	212	0.076644974692697	1	1.62118885488261	1.02390863313423	2112	394
rice_strat	wilcoxon	boots@70	real_depth	16	2803	64	0.0228326792722083	1	1.60688692805657	0.998401189515001	2112	394
rice_strat	wilcoxon	boots@70	real_depth	17	2850	85	0.0298245614035088	1	1.65239418031653	1.02409940499289	2112	394
rice_strat	wilcoxon	boots@70	real_depth	18	2846	483	0.169711876317639	1	1.58774825761149	1.00674411969822	14853	394
rice_strat	wilcoxon	boots@70	real_depth	19	2755	67	0.0243194192377495	1	1.66142466634507	0.974545249306586	2112	394
rice_strat	wilcoxon	boots@70	real_depth	20	2824	486	0.172096317280453	1	1.6059496996997	0.924009047824214	10382	394
rice_strat	wilcoxon	boots@70	real_depth	21	2804	30	0.0106990014265335	1	1.56135305679115	0.9539840699188	2112	394
rice_strat	wilcoxon	boots@70	real_depth	22	2780	243	0.087410071942446	1	1.62347669678683	1.01837130822078	2112	394
rice_strat	wilcoxon	boots@70	real_depth	23	2838	316	0.111346018322763	1	1.62841644720966	0.955640848172151	10382	394
rice_strat	wilcoxon	boots@70	real_depth	24	2794	131	0.0468861846814603	1	1.60257424094229	1.0104238112708	2112	394
rice_strat	wilcoxon	boots@70	real_depth	25	2777	72	0.0259272596326972	1	1.59612627789927	1.10103369194968	2112	394
rice_strat	wilcoxon	boots@70	real_perm	1	2782	0	0	0	1.6392285832881	0.974387758351645	2112	394
rice_strat	wilcoxon	boots@70	real_perm	2	2813	0	0	0	1.64130735949189	0.97252562791315	2112	394
rice_strat	wilcoxon	boots@70	real_perm	3	2781	0	0	0	1.60775116994814	1.00771245634459	2112	394
rice_strat	wilcoxon	boots@70	real_perm	4	2815	0	0	0	1.65524654895324	0.918625540466476	2112	394
rice_strat	wilcoxon	boots@70	real_perm	5	2808	0	0	0	1.61884801468135	1.05856209150327	10382	394
rice_strat	wilcoxon	boots@70	real_perm	6	2834	0	0	0	1.62270083320233	1.00623179408815	10382	394
rice_strat	wilcoxon	boots@70	real_perm	7	2791	0	0	0	1.5892973290531	1.03148518896833	16016	394
rice_strat	wilcoxon	boots@70	real_perm	8	2748	0	0	0	1.66095956251469	1.1162002426036	2112	394
rice_strat	wilcoxon	boots@70	real_perm	9	2862	0	0	0	1.59581610767461	1.09072076103349	2112	394
rice_strat	wilcoxon	boots@70	real_perm	10	2729	0	0	0	1.60265367604641	0.958762968305422	10382	394
rice_strat	wilcoxon	boots@70	real_perm	11	2747	0	0	0	1.63640441757631	0.989252501850243	2112	394
rice_strat	wilcoxon	boots@70	real_perm	12	2812	0	0	0	1.62373832165499	0.963829326402426	2112	394
rice_strat	wilcoxon	boots@70	real_perm	13	2791	0	0	0	1.60404548551066	1.04824706366033	10382	394
rice_strat	wilcoxon	boots@70	real_perm	14	2787	0	0	0	1.58361574214938	1.03562781612403	2112	394
rice_strat	wilcoxon	boots@70	real_perm	15	2766	0	0	0	1.62118885488261	1.02390863313423	2112	394
rice_strat	wilcoxon	boots@70	real_perm	16	2803	0	0	0	1.60688692805657	0.998401189515001	2112	394
rice_strat	wilcoxon	boots@70	real_perm	17	2850	0	0	0	1.65239418031653	1.02409940499289	2112	394
rice_strat	wilcoxon	boots@70	real_perm	18	2846	0	0	0	1.58774825761149	1.00674411969822	14853	394
rice_strat	wilcoxon	boots@70	real_perm	19	2755	0	0	0	1.66142466634507	0.974545249306586	2112	394
rice_strat	wilcoxon	boots@70	real_perm	20	2824	0	0	0	1.6059496996997	0.924009047824214	10382	394
rice_strat	wilcoxon	boots@70	real_perm	21	2804	0	0	0	1.56135305679115	0.9539840699188	2112	394
rice_strat	wilcoxon	boots@70	real_perm	22	2780	0	0	0	1.62347669678683	1.01837130822078	2112	394
rice_strat	wilcoxon	boots@70	real_perm	23	2838	0	0	0	1.62841644720966	0.955640848172151	10382	394
rice_strat	wilcoxon	boots@70	real_perm	24	2794	0	0	0	1.60257424094229	1.0104238112708	2112	394
rice_strat	wilcoxon	boots@70	real_perm	25	2777	0	0	0	1.59612627789927	1.10103369194968	2112	394
rice_strat	wilcoxon	boots@80	real_depth	1	2782	152	0.0546369518332135	1	1.6392285832881	0.974387758351645	2112	394
rice_strat	wilcoxon	boots@80	real_depth	2	2813	59	0.0209740490579453	1	1.64130735949189	0.97252562791315	2112	394
rice_strat	wilcoxon	boots@80	real_depth	3	2781	93	0.0334412081984898	1	1.60775116994814	1.00771245634459	2112	394
rice_strat	wilcoxon	boots@80	real_depth	4	2815	97	0.0344582593250444	1	1.65524654895324	0.918625540466476	2112	394
rice_strat	wilcoxon	boots@80	real_depth	5	2808	327	0.116452991452991	1	1.61884801468135	1.05856209150327	10382	394
rice_strat	wilcoxon	boots@80	real_depth	6	2834	396	0.139731827805222	1	1.62270083320233	1.00623179408815	10382	394
rice_strat	wilcoxon	boots@80	real_depth	7	2791	418	0.149767108563239	1	1.5892973290531	1.03148518896833	16016	394
rice_strat	wilcoxon	boots@80	real_depth	8	2748	47	0.0171033478893741	1	1.66095956251469	1.1162002426036	2112	394
rice_strat	wilcoxon	boots@80	real_depth	9	2862	45	0.0157232704402516	1	1.59581610767461	1.09072076103349	2112	394
rice_strat	wilcoxon	boots@80	real_depth	10	2729	356	0.130450714547453	1	1.60265367604641	0.958762968305422	10382	394
rice_strat	wilcoxon	boots@80	real_depth	11	2747	59	0.0214779759737896	1	1.63640441757631	0.989252501850243	2112	394
rice_strat	wilcoxon	boots@80	real_depth	12	2812	94	0.0334281650071124	1	1.62373832165499	0.963829326402426	2112	394
rice_strat	wilcoxon	boots@80	real_depth	13	2791	467	0.167323539949839	1	1.60404548551066	1.04824706366033	10382	394
rice_strat	wilcoxon	boots@80	real_depth	14	2787	16	0.00574094007893793	1	1.58361574214938	1.03562781612403	2112	394
rice_strat	wilcoxon	boots@80	real_depth	15	2766	182	0.0657989877078814	1	1.62118885488261	1.02390863313423	2112	394
rice_strat	wilcoxon	boots@80	real_depth	16	2803	47	0.016767748840528	1	1.60688692805657	0.998401189515001	2112	394
rice_strat	wilcoxon	boots@80	real_depth	17	2850	71	0.0249122807017544	1	1.65239418031653	1.02409940499289	2112	394
rice_strat	wilcoxon	boots@80	real_depth	18	2846	457	0.160576247364722	1	1.58774825761149	1.00674411969822	14853	394
rice_strat	wilcoxon	boots@80	real_depth	19	2755	54	0.0196007259528131	1	1.66142466634507	0.974545249306586	2112	394
rice_strat	wilcoxon	boots@80	real_depth	20	2824	453	0.160410764872521	1	1.6059496996997	0.924009047824214	10382	394
rice_strat	wilcoxon	boots@80	real_depth	21	2804	23	0.00820256776034237	1	1.56135305679115	0.9539840699188	2112	394
rice_strat	wilcoxon	boots@80	real_depth	22	2780	206	0.0741007194244604	1	1.62347669678683	1.01837130822078	2112	394
rice_strat	wilcoxon	boots@80	real_depth	23	2838	293	0.103241719520789	1	1.62841644720966	0.955640848172151	10382	394
rice_strat	wilcoxon	boots@80	real_depth	24	2794	108	0.0386542591267001	1	1.60257424094229	1.0104238112708	2112	394
rice_strat	wilcoxon	boots@80	real_depth	25	2777	51	0.0183651422398272	1	1.59612627789927	1.10103369194968	2112	394
rice_strat	wilcoxon	boots@80	real_perm	1	2782	0	0	0	1.6392285832881	0.974387758351645	2112	394
rice_strat	wilcoxon	boots@80	real_perm	2	2813	0	0	0	1.64130735949189	0.97252562791315	2112	394
rice_strat	wilcoxon	boots@80	real_perm	3	2781	0	0	0	1.60775116994814	1.00771245634459	2112	394
rice_strat	wilcoxon	boots@80	real_perm	4	2815	0	0	0	1.65524654895324	0.918625540466476	2112	394
rice_strat	wilcoxon	boots@80	real_perm	5	2808	0	0	0	1.61884801468135	1.05856209150327	10382	394
rice_strat	wilcoxon	boots@80	real_perm	6	2834	0	0	0	1.62270083320233	1.00623179408815	10382	394
rice_strat	wilcoxon	boots@80	real_perm	7	2791	0	0	0	1.5892973290531	1.03148518896833	16016	394
rice_strat	wilcoxon	boots@80	real_perm	8	2748	0	0	0	1.66095956251469	1.1162002426036	2112	394
rice_strat	wilcoxon	boots@80	real_perm	9	2862	0	0	0	1.59581610767461	1.09072076103349	2112	394
rice_strat	wilcoxon	boots@80	real_perm	10	2729	0	0	0	1.60265367604641	0.958762968305422	10382	394
rice_strat	wilcoxon	boots@80	real_perm	11	2747	0	0	0	1.63640441757631	0.989252501850243	2112	394
rice_strat	wilcoxon	boots@80	real_perm	12	2812	0	0	0	1.62373832165499	0.963829326402426	2112	394
rice_strat	wilcoxon	boots@80	real_perm	13	2791	0	0	0	1.60404548551066	1.04824706366033	10382	394
rice_strat	wilcoxon	boots@80	real_perm	14	2787	0	0	0	1.58361574214938	1.03562781612403	2112	394
rice_strat	wilcoxon	boots@80	real_perm	15	2766	0	0	0	1.62118885488261	1.02390863313423	2112	394
rice_strat	wilcoxon	boots@80	real_perm	16	2803	0	0	0	1.60688692805657	0.998401189515001	2112	394
rice_strat	wilcoxon	boots@80	real_perm	17	2850	0	0	0	1.65239418031653	1.02409940499289	2112	394
rice_strat	wilcoxon	boots@80	real_perm	18	2846	0	0	0	1.58774825761149	1.00674411969822	14853	394
rice_strat	wilcoxon	boots@80	real_perm	19	2755	0	0	0	1.66142466634507	0.974545249306586	2112	394
rice_strat	wilcoxon	boots@80	real_perm	20	2824	0	0	0	1.6059496996997	0.924009047824214	10382	394
rice_strat	wilcoxon	boots@80	real_perm	21	2804	0	0	0	1.56135305679115	0.9539840699188	2112	394
rice_strat	wilcoxon	boots@80	real_perm	22	2780	0	0	0	1.62347669678683	1.01837130822078	2112	394
rice_strat	wilcoxon	boots@80	real_perm	23	2838	0	0	0	1.62841644720966	0.955640848172151	10382	394
rice_strat	wilcoxon	boots@80	real_perm	24	2794	0	0	0	1.60257424094229	1.0104238112708	2112	394
rice_strat	wilcoxon	boots@80	real_perm	25	2777	0	0	0	1.59612627789927	1.10103369194968	2112	394
rice_strat	wilcoxon	boots@90	real_depth	1	2782	119	0.0427749820273185	1	1.6392285832881	0.974387758351645	2112	394
rice_strat	wilcoxon	boots@90	real_depth	2	2813	45	0.0159971560611447	1	1.64130735949189	0.97252562791315	2112	394
rice_strat	wilcoxon	boots@90	real_depth	3	2781	69	0.0248112189859763	1	1.60775116994814	1.00771245634459	2112	394
rice_strat	wilcoxon	boots@90	real_depth	4	2815	80	0.0284191829484902	1	1.65524654895324	0.918625540466476	2112	394
rice_strat	wilcoxon	boots@90	real_depth	5	2808	298	0.106125356125356	1	1.61884801468135	1.05856209150327	10382	394
rice_strat	wilcoxon	boots@90	real_depth	6	2834	367	0.129498941425547	1	1.62270083320233	1.00623179408815	10382	394
rice_strat	wilcoxon	boots@90	real_depth	7	2791	397	0.142242923683268	1	1.5892973290531	1.03148518896833	16016	394
rice_strat	wilcoxon	boots@90	real_depth	8	2748	36	0.0131004366812227	1	1.66095956251469	1.1162002426036	2112	394
rice_strat	wilcoxon	boots@90	real_depth	9	2862	27	0.00943396226415094	1	1.59581610767461	1.09072076103349	2112	394
rice_strat	wilcoxon	boots@90	real_depth	10	2729	320	0.117259069256138	1	1.60265367604641	0.958762968305422	10382	394
rice_strat	wilcoxon	boots@90	real_depth	11	2747	43	0.0156534401164907	1	1.63640441757631	0.989252501850243	2112	394
rice_strat	wilcoxon	boots@90	real_depth	12	2812	65	0.0231152204836415	1	1.62373832165499	0.963829326402426	2112	394
rice_strat	wilcoxon	boots@90	real_depth	13	2791	424	0.151916875671802	1	1.60404548551066	1.04824706366033	10382	394
rice_strat	wilcoxon	boots@90	real_depth	14	2787	11	0.00394689630426982	1	1.58361574214938	1.03562781612403	2112	394
rice_strat	wilcoxon	boots@90	real_depth	15	2766	144	0.052060737527115	1	1.62118885488261	1.02390863313423	2112	394
rice_strat	wilcoxon	boots@90	real_depth	16	2803	32	0.0114163396361042	1	1.60688692805657	0.998401189515001	2112	394
rice_strat	wilcoxon	boots@90	real_depth	17	2850	60	0.0210526315789474	1	1.65239418031653	1.02409940499289	2112	394
rice_strat	wilcoxon	boots@90	real_depth	18	2846	428	0.150386507378777	1	1.58774825761149	1.00674411969822	14853	394
rice_strat	wilcoxon	boots@90	real_depth	19	2755	39	0.0141560798548094	1	1.66142466634507	0.974545249306586	2112	394
rice_strat	wilcoxon	boots@90	real_depth	20	2824	416	0.147308781869688	1	1.6059496996997	0.924009047824214	10382	394
rice_strat	wilcoxon	boots@90	real_depth	21	2804	17	0.00606276747503566	1	1.56135305679115	0.9539840699188	2112	394
rice_strat	wilcoxon	boots@90	real_depth	22	2780	174	0.062589928057554	1	1.62347669678683	1.01837130822078	2112	394
rice_strat	wilcoxon	boots@90	real_depth	23	2838	268	0.0944326990838619	1	1.62841644720966	0.955640848172151	10382	394
rice_strat	wilcoxon	boots@90	real_depth	24	2794	85	0.0304223335719399	1	1.60257424094229	1.0104238112708	2112	394
rice_strat	wilcoxon	boots@90	real_depth	25	2777	36	0.0129636298163486	1	1.59612627789927	1.10103369194968	2112	394
rice_strat	wilcoxon	boots@90	real_perm	1	2782	0	0	0	1.6392285832881	0.974387758351645	2112	394
rice_strat	wilcoxon	boots@90	real_perm	2	2813	0	0	0	1.64130735949189	0.97252562791315	2112	394
rice_strat	wilcoxon	boots@90	real_perm	3	2781	0	0	0	1.60775116994814	1.00771245634459	2112	394
rice_strat	wilcoxon	boots@90	real_perm	4	2815	0	0	0	1.65524654895324	0.918625540466476	2112	394
rice_strat	wilcoxon	boots@90	real_perm	5	2808	0	0	0	1.61884801468135	1.05856209150327	10382	394
rice_strat	wilcoxon	boots@90	real_perm	6	2834	0	0	0	1.62270083320233	1.00623179408815	10382	394
rice_strat	wilcoxon	boots@90	real_perm	7	2791	0	0	0	1.5892973290531	1.03148518896833	16016	394
rice_strat	wilcoxon	boots@90	real_perm	8	2748	0	0	0	1.66095956251469	1.1162002426036	2112	394
rice_strat	wilcoxon	boots@90	real_perm	9	2862	0	0	0	1.59581610767461	1.09072076103349	2112	394
rice_strat	wilcoxon	boots@90	real_perm	10	2729	0	0	0	1.60265367604641	0.958762968305422	10382	394
rice_strat	wilcoxon	boots@90	real_perm	11	2747	0	0	0	1.63640441757631	0.989252501850243	2112	394
rice_strat	wilcoxon	boots@90	real_perm	12	2812	0	0	0	1.62373832165499	0.963829326402426	2112	394
rice_strat	wilcoxon	boots@90	real_perm	13	2791	0	0	0	1.60404548551066	1.04824706366033	10382	394
rice_strat	wilcoxon	boots@90	real_perm	14	2787	0	0	0	1.58361574214938	1.03562781612403	2112	394
rice_strat	wilcoxon	boots@90	real_perm	15	2766	0	0	0	1.62118885488261	1.02390863313423	2112	394
rice_strat	wilcoxon	boots@90	real_perm	16	2803	0	0	0	1.60688692805657	0.998401189515001	2112	394
rice_strat	wilcoxon	boots@90	real_perm	17	2850	0	0	0	1.65239418031653	1.02409940499289	2112	394
rice_strat	wilcoxon	boots@90	real_perm	18	2846	0	0	0	1.58774825761149	1.00674411969822	14853	394
rice_strat	wilcoxon	boots@90	real_perm	19	2755	0	0	0	1.66142466634507	0.974545249306586	2112	394
rice_strat	wilcoxon	boots@90	real_perm	20	2824	0	0	0	1.6059496996997	0.924009047824214	10382	394
rice_strat	wilcoxon	boots@90	real_perm	21	2804	0	0	0	1.56135305679115	0.9539840699188	2112	394
rice_strat	wilcoxon	boots@90	real_perm	22	2780	0	0	0	1.62347669678683	1.01837130822078	2112	394
rice_strat	wilcoxon	boots@90	real_perm	23	2838	0	0	0	1.62841644720966	0.955640848172151	10382	394
rice_strat	wilcoxon	boots@90	real_perm	24	2794	0	0	0	1.60257424094229	1.0104238112708	2112	394
rice_strat	wilcoxon	boots@90	real_perm	25	2777	0	0	0	1.59612627789927	1.10103369194968	2112	394
rice_strat	wilcoxon	rarefied	real_depth	1	2782	291	0.104601006470165	1	1.6392285832881	0.974387758351645	2112	394
rice_strat	wilcoxon	rarefied	real_depth	2	2813	120	0.0426590828297192	1	1.64130735949189	0.97252562791315	2112	394
rice_strat	wilcoxon	rarefied	real_depth	3	2781	221	0.079467817331895	1	1.60775116994814	1.00771245634459	2112	394
rice_strat	wilcoxon	rarefied	real_depth	4	2815	209	0.0742451154529307	1	1.65524654895324	0.918625540466476	2112	394
rice_strat	wilcoxon	rarefied	real_depth	5	2808	394	0.14031339031339	1	1.61884801468135	1.05856209150327	10382	394
rice_strat	wilcoxon	rarefied	real_depth	6	2834	459	0.16196189131969	1	1.62270083320233	1.00623179408815	10382	394
rice_strat	wilcoxon	rarefied	real_depth	7	2791	486	0.174131135793622	1	1.5892973290531	1.03148518896833	16016	394
rice_strat	wilcoxon	rarefied	real_depth	8	2748	164	0.0596797671033479	1	1.66095956251469	1.1162002426036	2112	394
rice_strat	wilcoxon	rarefied	real_depth	9	2862	131	0.0457721872816212	1	1.59581610767461	1.09072076103349	2112	394
rice_strat	wilcoxon	rarefied	real_depth	10	2729	422	0.154635397581532	1	1.60265367604641	0.958762968305422	10382	394
rice_strat	wilcoxon	rarefied	real_depth	11	2747	183	0.0666181288678558	1	1.63640441757631	0.989252501850243	2112	394
rice_strat	wilcoxon	rarefied	real_depth	12	2812	245	0.087126600284495	1	1.62373832165499	0.963829326402426	2112	394
rice_strat	wilcoxon	rarefied	real_depth	13	2791	561	0.201003224650663	1	1.60404548551066	1.04824706366033	10382	394
rice_strat	wilcoxon	rarefied	real_depth	14	2787	79	0.028345891639756	1	1.58361574214938	1.03562781612403	2112	394
rice_strat	wilcoxon	rarefied	real_depth	15	2766	318	0.114967462039046	1	1.62118885488261	1.02390863313423	2112	394
rice_strat	wilcoxon	rarefied	real_depth	16	2803	104	0.0371031038173386	1	1.60688692805657	0.998401189515001	2112	394
rice_strat	wilcoxon	rarefied	real_depth	17	2850	173	0.0607017543859649	1	1.65239418031653	1.02409940499289	2112	394
rice_strat	wilcoxon	rarefied	real_depth	18	2846	512	0.179901616303584	1	1.58774825761149	1.00674411969822	14853	394
rice_strat	wilcoxon	rarefied	real_depth	19	2755	138	0.0500907441016334	1	1.66142466634507	0.974545249306586	2112	394
rice_strat	wilcoxon	rarefied	real_depth	20	2824	554	0.196175637393768	1	1.6059496996997	0.924009047824214	10382	394
rice_strat	wilcoxon	rarefied	real_depth	21	2804	60	0.021398002853067	1	1.56135305679115	0.9539840699188	2112	394
rice_strat	wilcoxon	rarefied	real_depth	22	2780	354	0.127338129496403	1	1.62347669678683	1.01837130822078	2112	394
rice_strat	wilcoxon	rarefied	real_depth	23	2838	362	0.127554615926709	1	1.62841644720966	0.955640848172151	10382	394
rice_strat	wilcoxon	rarefied	real_depth	24	2794	211	0.0755189692197566	1	1.60257424094229	1.0104238112708	2112	394
rice_strat	wilcoxon	rarefied	real_depth	25	2777	155	0.0558156283759453	1	1.59612627789927	1.10103369194968	2112	394
rice_strat	wilcoxon	rarefied	real_perm	1	2782	0	0	0	1.6392285832881	0.974387758351645	2112	394
rice_strat	wilcoxon	rarefied	real_perm	2	2813	0	0	0	1.64130735949189	0.97252562791315	2112	394
rice_strat	wilcoxon	rarefied	real_perm	3	2781	0	0	0	1.60775116994814	1.00771245634459	2112	394
rice_strat	wilcoxon	rarefied	real_perm	4	2815	0	0	0	1.65524654895324	0.918625540466476	2112	394
rice_strat	wilcoxon	rarefied	real_perm	5	2808	0	0	0	1.61884801468135	1.05856209150327	10382	394
rice_strat	wilcoxon	rarefied	real_perm	6	2834	0	0	0	1.62270083320233	1.00623179408815	10382	394
rice_strat	wilcoxon	rarefied	real_perm	7	2791	0	0	0	1.5892973290531	1.03148518896833	16016	394
rice_strat	wilcoxon	rarefied	real_perm	8	2748	0	0	0	1.66095956251469	1.1162002426036	2112	394
rice_strat	wilcoxon	rarefied	real_perm	9	2862	0	0	0	1.59581610767461	1.09072076103349	2112	394
rice_strat	wilcoxon	rarefied	real_perm	10	2729	0	0	0	1.60265367604641	0.958762968305422	10382	394
rice_strat	wilcoxon	rarefied	real_perm	11	2747	0	0	0	1.63640441757631	0.989252501850243	2112	394
rice_strat	wilcoxon	rarefied	real_perm	12	2812	0	0	0	1.62373832165499	0.963829326402426	2112	394
rice_strat	wilcoxon	rarefied	real_perm	13	2791	0	0	0	1.60404548551066	1.04824706366033	10382	394
rice_strat	wilcoxon	rarefied	real_perm	14	2787	0	0	0	1.58361574214938	1.03562781612403	2112	394
rice_strat	wilcoxon	rarefied	real_perm	15	2766	0	0	0	1.62118885488261	1.02390863313423	2112	394
rice_strat	wilcoxon	rarefied	real_perm	16	2803	0	0	0	1.60688692805657	0.998401189515001	2112	394
rice_strat	wilcoxon	rarefied	real_perm	17	2850	0	0	0	1.65239418031653	1.02409940499289	2112	394
rice_strat	wilcoxon	rarefied	real_perm	18	2846	0	0	0	1.58774825761149	1.00674411969822	14853	394
rice_strat	wilcoxon	rarefied	real_perm	19	2755	0	0	0	1.66142466634507	0.974545249306586	2112	394
rice_strat	wilcoxon	rarefied	real_perm	20	2824	0	0	0	1.6059496996997	0.924009047824214	10382	394
rice_strat	wilcoxon	rarefied	real_perm	21	2804	0	0	0	1.56135305679115	0.9539840699188	2112	394
rice_strat	wilcoxon	rarefied	real_perm	22	2780	0	0	0	1.62347669678683	1.01837130822078	2112	394
rice_strat	wilcoxon	rarefied	real_perm	23	2838	0	0	0	1.62841644720966	0.955640848172151	10382	394
rice_strat	wilcoxon	rarefied	real_perm	24	2794	1	0.000357909806728704	1	1.60257424094229	1.0104238112708	2112	394
rice_strat	wilcoxon	rarefied	real_perm	25	2777	0	0	0	1.59612627789927	1.10103369194968	2112	394
rice_strat	wilcoxon	raw	real_depth	1	2782	738	0.265276779295471	1	1.6392285832881	0.974387758351645	2112	394
rice_strat	wilcoxon	raw	real_depth	2	2813	589	0.209384998222538	1	1.64130735949189	0.97252562791315	2112	394
rice_strat	wilcoxon	raw	real_depth	3	2781	599	0.215390147428982	1	1.60775116994814	1.00771245634459	2112	394
rice_strat	wilcoxon	raw	real_depth	4	2815	714	0.253641207815275	1	1.65524654895324	0.918625540466476	2112	394
rice_strat	wilcoxon	raw	real_depth	5	2808	602	0.214387464387464	1	1.61884801468135	1.05856209150327	10382	394
rice_strat	wilcoxon	raw	real_depth	6	2834	608	0.21453775582216	1	1.62270083320233	1.00623179408815	10382	394
rice_strat	wilcoxon	raw	real_depth	7	2791	570	0.204227875313508	1	1.5892973290531	1.03148518896833	16016	394
rice_strat	wilcoxon	raw	real_depth	8	2748	569	0.207059679767103	1	1.66095956251469	1.1162002426036	2112	394
rice_strat	wilcoxon	raw	real_depth	9	2862	597	0.208595387840671	1	1.59581610767461	1.09072076103349	2112	394
rice_strat	wilcoxon	raw	real_depth	10	2729	555	0.203371198241114	1	1.60265367604641	0.958762968305422	10382	394
rice_strat	wilcoxon	raw	real_depth	11	2747	672	0.244630506006553	1	1.63640441757631	0.989252501850243	2112	394
rice_strat	wilcoxon	raw	real_depth	12	2812	652	0.231863442389758	1	1.62373832165499	0.963829326402426	2112	394
rice_strat	wilcoxon	raw	real_depth	13	2791	707	0.253314224292368	1	1.60404548551066	1.04824706366033	10382	394
rice_strat	wilcoxon	raw	real_depth	14	2787	505	0.181198421241478	1	1.58361574214938	1.03562781612403	2112	394
rice_strat	wilcoxon	raw	real_depth	15	2766	863	0.312002892263196	1	1.62118885488261	1.02390863313423	2112	394
rice_strat	wilcoxon	raw	real_depth	16	2803	533	0.19015340706386	1	1.60688692805657	0.998401189515001	2112	394
rice_strat	wilcoxon	raw	real_depth	17	2850	591	0.207368421052632	1	1.65239418031653	1.02409940499289	2112	394
rice_strat	wilcoxon	raw	real_depth	18	2846	613	0.215390021082221	1	1.58774825761149	1.00674411969822	14853	394
rice_strat	wilcoxon	raw	real_depth	19	2755	530	0.192377495462795	1	1.66142466634507	0.974545249306586	2112	394
rice_strat	wilcoxon	raw	real_depth	20	2824	699	0.247521246458924	1	1.6059496996997	0.924009047824214	10382	394
rice_strat	wilcoxon	raw	real_depth	21	2804	460	0.164051355206847	1	1.56135305679115	0.9539840699188	2112	394
rice_strat	wilcoxon	raw	real_depth	22	2780	846	0.30431654676259	1	1.62347669678683	1.01837130822078	2112	394
rice_strat	wilcoxon	raw	real_depth	23	2838	514	0.181113460183228	1	1.62841644720966	0.955640848172151	10382	394
rice_strat	wilcoxon	raw	real_depth	24	2794	685	0.245168217609162	1	1.60257424094229	1.0104238112708	2112	394
rice_strat	wilcoxon	raw	real_depth	25	2777	606	0.218221101908534	1	1.59612627789927	1.10103369194968	2112	394
rice_strat	wilcoxon	raw	real_perm	1	2782	0	0	0	1.6392285832881	0.974387758351645	2112	394
rice_strat	wilcoxon	raw	real_perm	2	2813	0	0	0	1.64130735949189	0.97252562791315	2112	394
rice_strat	wilcoxon	raw	real_perm	3	2781	0	0	0	1.60775116994814	1.00771245634459	2112	394
rice_strat	wilcoxon	raw	real_perm	4	2815	0	0	0	1.65524654895324	0.918625540466476	2112	394
rice_strat	wilcoxon	raw	real_perm	5	2808	0	0	0	1.61884801468135	1.05856209150327	10382	394
rice_strat	wilcoxon	raw	real_perm	6	2834	0	0	0	1.62270083320233	1.00623179408815	10382	394
rice_strat	wilcoxon	raw	real_perm	7	2791	0	0	0	1.5892973290531	1.03148518896833	16016	394
rice_strat	wilcoxon	raw	real_perm	8	2748	0	0	0	1.66095956251469	1.1162002426036	2112	394
rice_strat	wilcoxon	raw	real_perm	9	2862	0	0	0	1.59581610767461	1.09072076103349	2112	394
rice_strat	wilcoxon	raw	real_perm	10	2729	0	0	0	1.60265367604641	0.958762968305422	10382	394
rice_strat	wilcoxon	raw	real_perm	11	2747	0	0	0	1.63640441757631	0.989252501850243	2112	394
rice_strat	wilcoxon	raw	real_perm	12	2812	1	0.000355618776671408	1	1.62373832165499	0.963829326402426	2112	394
rice_strat	wilcoxon	raw	real_perm	13	2791	0	0	0	1.60404548551066	1.04824706366033	10382	394
rice_strat	wilcoxon	raw	real_perm	14	2787	0	0	0	1.58361574214938	1.03562781612403	2112	394
rice_strat	wilcoxon	raw	real_perm	15	2766	0	0	0	1.62118885488261	1.02390863313423	2112	394
rice_strat	wilcoxon	raw	real_perm	16	2803	0	0	0	1.60688692805657	0.998401189515001	2112	394
rice_strat	wilcoxon	raw	real_perm	17	2850	0	0	0	1.65239418031653	1.02409940499289	2112	394
rice_strat	wilcoxon	raw	real_perm	18	2846	0	0	0	1.58774825761149	1.00674411969822	14853	394
rice_strat	wilcoxon	raw	real_perm	19	2755	0	0	0	1.66142466634507	0.974545249306586	2112	394
rice_strat	wilcoxon	raw	real_perm	20	2824	0	0	0	1.6059496996997	0.924009047824214	10382	394
rice_strat	wilcoxon	raw	real_perm	21	2804	0	0	0	1.56135305679115	0.9539840699188	2112	394
rice_strat	wilcoxon	raw	real_perm	22	2780	0	0	0	1.62347669678683	1.01837130822078	2112	394
rice_strat	wilcoxon	raw	real_perm	23	2838	0	0	0	1.62841644720966	0.955640848172151	10382	394
rice_strat	wilcoxon	raw	real_perm	24	2794	2	0.000715819613457409	1	1.60257424094229	1.0104238112708	2112	394
rice_strat	wilcoxon	raw	real_perm	25	2777	0	0	0	1.59612627789927	1.10103369194968	2112	394
