cell_id	rep	method	condition	fdp	power_itt
spike_r100_f15	1	ancombc2	rarefied	0.846153846153846	0.2
spike_r100_f15	2	ancombc2	rarefied	0.840909090909091	0.233333333333333
spike_r100_f15	3	ancombc2	rarefied	0.921052631578947	0.1
spike_r100_f15	4	ancombc2	rarefied	0.890909090909091	0.2
spike_r100_f15	5	ancombc2	rarefied	0.818181818181818	0.266666666666667
spike_r100_f15	6	ancombc2	rarefied	0.972972972972973	0.0333333333333333
spike_r100_f15	7	ancombc2	rarefied	0.96551724137931	0.0333333333333333
spike_r100_f15	8	ancombc2	rarefied	0.887096774193548	0.233333333333333
spike_r100_f15	9	ancombc2	rarefied	0.92156862745098	0.133333333333333
spike_r100_f15	10	ancombc2	rarefied	0.896551724137931	0.2
spike_r100_f15	11	ancombc2	rarefied	0.925925925925926	0.0666666666666667
spike_r100_f15	12	ancombc2	rarefied	0.903225806451613	0.1
spike_r100_f15	13	ancombc2	rarefied	0.864864864864865	0.166666666666667
spike_r100_f15	14	ancombc2	rarefied	0.876543209876543	0.333333333333333
spike_r100_f15	15	ancombc2	rarefied	0.85	0.2
spike_r100_f15	16	ancombc2	rarefied	0.9	0.133333333333333
spike_r100_f15	17	ancombc2	rarefied	0.9	0.1
spike_r100_f15	18	ancombc2	rarefied	0.906976744186046	0.133333333333333
spike_r100_f15	19	ancombc2	rarefied	0.880952380952381	0.166666666666667
spike_r100_f15	20	ancombc2	rarefied	0.857142857142857	0.133333333333333
spike_r100_f15	21	ancombc2	rarefied	0.923076923076923	0.0666666666666667
spike_r100_f15	22	ancombc2	rarefied	0.884615384615385	0.2
spike_r100_f15	23	ancombc2	rarefied	0.935483870967742	0.0666666666666667
spike_r100_f15	24	ancombc2	rarefied	0.93939393939394	0.0666666666666667
spike_r100_f15	25	ancombc2	rarefied	0.872340425531915	0.2
spike_r100_f15	26	ancombc2	rarefied	0.88235294117647	0.133333333333333
spike_r100_f15	27	ancombc2	rarefied	0.891891891891892	0.133333333333333
spike_r100_f15	28	ancombc2	rarefied	0.88	0.1
spike_r100_f15	29	ancombc2	rarefied	0.954545454545455	0.0333333333333333
spike_r100_f15	30	ancombc2	rarefied	0.916666666666667	0.0666666666666667
spike_r100_f15	31	ancombc2	rarefied	0.818181818181818	0.133333333333333
spike_r100_f15	32	ancombc2	rarefied	0.944444444444444	0.0666666666666667
spike_r100_f15	33	ancombc2	rarefied	0.886363636363636	0.166666666666667
spike_r100_f15	34	ancombc2	rarefied	0.890909090909091	0.2
spike_r100_f15	35	ancombc2	rarefied	0.891304347826087	0.166666666666667
spike_r100_f15	36	ancombc2	rarefied	0.88235294117647	0.0666666666666667
spike_r100_f15	37	ancombc2	rarefied	0.914285714285714	0.1
spike_r100_f15	38	ancombc2	rarefied	0.914285714285714	0.1
spike_r100_f15	39	ancombc2	rarefied	0.833333333333333	0.1
spike_r100_f15	40	ancombc2	rarefied	0.924242424242424	0.166666666666667
spike_r100_f15	41	ancombc2	rarefied	0.964912280701754	0.0666666666666667
spike_r100_f15	42	ancombc2	rarefied	0.905660377358491	0.166666666666667
spike_r100_f15	43	ancombc2	rarefied	0.879310344827586	0.233333333333333
spike_r100_f15	44	ancombc2	rarefied	0.914285714285714	0.1
spike_r100_f15	45	ancombc2	rarefied	0.884615384615385	0.2
spike_r100_f15	46	ancombc2	rarefied	0.9	0.0666666666666667
spike_r100_f15	47	ancombc2	rarefied	0.941176470588235	0.0666666666666667
spike_r100_f15	48	ancombc2	rarefied	0.733333333333333	0.4
spike_r100_f15	49	ancombc2	rarefied	0.76	0.2
spike_r100_f15	50	ancombc2	rarefied	0.81578947368421	0.233333333333333
spike_r100_f15	51	ancombc2	rarefied	0.911764705882353	0.1
spike_r100_f15	52	ancombc2	rarefied	0.875	0.2
spike_r100_f15	53	ancombc2	rarefied	0.895833333333333	0.166666666666667
spike_r100_f15	54	ancombc2	rarefied	0.942857142857143	0.0666666666666667
spike_r100_f15	55	ancombc2	rarefied	0.875	0.366666666666667
spike_r100_f15	56	ancombc2	rarefied	0.875	0.1
spike_r100_f15	57	ancombc2	rarefied	1	0
spike_r100_f15	58	ancombc2	rarefied	1	0
spike_r100_f15	59	ancombc2	rarefied	0.885714285714286	0.133333333333333
spike_r100_f15	60	ancombc2	rarefied	0.82051282051282	0.233333333333333
spike_r100_f15	61	ancombc2	rarefied	0.927272727272727	0.133333333333333
spike_r100_f15	62	ancombc2	rarefied	0.840909090909091	0.233333333333333
spike_r100_f15	63	ancombc2	rarefied	0.861111111111111	0.333333333333333
spike_r100_f15	64	ancombc2	rarefied	0.877551020408163	0.2
spike_r100_f15	65	ancombc2	rarefied	0.872727272727273	0.233333333333333
spike_r100_f15	66	ancombc2	rarefied	0.918367346938776	0.133333333333333
spike_r100_f15	67	ancombc2	rarefied	0.868421052631579	0.166666666666667
spike_r100_f15	68	ancombc2	rarefied	0.904761904761905	0.266666666666667
spike_r100_f15	69	ancombc2	rarefied	0.938775510204082	0.1
spike_r100_f15	70	ancombc2	rarefied	0.785714285714286	0.1
spike_r100_f15	71	ancombc2	rarefied	0.941176470588235	0.0666666666666667
spike_r100_f15	72	ancombc2	rarefied	0.944444444444444	0.0666666666666667
spike_r100_f15	73	ancombc2	rarefied	0.914893617021277	0.133333333333333
spike_r100_f15	74	ancombc2	rarefied	0.885714285714286	0.133333333333333
spike_r100_f15	75	ancombc2	rarefied	0.875	0.2
spike_r100_f15	76	ancombc2	rarefied	0.886363636363636	0.166666666666667
spike_r100_f15	77	ancombc2	rarefied	0.875	0.133333333333333
spike_r100_f15	78	ancombc2	rarefied	0.909090909090909	0.133333333333333
spike_r100_f15	79	ancombc2	rarefied	0.92	0.0666666666666667
spike_r100_f15	80	ancombc2	rarefied	0.837837837837838	0.2
spike_r100_f15	81	ancombc2	rarefied	0.857142857142857	0.2
spike_r100_f15	82	ancombc2	rarefied	0.945945945945946	0.0666666666666667
spike_r100_f15	83	ancombc2	rarefied	0.911764705882353	0.1
spike_r100_f15	84	ancombc2	rarefied	0.870967741935484	0.133333333333333
spike_r100_f15	85	ancombc2	rarefied	0.888888888888889	0.133333333333333
spike_r100_f15	86	ancombc2	rarefied	0.843137254901961	0.266666666666667
spike_r100_f15	87	ancombc2	rarefied	0.88	0.2
spike_r100_f15	88	ancombc2	rarefied	0.903225806451613	0.1
spike_r100_f15	89	ancombc2	rarefied	0.9375	0.1
spike_r100_f15	90	ancombc2	rarefied	0.903225806451613	0.1
spike_r100_f15	91	ancombc2	rarefied	0.869565217391304	0.1
spike_r100_f15	92	ancombc2	rarefied	0.897959183673469	0.166666666666667
spike_r100_f15	93	ancombc2	rarefied	0.896551724137931	0.1
spike_r100_f15	94	ancombc2	rarefied	0.892857142857143	0.2
spike_r100_f15	95	ancombc2	rarefied	0.895522388059702	0.233333333333333
spike_r100_f15	96	ancombc2	rarefied	0.918367346938776	0.133333333333333
spike_r100_f15	97	ancombc2	rarefied	0.910714285714286	0.166666666666667
spike_r100_f15	98	ancombc2	rarefied	0.934782608695652	0.1
spike_r100_f15	99	ancombc2	rarefied	0.967741935483871	0.0333333333333333
spike_r100_f15	100	ancombc2	rarefied	0.87719298245614	0.233333333333333
spike_r100_f15	1	ancombc2	raw	0.933333333333333	0.0333333333333333
spike_r100_f15	2	ancombc2	raw	0.875	0.1
spike_r100_f15	3	ancombc2	raw	0.666666666666667	0.1
spike_r100_f15	4	ancombc2	raw	1	0
spike_r100_f15	5	ancombc2	raw	1	0
spike_r100_f15	6	ancombc2	raw	1	0
spike_r100_f15	7	ancombc2	raw	0.947368421052632	0.0333333333333333
spike_r100_f15	8	ancombc2	raw	1	0
spike_r100_f15	9	ancombc2	raw	0.9375	0.0333333333333333
spike_r100_f15	10	ancombc2	raw	0.888888888888889	0.0666666666666667
spike_r100_f15	11	ancombc2	raw	0.833333333333333	0.0666666666666667
spike_r100_f15	12	ancombc2	raw	0.875	0.1
spike_r100_f15	13	ancombc2	raw	0.909090909090909	0.0666666666666667
spike_r100_f15	14	ancombc2	raw	0.941176470588235	0.0333333333333333
spike_r100_f15	15	ancombc2	raw	1	0
spike_r100_f15	16	ancombc2	raw	0.833333333333333	0.133333333333333
spike_r100_f15	17	ancombc2	raw	1	0
spike_r100_f15	18	ancombc2	raw	1	0
spike_r100_f15	19	ancombc2	raw	1	0
spike_r100_f15	20	ancombc2	raw	0.894736842105263	0.0666666666666667
spike_r100_f15	21	ancombc2	raw	1	0
spike_r100_f15	22	ancombc2	raw	0.666666666666667	0.0666666666666667
spike_r100_f15	23	ancombc2	raw	1	0
spike_r100_f15	24	ancombc2	raw	1	0
spike_r100_f15	25	ancombc2	raw	0.857142857142857	0.0666666666666667
spike_r100_f15	26	ancombc2	raw	0.875	0.133333333333333
spike_r100_f15	27	ancombc2	raw	0.909090909090909	0.0333333333333333
spike_r100_f15	28	ancombc2	raw	0.909090909090909	0.0333333333333333
spike_r100_f15	29	ancombc2	raw	0.857142857142857	0.0333333333333333
spike_r100_f15	30	ancombc2	raw	0.833333333333333	0.0666666666666667
spike_r100_f15	31	ancombc2	raw	0.863636363636364	0.1
spike_r100_f15	32	ancombc2	raw	0.826086956521739	0.133333333333333
spike_r100_f15	33	ancombc2	raw	0.666666666666667	0.0333333333333333
spike_r100_f15	34	ancombc2	raw	0.8	0.1
spike_r100_f15	35	ancombc2	raw	0.851851851851852	0.133333333333333
spike_r100_f15	36	ancombc2	raw	0	0
spike_r100_f15	37	ancombc2	raw	1	0
spike_r100_f15	38	ancombc2	raw	0.884615384615385	0.1
spike_r100_f15	39	ancombc2	raw	1	0
spike_r100_f15	40	ancombc2	raw	0.888888888888889	0.0333333333333333
spike_r100_f15	41	ancombc2	raw	0.909090909090909	0.0333333333333333
spike_r100_f15	42	ancombc2	raw	0.916666666666667	0.0666666666666667
spike_r100_f15	43	ancombc2	raw	1	0
spike_r100_f15	44	ancombc2	raw	0.909090909090909	0.0333333333333333
spike_r100_f15	45	ancombc2	raw	0.916666666666667	0.0333333333333333
spike_r100_f15	46	ancombc2	raw	0.8	0.1
spike_r100_f15	47	ancombc2	raw	0.714285714285714	0.0666666666666667
spike_r100_f15	48	ancombc2	raw	0.956521739130435	0.0333333333333333
spike_r100_f15	49	ancombc2	raw	0.875	0.0666666666666667
spike_r100_f15	50	ancombc2	raw	0.842105263157895	0.1
spike_r100_f15	51	ancombc2	raw	0.866666666666667	0.0666666666666667
spike_r100_f15	52	ancombc2	raw	0.846153846153846	0.0666666666666667
spike_r100_f15	53	ancombc2	raw	0.8	0.1
spike_r100_f15	54	ancombc2	raw	1	0
spike_r100_f15	55	ancombc2	raw	0.961538461538462	0.0333333333333333
spike_r100_f15	56	ancombc2	raw	0.888888888888889	0.0333333333333333
spike_r100_f15	57	ancombc2	raw	1	0
spike_r100_f15	58	ancombc2	raw	1	0
spike_r100_f15	59	ancombc2	raw	0.8	0.1
spike_r100_f15	60	ancombc2	raw	0.714285714285714	0.133333333333333
spike_r100_f15	61	ancombc2	raw	0.9	0.0666666666666667
spike_r100_f15	62	ancombc2	raw	0.714285714285714	0.0666666666666667
spike_r100_f15	63	ancombc2	raw	0.928571428571429	0.0333333333333333
spike_r100_f15	64	ancombc2	raw	0.888888888888889	0.1
spike_r100_f15	65	ancombc2	raw	0.909090909090909	0.0666666666666667
spike_r100_f15	66	ancombc2	raw	0.833333333333333	0.0333333333333333
spike_r100_f15	67	ancombc2	raw	0.888888888888889	0.0666666666666667
spike_r100_f15	68	ancombc2	raw	0.875	0.0333333333333333
spike_r100_f15	69	ancombc2	raw	1	0
spike_r100_f15	70	ancombc2	raw	0.6	0.0666666666666667
spike_r100_f15	71	ancombc2	raw	0.9375	0.0333333333333333
spike_r100_f15	72	ancombc2	raw	0.875	0.0333333333333333
spike_r100_f15	73	ancombc2	raw	0.95	0.0333333333333333
spike_r100_f15	74	ancombc2	raw	0.727272727272727	0.1
spike_r100_f15	75	ancombc2	raw	0.866666666666667	0.0666666666666667
spike_r100_f15	76	ancombc2	raw	1	0
spike_r100_f15	77	ancombc2	raw	0.857142857142857	0.0333333333333333
spike_r100_f15	78	ancombc2	raw	0.904761904761905	0.0666666666666667
spike_r100_f15	79	ancombc2	raw	0.818181818181818	0.0666666666666667
spike_r100_f15	80	ancombc2	raw	0.772727272727273	0.166666666666667
spike_r100_f15	81	ancombc2	raw	0.909090909090909	0.0333333333333333
spike_r100_f15	82	ancombc2	raw	0.8	0.0333333333333333
spike_r100_f15	83	ancombc2	raw	1	0
spike_r100_f15	84	ancombc2	raw	0.904761904761905	0.0666666666666667
spike_r100_f15	85	ancombc2	raw	1	0
spike_r100_f15	86	ancombc2	raw	1	0
spike_r100_f15	87	ancombc2	raw	0.75	0.0666666666666667
spike_r100_f15	88	ancombc2	raw	1	0
spike_r100_f15	89	ancombc2	raw	0.96	0.0333333333333333
spike_r100_f15	90	ancombc2	raw	0.866666666666667	0.0666666666666667
spike_r100_f15	91	ancombc2	raw	0.857142857142857	0.1
spike_r100_f15	92	ancombc2	raw	0.92	0.0666666666666667
spike_r100_f15	93	ancombc2	raw	0.666666666666667	0.0333333333333333
spike_r100_f15	94	ancombc2	raw	0.857142857142857	0.0666666666666667
spike_r100_f15	95	ancombc2	raw	0.5	0.0666666666666667
spike_r100_f15	96	ancombc2	raw	0.916666666666667	0.0333333333333333
spike_r100_f15	97	ancombc2	raw	0.846153846153846	0.0666666666666667
spike_r100_f15	98	ancombc2	raw	0.9375	0.0333333333333333
spike_r100_f15	99	ancombc2	raw	0.833333333333333	0.1
spike_r100_f15	100	ancombc2	raw	0.827586206896552	0.166666666666667
spike_r100_f15	1	maaslin3	rarefied	0	0
spike_r100_f15	2	maaslin3	rarefied	0	0
spike_r100_f15	3	maaslin3	rarefied	0	0
spike_r100_f15	4	maaslin3	rarefied	0	0
spike_r100_f15	5	maaslin3	rarefied	0	0
spike_r100_f15	6	maaslin3	rarefied	0	0
spike_r100_f15	7	maaslin3	rarefied	0	0
spike_r100_f15	8	maaslin3	rarefied	0	0
spike_r100_f15	9	maaslin3	rarefied	1	0
spike_r100_f15	10	maaslin3	rarefied	0	0
spike_r100_f15	11	maaslin3	rarefied	0	0
spike_r100_f15	12	maaslin3	rarefied	0	0
spike_r100_f15	13	maaslin3	rarefied	0	0
spike_r100_f15	14	maaslin3	rarefied	0	0
spike_r100_f15	15	maaslin3	rarefied	0	0
spike_r100_f15	16	maaslin3	rarefied	0	0
spike_r100_f15	17	maaslin3	rarefied	0	0
spike_r100_f15	18	maaslin3	rarefied	0	0
spike_r100_f15	19	maaslin3	rarefied	0	0
spike_r100_f15	20	maaslin3	rarefied	0	0
spike_r100_f15	21	maaslin3	rarefied	0	0
spike_r100_f15	22	maaslin3	rarefied	0	0
spike_r100_f15	23	maaslin3	rarefied	0	0
spike_r100_f15	24	maaslin3	rarefied	0	0
spike_r100_f15	25	maaslin3	rarefied	0	0
spike_r100_f15	26	maaslin3	rarefied	0	0
spike_r100_f15	27	maaslin3	rarefied	0	0
spike_r100_f15	28	maaslin3	rarefied	0	0
spike_r100_f15	29	maaslin3	rarefied	0	0
spike_r100_f15	30	maaslin3	rarefied	1	0
spike_r100_f15	31	maaslin3	rarefied	0	0
spike_r100_f15	32	maaslin3	rarefied	1	0
spike_r100_f15	33	maaslin3	rarefied	0	0
spike_r100_f15	34	maaslin3	rarefied	0	0
spike_r100_f15	35	maaslin3	rarefied	0	0
spike_r100_f15	36	maaslin3	rarefied	0	0
spike_r100_f15	37	maaslin3	rarefied	0	0
spike_r100_f15	38	maaslin3	rarefied	0	0
spike_r100_f15	39	maaslin3	rarefied	0	0.0333333333333333
spike_r100_f15	40	maaslin3	rarefied	0	0
spike_r100_f15	41	maaslin3	rarefied	0	0
spike_r100_f15	42	maaslin3	rarefied	0	0
spike_r100_f15	43	maaslin3	rarefied	0	0
spike_r100_f15	44	maaslin3	rarefied	0	0
spike_r100_f15	45	maaslin3	rarefied	0	0
spike_r100_f15	46	maaslin3	rarefied	0	0
spike_r100_f15	47	maaslin3	rarefied	0	0
spike_r100_f15	48	maaslin3	rarefied	0	0
spike_r100_f15	49	maaslin3	rarefied	0	0
spike_r100_f15	50	maaslin3	rarefied	0	0
spike_r100_f15	51	maaslin3	rarefied	0	0
spike_r100_f15	52	maaslin3	rarefied	0	0
spike_r100_f15	53	maaslin3	rarefied	1	0
spike_r100_f15	54	maaslin3	rarefied	0	0
spike_r100_f15	55	maaslin3	rarefied	0	0
spike_r100_f15	56	maaslin3	rarefied	0	0
spike_r100_f15	57	maaslin3	rarefied	0	0
spike_r100_f15	58	maaslin3	rarefied	0	0
spike_r100_f15	59	maaslin3	rarefied	0	0
spike_r100_f15	60	maaslin3	rarefied	0	0
spike_r100_f15	61	maaslin3	rarefied	0	0
spike_r100_f15	62	maaslin3	rarefied	0	0
spike_r100_f15	63	maaslin3	rarefied	0	0
spike_r100_f15	64	maaslin3	rarefied	0	0
spike_r100_f15	65	maaslin3	rarefied	0	0
spike_r100_f15	66	maaslin3	rarefied	0	0
spike_r100_f15	67	maaslin3	rarefied	0	0
spike_r100_f15	68	maaslin3	rarefied	0	0
spike_r100_f15	69	maaslin3	rarefied	0	0
spike_r100_f15	70	maaslin3	rarefied	0	0
spike_r100_f15	71	maaslin3	rarefied	0	0
spike_r100_f15	72	maaslin3	rarefied	0	0
spike_r100_f15	73	maaslin3	rarefied	0	0
spike_r100_f15	74	maaslin3	rarefied	0	0
spike_r100_f15	75	maaslin3	rarefied	0	0
spike_r100_f15	76	maaslin3	rarefied	0	0
spike_r100_f15	77	maaslin3	rarefied	0	0
spike_r100_f15	78	maaslin3	rarefied	0	0
spike_r100_f15	79	maaslin3	rarefied	0	0
spike_r100_f15	80	maaslin3	rarefied	0	0
spike_r100_f15	81	maaslin3	rarefied	0	0
spike_r100_f15	82	maaslin3	rarefied	0	0
spike_r100_f15	83	maaslin3	rarefied	0	0
spike_r100_f15	84	maaslin3	rarefied	1	0
spike_r100_f15	85	maaslin3	rarefied	0	0
spike_r100_f15	86	maaslin3	rarefied	0	0
spike_r100_f15	87	maaslin3	rarefied	0	0
spike_r100_f15	88	maaslin3	rarefied	1	0
spike_r100_f15	89	maaslin3	rarefied	0	0
spike_r100_f15	90	maaslin3	rarefied	0	0
spike_r100_f15	91	maaslin3	rarefied	0	0
spike_r100_f15	92	maaslin3	rarefied	0	0
spike_r100_f15	93	maaslin3	rarefied	0	0
spike_r100_f15	94	maaslin3	rarefied	0	0
spike_r100_f15	95	maaslin3	rarefied	0	0
spike_r100_f15	96	maaslin3	rarefied	0	0
spike_r100_f15	97	maaslin3	rarefied	0	0
spike_r100_f15	98	maaslin3	rarefied	0	0
spike_r100_f15	99	maaslin3	rarefied	0	0
spike_r100_f15	100	maaslin3	rarefied	0	0
spike_r100_f15	1	maaslin3	raw	0.8	0.0333333333333333
spike_r100_f15	2	maaslin3	raw	0.857142857142857	0.0333333333333333
spike_r100_f15	3	maaslin3	raw	0.6	0.0666666666666667
spike_r100_f15	4	maaslin3	raw	1	0
spike_r100_f15	5	maaslin3	raw	1	0
spike_r100_f15	6	maaslin3	raw	1	0
spike_r100_f15	7	maaslin3	raw	1	0
spike_r100_f15	8	maaslin3	raw	1	0
spike_r100_f15	9	maaslin3	raw	1	0
spike_r100_f15	10	maaslin3	raw	1	0
spike_r100_f15	11	maaslin3	raw	1	0
spike_r100_f15	12	maaslin3	raw	1	0
spike_r100_f15	13	maaslin3	raw	0.8	0.0333333333333333
spike_r100_f15	14	maaslin3	raw	0.333333333333333	0.0666666666666667
spike_r100_f15	15	maaslin3	raw	1	0
spike_r100_f15	16	maaslin3	raw	0.8	0.0333333333333333
spike_r100_f15	17	maaslin3	raw	1	0
spike_r100_f15	18	maaslin3	raw	0.857142857142857	0.0333333333333333
spike_r100_f15	19	maaslin3	raw	1	0
spike_r100_f15	20	maaslin3	raw	0.666666666666667	0.0333333333333333
spike_r100_f15	21	maaslin3	raw	1	0
spike_r100_f15	22	maaslin3	raw	0.666666666666667	0.0333333333333333
spike_r100_f15	23	maaslin3	raw	1	0
spike_r100_f15	24	maaslin3	raw	1	0
spike_r100_f15	25	maaslin3	raw	1	0
spike_r100_f15	26	maaslin3	raw	1	0
spike_r100_f15	27	maaslin3	raw	1	0
spike_r100_f15	28	maaslin3	raw	1	0
spike_r100_f15	29	maaslin3	raw	1	0
spike_r100_f15	30	maaslin3	raw	1	0
spike_r100_f15	31	maaslin3	raw	1	0
spike_r100_f15	32	maaslin3	raw	0.857142857142857	0.0333333333333333
spike_r100_f15	33	maaslin3	raw	1	0
spike_r100_f15	34	maaslin3	raw	0.6	0.0666666666666667
spike_r100_f15	35	maaslin3	raw	1	0
spike_r100_f15	36	maaslin3	raw	1	0
spike_r100_f15	37	maaslin3	raw	1	0
spike_r100_f15	38	maaslin3	raw	0.875	0.0333333333333333
spike_r100_f15	39	maaslin3	raw	0.5	0.0666666666666667
spike_r100_f15	40	maaslin3	raw	1	0
spike_r100_f15	41	maaslin3	raw	1	0
spike_r100_f15	42	maaslin3	raw	1	0
spike_r100_f15	43	maaslin3	raw	0.75	0.0333333333333333
spike_r100_f15	44	maaslin3	raw	1	0
spike_r100_f15	45	maaslin3	raw	1	0
spike_r100_f15	46	maaslin3	raw	0.8	0.0333333333333333
spike_r100_f15	47	maaslin3	raw	0.666666666666667	0.0333333333333333
spike_r100_f15	48	maaslin3	raw	1	0
spike_r100_f15	49	maaslin3	raw	1	0
spike_r100_f15	50	maaslin3	raw	1	0
spike_r100_f15	51	maaslin3	raw	0.5	0.0666666666666667
spike_r100_f15	52	maaslin3	raw	0.5	0.0333333333333333
spike_r100_f15	53	maaslin3	raw	1	0
spike_r100_f15	54	maaslin3	raw	1	0
spike_r100_f15	55	maaslin3	raw	0.75	0.0333333333333333
spike_r100_f15	56	maaslin3	raw	0.75	0.0333333333333333
spike_r100_f15	57	maaslin3	raw	1	0
spike_r100_f15	58	maaslin3	raw	1	0
spike_r100_f15	59	maaslin3	raw	0.75	0.0333333333333333
spike_r100_f15	60	maaslin3	raw	0.666666666666667	0.0333333333333333
spike_r100_f15	61	maaslin3	raw	0.888888888888889	0.0333333333333333
spike_r100_f15	62	maaslin3	raw	0.75	0.0333333333333333
spike_r100_f15	63	maaslin3	raw	1	0
spike_r100_f15	64	maaslin3	raw	1	0
spike_r100_f15	65	maaslin3	raw	1	0
spike_r100_f15	66	maaslin3	raw	1	0
spike_r100_f15	67	maaslin3	raw	1	0
spike_r100_f15	68	maaslin3	raw	1	0
spike_r100_f15	69	maaslin3	raw	0.75	0.0333333333333333
spike_r100_f15	70	maaslin3	raw	1	0
spike_r100_f15	71	maaslin3	raw	1	0
spike_r100_f15	72	maaslin3	raw	0.8	0.0333333333333333
spike_r100_f15	73	maaslin3	raw	0.857142857142857	0.0333333333333333
spike_r100_f15	74	maaslin3	raw	1	0
spike_r100_f15	75	maaslin3	raw	0.666666666666667	0.0333333333333333
spike_r100_f15	76	maaslin3	raw	1	0
spike_r100_f15	77	maaslin3	raw	1	0
spike_r100_f15	78	maaslin3	raw	1	0
spike_r100_f15	79	maaslin3	raw	1	0
spike_r100_f15	80	maaslin3	raw	0.6	0.0666666666666667
spike_r100_f15	81	maaslin3	raw	0.833333333333333	0.0333333333333333
spike_r100_f15	82	maaslin3	raw	1	0
spike_r100_f15	83	maaslin3	raw	1	0
spike_r100_f15	84	maaslin3	raw	1	0
spike_r100_f15	85	maaslin3	raw	1	0
spike_r100_f15	86	maaslin3	raw	0.75	0.0333333333333333
spike_r100_f15	87	maaslin3	raw	0.8	0.0333333333333333
spike_r100_f15	88	maaslin3	raw	0.8	0.0333333333333333
spike_r100_f15	89	maaslin3	raw	1	0
spike_r100_f15	90	maaslin3	raw	1	0
spike_r100_f15	91	maaslin3	raw	0.666666666666667	0.0333333333333333
spike_r100_f15	92	maaslin3	raw	1	0
spike_r100_f15	93	maaslin3	raw	1	0
spike_r100_f15	94	maaslin3	raw	1	0
spike_r100_f15	95	maaslin3	raw	0.666666666666667	0.0333333333333333
spike_r100_f15	96	maaslin3	raw	1	0
spike_r100_f15	97	maaslin3	raw	1	0
spike_r100_f15	98	maaslin3	raw	1	0
spike_r100_f15	99	maaslin3	raw	1	0
spike_r100_f15	100	maaslin3	raw	1	0
spike_r100_f3	1	ancombc2	rarefied	0.888888888888889	0.133333333333333
spike_r100_f3	2	ancombc2	rarefied	0.891891891891892	0.133333333333333
spike_r100_f3	3	ancombc2	rarefied	0.852941176470588	0.166666666666667
spike_r100_f3	4	ancombc2	rarefied	0.849056603773585	0.266666666666667
spike_r100_f3	5	ancombc2	rarefied	0.916666666666667	0.1
spike_r100_f3	6	ancombc2	rarefied	0.871428571428571	0.3
spike_r100_f3	7	ancombc2	rarefied	0.792452830188679	0.366666666666667
spike_r100_f3	8	ancombc2	rarefied	0.811320754716981	0.333333333333333
spike_r100_f3	9	ancombc2	rarefied	0.888888888888889	0.3
spike_r100_f3	10	ancombc2	rarefied	0.823529411764706	0.2
spike_r100_f3	11	ancombc2	rarefied	0.941176470588235	0.0666666666666667
spike_r100_f3	12	ancombc2	rarefied	0.862745098039216	0.233333333333333
spike_r100_f3	13	ancombc2	rarefied	0.714285714285714	0.266666666666667
spike_r100_f3	14	ancombc2	rarefied	0.822222222222222	0.266666666666667
spike_r100_f3	15	ancombc2	rarefied	0.818181818181818	0.266666666666667
spike_r100_f3	16	ancombc2	rarefied	0.846153846153846	0.266666666666667
spike_r100_f3	17	ancombc2	rarefied	0.840909090909091	0.233333333333333
spike_r100_f3	18	ancombc2	rarefied	0.826086956521739	0.133333333333333
spike_r100_f3	19	ancombc2	rarefied	0.878787878787879	0.133333333333333
spike_r100_f3	20	ancombc2	rarefied	0.8	0.233333333333333
spike_r100_f3	21	ancombc2	rarefied	0.909090909090909	0.1
spike_r100_f3	22	ancombc2	rarefied	0.780821917808219	0.533333333333333
spike_r100_f3	23	ancombc2	rarefied	0.887096774193548	0.233333333333333
spike_r100_f3	24	ancombc2	rarefied	0.914285714285714	0.1
spike_r100_f3	25	ancombc2	rarefied	0.82	0.3
spike_r100_f3	26	ancombc2	rarefied	0.819672131147541	0.366666666666667
spike_r100_f3	27	ancombc2	rarefied	0.853333333333333	0.366666666666667
spike_r100_f3	28	ancombc2	rarefied	0.869565217391304	0.1
spike_r100_f3	29	ancombc2	rarefied	0.854545454545454	0.266666666666667
spike_r100_f3	30	ancombc2	rarefied	0.851351351351351	0.366666666666667
spike_r100_f3	31	ancombc2	rarefied	0.866666666666667	0.2
spike_r100_f3	32	ancombc2	rarefied	0.891891891891892	0.133333333333333
spike_r100_f3	33	ancombc2	rarefied	0.888888888888889	0.1
spike_r100_f3	34	ancombc2	rarefied	0.9	0.133333333333333
spike_r100_f3	35	ancombc2	rarefied	0.8	0.1
spike_r100_f3	36	ancombc2	rarefied	0.891891891891892	0.133333333333333
spike_r100_f3	37	ancombc2	rarefied	0.842857142857143	0.366666666666667
spike_r100_f3	38	ancombc2	rarefied	0.888888888888889	0.266666666666667
spike_r100_f3	39	ancombc2	rarefied	0.833333333333333	0.266666666666667
spike_r100_f3	40	ancombc2	rarefied	0.803921568627451	0.333333333333333
spike_r100_f3	41	ancombc2	rarefied	0.840909090909091	0.233333333333333
spike_r100_f3	42	ancombc2	rarefied	0.886792452830189	0.2
spike_r100_f3	43	ancombc2	rarefied	0.890625	0.233333333333333
spike_r100_f3	44	ancombc2	rarefied	0.696969696969697	0.333333333333333
spike_r100_f3	45	ancombc2	rarefied	0.891304347826087	0.166666666666667
spike_r100_f3	46	ancombc2	rarefied	0.84	0.533333333333333
spike_r100_f3	47	ancombc2	rarefied	0.731707317073171	0.366666666666667
spike_r100_f3	48	ancombc2	rarefied	0.888888888888889	0.266666666666667
spike_r100_f3	49	ancombc2	rarefied	1	0
spike_r100_f3	50	ancombc2	rarefied	0.861538461538462	0.3
spike_r100_f3	51	ancombc2	rarefied	0.861111111111111	0.166666666666667
spike_r100_f3	52	ancombc2	rarefied	0.846153846153846	0.266666666666667
spike_r100_f3	53	ancombc2	rarefied	0.907692307692308	0.2
spike_r100_f3	54	ancombc2	rarefied	0.830508474576271	0.333333333333333
spike_r100_f3	55	ancombc2	rarefied	0.918367346938776	0.133333333333333
spike_r100_f3	56	ancombc2	rarefied	0.833333333333333	0.233333333333333
spike_r100_f3	57	ancombc2	rarefied	0.91304347826087	0.133333333333333
spike_r100_f3	58	ancombc2	rarefied	0.886363636363636	0.166666666666667
spike_r100_f3	59	ancombc2	rarefied	0.833333333333333	0.2
spike_r100_f3	60	ancombc2	rarefied	0.878787878787879	0.133333333333333
spike_r100_f3	61	ancombc2	rarefied	0.830769230769231	0.366666666666667
spike_r100_f3	62	ancombc2	rarefied	0.833333333333333	0.133333333333333
spike_r100_f3	63	ancombc2	rarefied	0.794871794871795	0.266666666666667
spike_r100_f3	64	ancombc2	rarefied	0.813953488372093	0.266666666666667
spike_r100_f3	65	ancombc2	rarefied	0.840909090909091	0.233333333333333
spike_r100_f3	66	ancombc2	rarefied	0.839285714285714	0.3
spike_r100_f3	67	ancombc2	rarefied	0.793103448275862	0.2
spike_r100_f3	68	ancombc2	rarefied	0.804878048780488	0.266666666666667
spike_r100_f3	69	ancombc2	rarefied	0.833333333333333	0.4
spike_r100_f3	70	ancombc2	rarefied	0.884615384615385	0.2
spike_r100_f3	71	ancombc2	rarefied	0.863636363636364	0.1
spike_r100_f3	72	ancombc2	rarefied	0.87378640776699	0.433333333333333
spike_r100_f3	73	ancombc2	rarefied	0.842105263157895	0.1
spike_r100_f3	74	ancombc2	rarefied	0.839285714285714	0.3
spike_r100_f3	75	ancombc2	rarefied	0.86046511627907	0.2
spike_r100_f3	76	ancombc2	rarefied	0.894736842105263	0.133333333333333
spike_r100_f3	77	ancombc2	rarefied	0.888888888888889	0.3
spike_r100_f3	78	ancombc2	rarefied	0.897959183673469	0.166666666666667
spike_r100_f3	79	ancombc2	rarefied	0.75	0.2
spike_r100_f3	80	ancombc2	rarefied	0.811594202898551	0.433333333333333
spike_r100_f3	81	ancombc2	rarefied	0.921052631578947	0.1
spike_r100_f3	82	ancombc2	rarefied	0.735294117647059	0.3
spike_r100_f3	83	ancombc2	rarefied	0.790697674418605	0.3
spike_r100_f3	84	ancombc2	rarefied	0.870967741935484	0.266666666666667
spike_r100_f3	85	ancombc2	rarefied	0.807017543859649	0.366666666666667
spike_r100_f3	86	ancombc2	rarefied	0.877551020408163	0.2
spike_r100_f3	87	ancombc2	rarefied	0.795918367346939	0.333333333333333
spike_r100_f3	88	ancombc2	rarefied	0.846153846153846	0.0666666666666667
spike_r100_f3	89	ancombc2	rarefied	0.933333333333333	0.0666666666666667
spike_r100_f3	90	ancombc2	rarefied	0.875	0.166666666666667
spike_r100_f3	91	ancombc2	rarefied	0.708333333333333	0.466666666666667
spike_r100_f3	92	ancombc2	rarefied	0.846153846153846	0.2
spike_r100_f3	93	ancombc2	rarefied	0.783783783783784	0.266666666666667
spike_r100_f3	94	ancombc2	rarefied	0.782608695652174	0.333333333333333
spike_r100_f3	95	ancombc2	rarefied	0.838709677419355	0.166666666666667
spike_r100_f3	96	ancombc2	rarefied	0.8	0.266666666666667
spike_r100_f3	97	ancombc2	rarefied	0.775	0.3
spike_r100_f3	98	ancombc2	rarefied	0.849056603773585	0.266666666666667
spike_r100_f3	99	ancombc2	rarefied	0.858974358974359	0.366666666666667
spike_r100_f3	100	ancombc2	rarefied	0.901639344262295	0.2
spike_r100_f3	101	ancombc2	rarefied	0.833333333333333	0.4
spike_r100_f3	102	ancombc2	rarefied	0.8	0.3
spike_r100_f3	103	ancombc2	rarefied	0.828571428571429	0.2
spike_r100_f3	104	ancombc2	rarefied	0.84375	0.166666666666667
spike_r100_f3	105	ancombc2	rarefied	0.789473684210526	0.266666666666667
spike_r100_f3	106	ancombc2	rarefied	0.868852459016393	0.266666666666667
spike_r100_f3	107	ancombc2	rarefied	0.75	0.3
spike_r100_f3	108	ancombc2	rarefied	0.894736842105263	0.133333333333333
spike_r100_f3	109	ancombc2	rarefied	0.846153846153846	0.333333333333333
spike_r100_f3	110	ancombc2	rarefied	0.862068965517241	0.266666666666667
spike_r100_f3	111	ancombc2	rarefied	0.863636363636364	0.3
spike_r100_f3	112	ancombc2	rarefied	0.810810810810811	0.233333333333333
spike_r100_f3	113	ancombc2	rarefied	0.757575757575758	0.266666666666667
spike_r100_f3	114	ancombc2	rarefied	0.868852459016393	0.266666666666667
spike_r100_f3	115	ancombc2	rarefied	0.859375	0.3
spike_r100_f3	116	ancombc2	rarefied	0.8125	0.2
spike_r100_f3	117	ancombc2	rarefied	0.696969696969697	0.333333333333333
spike_r100_f3	118	ancombc2	rarefied	0.91304347826087	0.0666666666666667
spike_r100_f3	119	ancombc2	rarefied	0.631578947368421	0.233333333333333
spike_r100_f3	120	ancombc2	rarefied	0.788461538461538	0.366666666666667
spike_r100_f3	121	ancombc2	rarefied	0.804347826086957	0.3
spike_r100_f3	122	ancombc2	rarefied	0.914285714285714	0.1
spike_r100_f3	123	ancombc2	rarefied	0.903225806451613	0.1
spike_r100_f3	124	ancombc2	rarefied	0.906976744186046	0.133333333333333
spike_r100_f3	125	ancombc2	rarefied	0.833333333333333	0.233333333333333
spike_r100_f3	126	ancombc2	rarefied	0.862068965517241	0.133333333333333
spike_r100_f3	127	ancombc2	rarefied	0.851063829787234	0.233333333333333
spike_r100_f3	128	ancombc2	rarefied	0.788461538461538	0.366666666666667
spike_r100_f3	129	ancombc2	rarefied	0.75	0.433333333333333
spike_r100_f3	130	ancombc2	rarefied	0.837837837837838	0.2
spike_r100_f3	131	ancombc2	rarefied	0.859649122807018	0.266666666666667
spike_r100_f3	132	ancombc2	rarefied	0.823529411764706	0.1
spike_r100_f3	133	ancombc2	rarefied	0.840909090909091	0.233333333333333
spike_r100_f3	134	ancombc2	rarefied	0.769230769230769	0.3
spike_r100_f3	135	ancombc2	rarefied	0.854545454545454	0.266666666666667
spike_r100_f3	136	ancombc2	rarefied	0.859154929577465	0.333333333333333
spike_r100_f3	137	ancombc2	rarefied	0.898305084745763	0.2
spike_r100_f3	138	ancombc2	rarefied	0.772727272727273	0.333333333333333
spike_r100_f3	139	ancombc2	rarefied	0.785714285714286	0.2
spike_r100_f3	140	ancombc2	rarefied	0.805555555555556	0.233333333333333
spike_r100_f3	141	ancombc2	rarefied	0.760869565217391	0.366666666666667
spike_r100_f3	142	ancombc2	rarefied	0.880952380952381	0.166666666666667
spike_r100_f3	143	ancombc2	rarefied	0.876923076923077	0.266666666666667
spike_r100_f3	144	ancombc2	rarefied	0.875	0.2
spike_r100_f3	145	ancombc2	rarefied	0.866666666666667	0.0666666666666667
spike_r100_f3	146	ancombc2	rarefied	0.838235294117647	0.366666666666667
spike_r100_f3	147	ancombc2	rarefied	0.884615384615385	0.2
spike_r100_f3	148	ancombc2	rarefied	0.872340425531915	0.2
spike_r100_f3	149	ancombc2	rarefied	0.871794871794872	0.166666666666667
spike_r100_f3	150	ancombc2	rarefied	0.760869565217391	0.366666666666667
spike_r100_f3	1	ancombc2	raw	0.714285714285714	0.0666666666666667
spike_r100_f3	2	ancombc2	raw	0.947368421052632	0.0333333333333333
spike_r100_f3	3	ancombc2	raw	0.75	0.0333333333333333
spike_r100_f3	4	ancombc2	raw	0	0
spike_r100_f3	5	ancombc2	raw	0.818181818181818	0.133333333333333
spike_r100_f3	6	ancombc2	raw	0.933333333333333	0.0333333333333333
spike_r100_f3	7	ancombc2	raw	0.918918918918919	0.1
spike_r100_f3	8	ancombc2	raw	0.714285714285714	0.133333333333333
spike_r100_f3	9	ancombc2	raw	0.8	0.0666666666666667
spike_r100_f3	10	ancombc2	raw	0.875	0.0333333333333333
spike_r100_f3	11	ancombc2	raw	1	0
spike_r100_f3	12	ancombc2	raw	0.954545454545455	0.0333333333333333
spike_r100_f3	13	ancombc2	raw	0.8	0.0333333333333333
spike_r100_f3	14	ancombc2	raw	0.888888888888889	0.0333333333333333
spike_r100_f3	15	ancombc2	raw	1	0
spike_r100_f3	16	ancombc2	raw	0.807692307692308	0.166666666666667
spike_r100_f3	17	ancombc2	raw	0.8125	0.1
spike_r100_f3	18	ancombc2	raw	0.666666666666667	0.0333333333333333
spike_r100_f3	19	ancombc2	raw	0.866666666666667	0.0666666666666667
spike_r100_f3	20	ancombc2	raw	0.909090909090909	0.0333333333333333
spike_r100_f3	21	ancombc2	raw	0.642857142857143	0.166666666666667
spike_r100_f3	22	ancombc2	raw	0.888888888888889	0.1
spike_r100_f3	23	ancombc2	raw	0.9	0.133333333333333
spike_r100_f3	24	ancombc2	raw	0.857142857142857	0.0666666666666667
spike_r100_f3	25	ancombc2	raw	0.807692307692308	0.166666666666667
spike_r100_f3	26	ancombc2	raw	0.923076923076923	0.1
spike_r100_f3	27	ancombc2	raw	0.956521739130435	0.0333333333333333
spike_r100_f3	28	ancombc2	raw	0.75	0.0666666666666667
spike_r100_f3	29	ancombc2	raw	0.818181818181818	0.2
spike_r100_f3	30	ancombc2	raw	0.75	0.0666666666666667
spike_r100_f3	31	ancombc2	raw	1	0
spike_r100_f3	32	ancombc2	raw	0.791666666666667	0.166666666666667
spike_r100_f3	33	ancombc2	raw	0.857142857142857	0.1
spike_r100_f3	34	ancombc2	raw	0.9375	0.0333333333333333
spike_r100_f3	35	ancombc2	raw	0.818181818181818	0.0666666666666667
spike_r100_f3	36	ancombc2	raw	0.866666666666667	0.0666666666666667
spike_r100_f3	37	ancombc2	raw	0.8	0.133333333333333
spike_r100_f3	38	ancombc2	raw	0.857142857142857	0.0333333333333333
spike_r100_f3	39	ancombc2	raw	0.857142857142857	0.0666666666666667
spike_r100_f3	40	ancombc2	raw	0.75	0.2
spike_r100_f3	41	ancombc2	raw	0.833333333333333	0.1
spike_r100_f3	42	ancombc2	raw	0.666666666666667	0.133333333333333
spike_r100_f3	43	ancombc2	raw	0.826086956521739	0.133333333333333
spike_r100_f3	44	ancombc2	raw	0.9	0.0333333333333333
spike_r100_f3	45	ancombc2	raw	0.837837837837838	0.2
spike_r100_f3	46	ancombc2	raw	0.846153846153846	0.0666666666666667
spike_r100_f3	47	ancombc2	raw	0.833333333333333	0.0333333333333333
spike_r100_f3	48	ancombc2	raw	0.777777777777778	0.2
spike_r100_f3	49	ancombc2	raw	1	0
spike_r100_f3	50	ancombc2	raw	0	0
spike_r100_f3	51	ancombc2	raw	0	0
spike_r100_f3	52	ancombc2	raw	0.80952380952381	0.133333333333333
spike_r100_f3	53	ancombc2	raw	0.857142857142857	0.1
spike_r100_f3	54	ancombc2	raw	0.714285714285714	0.0666666666666667
spike_r100_f3	55	ancombc2	raw	0.6	0.133333333333333
spike_r100_f3	56	ancombc2	raw	0.869565217391304	0.1
spike_r100_f3	57	ancombc2	raw	0.642857142857143	0.166666666666667
spike_r100_f3	58	ancombc2	raw	1	0
spike_r100_f3	59	ancombc2	raw	0.857142857142857	0.0666666666666667
spike_r100_f3	60	ancombc2	raw	0.928571428571429	0.0333333333333333
spike_r100_f3	61	ancombc2	raw	0.80952380952381	0.133333333333333
spike_r100_f3	62	ancombc2	raw	0.857142857142857	0.0666666666666667
spike_r100_f3	63	ancombc2	raw	0.904761904761905	0.0666666666666667
spike_r100_f3	64	ancombc2	raw	0.777777777777778	0.133333333333333
spike_r100_f3	65	ancombc2	raw	0.88235294117647	0.0666666666666667
spike_r100_f3	66	ancombc2	raw	0.826086956521739	0.133333333333333
spike_r100_f3	67	ancombc2	raw	0.6875	0.166666666666667
spike_r100_f3	68	ancombc2	raw	0.742857142857143	0.3
spike_r100_f3	69	ancombc2	raw	0.807692307692308	0.166666666666667
spike_r100_f3	70	ancombc2	raw	0.909090909090909	0.0333333333333333
spike_r100_f3	71	ancombc2	raw	0.785714285714286	0.1
spike_r100_f3	72	ancombc2	raw	0.933333333333333	0.0333333333333333
spike_r100_f3	73	ancombc2	raw	0.636363636363636	0.133333333333333
spike_r100_f3	74	ancombc2	raw	1	0
spike_r100_f3	75	ancombc2	raw	0.625	0.1
spike_r100_f3	76	ancombc2	raw	0.8	0.0333333333333333
spike_r100_f3	77	ancombc2	raw	0.842105263157895	0.1
spike_r100_f3	78	ancombc2	raw	0.866666666666667	0.0666666666666667
spike_r100_f3	79	ancombc2	raw	0.666666666666667	0.1
spike_r100_f3	80	ancombc2	raw	0.785714285714286	0.1
spike_r100_f3	81	ancombc2	raw	1	0
spike_r100_f3	82	ancombc2	raw	0.869565217391304	0.1
spike_r100_f3	83	ancombc2	raw	0.916666666666667	0.0666666666666667
spike_r100_f3	84	ancombc2	raw	1	0
spike_r100_f3	85	ancombc2	raw	0.84	0.133333333333333
spike_r100_f3	86	ancombc2	raw	0.875	0.0666666666666667
spike_r100_f3	87	ancombc2	raw	0.875	0.0666666666666667
spike_r100_f3	88	ancombc2	raw	0.866666666666667	0.0666666666666667
spike_r100_f3	89	ancombc2	raw	0.666666666666667	0.0333333333333333
spike_r100_f3	90	ancombc2	raw	0.818181818181818	0.0666666666666667
spike_r100_f3	91	ancombc2	raw	0.666666666666667	0.233333333333333
spike_r100_f3	92	ancombc2	raw	0.80952380952381	0.133333333333333
spike_r100_f3	93	ancombc2	raw	0.833333333333333	0.0333333333333333
spike_r100_f3	94	ancombc2	raw	0.857142857142857	0.0333333333333333
spike_r100_f3	95	ancombc2	raw	0.833333333333333	0.1
spike_r100_f3	96	ancombc2	raw	0.88235294117647	0.0666666666666667
spike_r100_f3	97	ancombc2	raw	0.807692307692308	0.166666666666667
spike_r100_f3	98	ancombc2	raw	0.793103448275862	0.2
spike_r100_f3	99	ancombc2	raw	0.8125	0.1
spike_r100_f3	100	ancombc2	raw	1	0
spike_r100_f3	101	ancombc2	raw	0.72	0.233333333333333
spike_r100_f3	102	ancombc2	raw	0.666666666666667	0.1
spike_r100_f3	103	ancombc2	raw	0.5	0.0333333333333333
spike_r100_f3	104	ancombc2	raw	0.875	0.0333333333333333
spike_r100_f3	105	ancombc2	raw	1	0
spike_r100_f3	106	ancombc2	raw	0.897435897435897	0.133333333333333
spike_r100_f3	107	ancombc2	raw	0.75	0.0333333333333333
spike_r100_f3	108	ancombc2	raw	0.5	0.0333333333333333
spike_r100_f3	109	ancombc2	raw	0.818181818181818	0.0666666666666667
spike_r100_f3	110	ancombc2	raw	0.866666666666667	0.0666666666666667
spike_r100_f3	111	ancombc2	raw	0.888888888888889	0.1
spike_r100_f3	112	ancombc2	raw	0.941176470588235	0.0333333333333333
spike_r100_f3	113	ancombc2	raw	1	0
spike_r100_f3	114	ancombc2	raw	0.666666666666667	0.1
spike_r100_f3	115	ancombc2	raw	0.848484848484849	0.166666666666667
spike_r100_f3	116	ancombc2	raw	0.666666666666667	0.0666666666666667
spike_r100_f3	117	ancombc2	raw	0.583333333333333	0.166666666666667
spike_r100_f3	118	ancombc2	raw	0.714285714285714	0.0666666666666667
spike_r100_f3	119	ancombc2	raw	0.75	0.166666666666667
spike_r100_f3	120	ancombc2	raw	0.777777777777778	0.2
spike_r100_f3	121	ancombc2	raw	0.714285714285714	0.2
spike_r100_f3	122	ancombc2	raw	0.888888888888889	0.0666666666666667
spike_r100_f3	123	ancombc2	raw	0.875	0.0333333333333333
spike_r100_f3	124	ancombc2	raw	0.842105263157895	0.1
spike_r100_f3	125	ancombc2	raw	0.9	0.0333333333333333
spike_r100_f3	126	ancombc2	raw	0.8	0.0666666666666667
spike_r100_f3	127	ancombc2	raw	0.933333333333333	0.0333333333333333
spike_r100_f3	128	ancombc2	raw	0.833333333333333	0.0333333333333333
spike_r100_f3	129	ancombc2	raw	0.827586206896552	0.166666666666667
spike_r100_f3	130	ancombc2	raw	0.75	0.0666666666666667
spike_r100_f3	131	ancombc2	raw	1	0
spike_r100_f3	132	ancombc2	raw	0.666666666666667	0.0666666666666667
spike_r100_f3	133	ancombc2	raw	0.9	0.0333333333333333
spike_r100_f3	134	ancombc2	raw	1	0
spike_r100_f3	135	ancombc2	raw	0.894736842105263	0.0666666666666667
spike_r100_f3	136	ancombc2	raw	0.678571428571429	0.3
spike_r100_f3	137	ancombc2	raw	0.75	0.166666666666667
spike_r100_f3	138	ancombc2	raw	0.88	0.1
spike_r100_f3	139	ancombc2	raw	0.833333333333333	0.0666666666666667
spike_r100_f3	140	ancombc2	raw	0.952380952380952	0.0333333333333333
spike_r100_f3	141	ancombc2	raw	0.875	0.0333333333333333
spike_r100_f3	142	ancombc2	raw	0.857142857142857	0.0666666666666667
spike_r100_f3	143	ancombc2	raw	0.666666666666667	0.133333333333333
spike_r100_f3	144	ancombc2	raw	0.941176470588235	0.0333333333333333
spike_r100_f3	145	ancombc2	raw	0.941176470588235	0.0333333333333333
spike_r100_f3	146	ancombc2	raw	1	0
spike_r100_f3	147	ancombc2	raw	0.625	0.1
spike_r100_f3	148	ancombc2	raw	1	0
spike_r100_f3	149	ancombc2	raw	0.95	0.0333333333333333
spike_r100_f3	150	ancombc2	raw	0.782608695652174	0.166666666666667
spike_r100_f3	1	maaslin3	rarefied	0	0.0333333333333333
spike_r100_f3	2	maaslin3	rarefied	0	0
spike_r100_f3	3	maaslin3	rarefied	0	0
spike_r100_f3	4	maaslin3	rarefied	0	0
spike_r100_f3	5	maaslin3	rarefied	0	0.0333333333333333
spike_r100_f3	6	maaslin3	rarefied	0	0
spike_r100_f3	7	maaslin3	rarefied	0	0.0333333333333333
spike_r100_f3	8	maaslin3	rarefied	0	0
spike_r100_f3	9	maaslin3	rarefied	0	0
spike_r100_f3	10	maaslin3	rarefied	0	0.0333333333333333
spike_r100_f3	11	maaslin3	rarefied	0	0
spike_r100_f3	12	maaslin3	rarefied	0	0
spike_r100_f3	13	maaslin3	rarefied	0	0
spike_r100_f3	14	maaslin3	rarefied	0	0
spike_r100_f3	15	maaslin3	rarefied	0	0
spike_r100_f3	16	maaslin3	rarefied	0	0
spike_r100_f3	17	maaslin3	rarefied	0	0
spike_r100_f3	18	maaslin3	rarefied	0	0
spike_r100_f3	19	maaslin3	rarefied	0	0
spike_r100_f3	20	maaslin3	rarefied	0	0
spike_r100_f3	21	maaslin3	rarefied	0	0
spike_r100_f3	22	maaslin3	rarefied	0	0
spike_r100_f3	23	maaslin3	rarefied	0	0
spike_r100_f3	24	maaslin3	rarefied	0	0
spike_r100_f3	25	maaslin3	rarefied	0	0
spike_r100_f3	26	maaslin3	rarefied	0	0
spike_r100_f3	27	maaslin3	rarefied	1	0
spike_r100_f3	28	maaslin3	rarefied	0	0
spike_r100_f3	29	maaslin3	rarefied	0	0
spike_r100_f3	30	maaslin3	rarefied	0	0
spike_r100_f3	31	maaslin3	rarefied	0	0
spike_r100_f3	32	maaslin3	rarefied	1	0
spike_r100_f3	33	maaslin3	rarefied	0	0
spike_r100_f3	34	maaslin3	rarefied	0	0
spike_r100_f3	35	maaslin3	rarefied	0	0
spike_r100_f3	36	maaslin3	rarefied	0	0
spike_r100_f3	37	maaslin3	rarefied	0	0.0333333333333333
spike_r100_f3	38	maaslin3	rarefied	1	0
spike_r100_f3	39	maaslin3	rarefied	0	0
spike_r100_f3	40	maaslin3	rarefied	0	0
spike_r100_f3	41	maaslin3	rarefied	0	0
spike_r100_f3	42	maaslin3	rarefied	0	0
spike_r100_f3	43	maaslin3	rarefied	0	0.0333333333333333
spike_r100_f3	44	maaslin3	rarefied	0	0
spike_r100_f3	45	maaslin3	rarefied	0	0
spike_r100_f3	46	maaslin3	rarefied	0	0.0333333333333333
spike_r100_f3	47	maaslin3	rarefied	0	0.0333333333333333
spike_r100_f3	48	maaslin3	rarefied	0	0
spike_r100_f3	49	maaslin3	rarefied	0	0
spike_r100_f3	50	maaslin3	rarefied	0	0
spike_r100_f3	51	maaslin3	rarefied	0	0
spike_r100_f3	52	maaslin3	rarefied	0	0.0333333333333333
spike_r100_f3	53	maaslin3	rarefied	0	0
spike_r100_f3	54	maaslin3	rarefied	0	0
spike_r100_f3	55	maaslin3	rarefied	0	0.0333333333333333
spike_r100_f3	56	maaslin3	rarefied	0	0.0333333333333333
spike_r100_f3	57	maaslin3	rarefied	0.5	0.0333333333333333
spike_r100_f3	58	maaslin3	rarefied	0	0
spike_r100_f3	59	maaslin3	rarefied	0	0
spike_r100_f3	60	maaslin3	rarefied	0	0
spike_r100_f3	61	maaslin3	rarefied	0	0.0666666666666667
spike_r100_f3	62	maaslin3	rarefied	0	0
spike_r100_f3	63	maaslin3	rarefied	0	0
spike_r100_f3	64	maaslin3	rarefied	0	0
spike_r100_f3	65	maaslin3	rarefied	0	0.0333333333333333
spike_r100_f3	66	maaslin3	rarefied	0	0
spike_r100_f3	67	maaslin3	rarefied	0	0.0333333333333333
spike_r100_f3	68	maaslin3	rarefied	0	0.0333333333333333
spike_r100_f3	69	maaslin3	rarefied	0	0
spike_r100_f3	70	maaslin3	rarefied	0	0
spike_r100_f3	71	maaslin3	rarefied	0	0
spike_r100_f3	72	maaslin3	rarefied	0	0
spike_r100_f3	73	maaslin3	rarefied	0	0
spike_r100_f3	74	maaslin3	rarefied	0	0
spike_r100_f3	75	maaslin3	rarefied	0	0
spike_r100_f3	76	maaslin3	rarefied	0	0.0333333333333333
spike_r100_f3	77	maaslin3	rarefied	0	0
spike_r100_f3	78	maaslin3	rarefied	0	0
spike_r100_f3	79	maaslin3	rarefied	0	0.0333333333333333
spike_r100_f3	80	maaslin3	rarefied	0	0
spike_r100_f3	81	maaslin3	rarefied	0	0
spike_r100_f3	82	maaslin3	rarefied	0	0
spike_r100_f3	83	maaslin3	rarefied	0	0
spike_r100_f3	84	maaslin3	rarefied	0	0
spike_r100_f3	85	maaslin3	rarefied	0	0
spike_r100_f3	86	maaslin3	rarefied	0	0
spike_r100_f3	87	maaslin3	rarefied	0	0
spike_r100_f3	88	maaslin3	rarefied	0	0
spike_r100_f3	89	maaslin3	rarefied	0	0
spike_r100_f3	90	maaslin3	rarefied	0	0
spike_r100_f3	91	maaslin3	rarefied	0	0
spike_r100_f3	92	maaslin3	rarefied	0	0
spike_r100_f3	93	maaslin3	rarefied	0	0
spike_r100_f3	94	maaslin3	rarefied	0.5	0.0333333333333333
spike_r100_f3	95	maaslin3	rarefied	0	0
spike_r100_f3	96	maaslin3	rarefied	0	0
spike_r100_f3	97	maaslin3	rarefied	0	0
spike_r100_f3	98	maaslin3	rarefied	0	0
spike_r100_f3	99	maaslin3	rarefied	1	0
spike_r100_f3	100	maaslin3	rarefied	0	0
spike_r100_f3	101	maaslin3	rarefied	0	0.0666666666666667
spike_r100_f3	102	maaslin3	rarefied	0	0.0333333333333333
spike_r100_f3	103	maaslin3	rarefied	0	0
spike_r100_f3	104	maaslin3	rarefied	1	0
spike_r100_f3	105	maaslin3	rarefied	0	0.0333333333333333
spike_r100_f3	106	maaslin3	rarefied	0	0.0666666666666667
spike_r100_f3	107	maaslin3	rarefied	0	0
spike_r100_f3	108	maaslin3	rarefied	0	0.0333333333333333
spike_r100_f3	109	maaslin3	rarefied	0	0
spike_r100_f3	110	maaslin3	rarefied	0	0
spike_r100_f3	111	maaslin3	rarefied	0	0
spike_r100_f3	112	maaslin3	rarefied	0	0
spike_r100_f3	113	maaslin3	rarefied	0.5	0.0333333333333333
spike_r100_f3	114	maaslin3	rarefied	0	0.0333333333333333
spike_r100_f3	115	maaslin3	rarefied	0	0
spike_r100_f3	116	maaslin3	rarefied	0	0
spike_r100_f3	117	maaslin3	rarefied	0	0.0333333333333333
spike_r100_f3	118	maaslin3	rarefied	0	0.0333333333333333
spike_r100_f3	119	maaslin3	rarefied	0	0.0333333333333333
spike_r100_f3	120	maaslin3	rarefied	0	0
spike_r100_f3	121	maaslin3	rarefied	1	0
spike_r100_f3	122	maaslin3	rarefied	0	0
spike_r100_f3	123	maaslin3	rarefied	0	0.0333333333333333
spike_r100_f3	124	maaslin3	rarefied	0	0
spike_r100_f3	125	maaslin3	rarefied	0	0
spike_r100_f3	126	maaslin3	rarefied	0	0
spike_r100_f3	127	maaslin3	rarefied	0	0
spike_r100_f3	128	maaslin3	rarefied	0	0.0333333333333333
spike_r100_f3	129	maaslin3	rarefied	0	0
spike_r100_f3	130	maaslin3	rarefied	0	0
spike_r100_f3	131	maaslin3	rarefied	0	0
spike_r100_f3	132	maaslin3	rarefied	0	0
spike_r100_f3	133	maaslin3	rarefied	0	0
spike_r100_f3	134	maaslin3	rarefied	0	0
spike_r100_f3	135	maaslin3	rarefied	0	0.0666666666666667
spike_r100_f3	136	maaslin3	rarefied	0	0.0333333333333333
spike_r100_f3	137	maaslin3	rarefied	0	0.0333333333333333
spike_r100_f3	138	maaslin3	rarefied	0	0
spike_r100_f3	139	maaslin3	rarefied	0	0.0333333333333333
spike_r100_f3	140	maaslin3	rarefied	0	0.0333333333333333
spike_r100_f3	141	maaslin3	rarefied	0	0
spike_r100_f3	142	maaslin3	rarefied	0	0
spike_r100_f3	143	maaslin3	rarefied	0	0.0333333333333333
spike_r100_f3	144	maaslin3	rarefied	0	0
spike_r100_f3	145	maaslin3	rarefied	0	0
spike_r100_f3	146	maaslin3	rarefied	0	0
spike_r100_f3	147	maaslin3	rarefied	0	0
spike_r100_f3	148	maaslin3	rarefied	0	0
spike_r100_f3	149	maaslin3	rarefied	0	0
spike_r100_f3	150	maaslin3	rarefied	0.333333333333333	0.0666666666666667
spike_r100_f3	1	maaslin3	raw	0.5	0.0333333333333333
spike_r100_f3	2	maaslin3	raw	0.8	0.0333333333333333
spike_r100_f3	3	maaslin3	raw	0.75	0.0333333333333333
spike_r100_f3	4	maaslin3	raw	1	0
spike_r100_f3	5	maaslin3	raw	1	0
spike_r100_f3	6	maaslin3	raw	1	0
spike_r100_f3	7	maaslin3	raw	0.9	0.0333333333333333
spike_r100_f3	8	maaslin3	raw	0.833333333333333	0.0333333333333333
spike_r100_f3	9	maaslin3	raw	0.75	0.0333333333333333
spike_r100_f3	10	maaslin3	raw	1	0
spike_r100_f3	11	maaslin3	raw	1	0
spike_r100_f3	12	maaslin3	raw	1	0
spike_r100_f3	13	maaslin3	raw	1	0
spike_r100_f3	14	maaslin3	raw	1	0
spike_r100_f3	15	maaslin3	raw	1	0
spike_r100_f3	16	maaslin3	raw	1	0
spike_r100_f3	17	maaslin3	raw	1	0
spike_r100_f3	18	maaslin3	raw	1	0
spike_r100_f3	19	maaslin3	raw	1	0
spike_r100_f3	20	maaslin3	raw	1	0
spike_r100_f3	21	maaslin3	raw	0.777777777777778	0.0666666666666667
spike_r100_f3	22	maaslin3	raw	1	0
spike_r100_f3	23	maaslin3	raw	0.6	0.0666666666666667
spike_r100_f3	24	maaslin3	raw	1	0
spike_r100_f3	25	maaslin3	raw	0.8	0.0333333333333333
spike_r100_f3	26	maaslin3	raw	1	0
spike_r100_f3	27	maaslin3	raw	1	0
spike_r100_f3	28	maaslin3	raw	0.833333333333333	0.0333333333333333
spike_r100_f3	29	maaslin3	raw	0.8	0.0333333333333333
spike_r100_f3	30	maaslin3	raw	0.75	0.0333333333333333
spike_r100_f3	31	maaslin3	raw	1	0
spike_r100_f3	32	maaslin3	raw	0.6	0.0666666666666667
spike_r100_f3	33	maaslin3	raw	0.833333333333333	0.0333333333333333
spike_r100_f3	34	maaslin3	raw	1	0
spike_r100_f3	35	maaslin3	raw	1	0
spike_r100_f3	36	maaslin3	raw	1	0
spike_r100_f3	37	maaslin3	raw	0.6	0.0666666666666667
spike_r100_f3	38	maaslin3	raw	1	0
spike_r100_f3	39	maaslin3	raw	0.666666666666667	0.0333333333333333
spike_r100_f3	40	maaslin3	raw	1	0
spike_r100_f3	41	maaslin3	raw	0.8	0.0333333333333333
spike_r100_f3	42	maaslin3	raw	0.8	0.0333333333333333
spike_r100_f3	43	maaslin3	raw	0.75	0.0333333333333333
spike_r100_f3	44	maaslin3	raw	1	0
spike_r100_f3	45	maaslin3	raw	1	0
spike_r100_f3	46	maaslin3	raw	1	0
spike_r100_f3	47	maaslin3	raw	1	0
spike_r100_f3	48	maaslin3	raw	0.8	0.0333333333333333
spike_r100_f3	49	maaslin3	raw	1	0
spike_r100_f3	50	maaslin3	raw	1	0
spike_r100_f3	51	maaslin3	raw	0.833333333333333	0.0333333333333333
spike_r100_f3	52	maaslin3	raw	0.833333333333333	0.0333333333333333
spike_r100_f3	53	maaslin3	raw	0.666666666666667	0.0666666666666667
spike_r100_f3	54	maaslin3	raw	0.75	0.0333333333333333
spike_r100_f3	55	maaslin3	raw	0.8	0.0333333333333333
spike_r100_f3	56	maaslin3	raw	0.833333333333333	0.0333333333333333
spike_r100_f3	57	maaslin3	raw	0.5	0.0666666666666667
spike_r100_f3	58	maaslin3	raw	1	0
spike_r100_f3	59	maaslin3	raw	1	0
spike_r100_f3	60	maaslin3	raw	1	0
spike_r100_f3	61	maaslin3	raw	0.666666666666667	0.0666666666666667
spike_r100_f3	62	maaslin3	raw	1	0
spike_r100_f3	63	maaslin3	raw	1	0
spike_r100_f3	64	maaslin3	raw	0.857142857142857	0.0333333333333333
spike_r100_f3	65	maaslin3	raw	1	0
spike_r100_f3	66	maaslin3	raw	1	0
spike_r100_f3	67	maaslin3	raw	0.6	0.0666666666666667
spike_r100_f3	68	maaslin3	raw	0.8	0.0333333333333333
spike_r100_f3	69	maaslin3	raw	0.875	0.0333333333333333
spike_r100_f3	70	maaslin3	raw	1	0
spike_r100_f3	71	maaslin3	raw	0.8	0.0333333333333333
spike_r100_f3	72	maaslin3	raw	1	0
spike_r100_f3	73	maaslin3	raw	0.6	0.0666666666666667
spike_r100_f3	74	maaslin3	raw	1	0
spike_r100_f3	75	maaslin3	raw	0.75	0.0333333333333333
spike_r100_f3	76	maaslin3	raw	1	0
spike_r100_f3	77	maaslin3	raw	0.666666666666667	0.0333333333333333
spike_r100_f3	78	maaslin3	raw	0.5	0.0666666666666667
spike_r100_f3	79	maaslin3	raw	0.7	0.1
spike_r100_f3	80	maaslin3	raw	1	0
spike_r100_f3	81	maaslin3	raw	1	0
spike_r100_f3	82	maaslin3	raw	1	0
spike_r100_f3	83	maaslin3	raw	1	0
spike_r100_f3	84	maaslin3	raw	1	0
spike_r100_f3	85	maaslin3	raw	1	0
spike_r100_f3	86	maaslin3	raw	1	0
spike_r100_f3	87	maaslin3	raw	1	0
spike_r100_f3	88	maaslin3	raw	0.833333333333333	0.0333333333333333
spike_r100_f3	89	maaslin3	raw	0.8	0.0333333333333333
spike_r100_f3	90	maaslin3	raw	0.857142857142857	0.0333333333333333
spike_r100_f3	91	maaslin3	raw	1	0
spike_r100_f3	92	maaslin3	raw	1	0
spike_r100_f3	93	maaslin3	raw	0.888888888888889	0.0333333333333333
spike_r100_f3	94	maaslin3	raw	0.8	0.0333333333333333
spike_r100_f3	95	maaslin3	raw	1	0
spike_r100_f3	96	maaslin3	raw	0.833333333333333	0.0333333333333333
spike_r100_f3	97	maaslin3	raw	0.833333333333333	0.0333333333333333
spike_r100_f3	98	maaslin3	raw	0.75	0.0666666666666667
spike_r100_f3	99	maaslin3	raw	1	0
spike_r100_f3	100	maaslin3	raw	1	0
spike_r100_f3	101	maaslin3	raw	0	0.0333333333333333
spike_r100_f3	102	maaslin3	raw	0.333333333333333	0.0666666666666667
spike_r100_f3	103	maaslin3	raw	0.8	0.0333333333333333
spike_r100_f3	104	maaslin3	raw	1	0
spike_r100_f3	105	maaslin3	raw	0.666666666666667	0.0333333333333333
spike_r100_f3	106	maaslin3	raw	0.666666666666667	0.0666666666666667
spike_r100_f3	107	maaslin3	raw	1	0
spike_r100_f3	108	maaslin3	raw	0.5	0.0333333333333333
spike_r100_f3	109	maaslin3	raw	1	0
spike_r100_f3	110	maaslin3	raw	1	0
spike_r100_f3	111	maaslin3	raw	0.8	0.0333333333333333
spike_r100_f3	112	maaslin3	raw	1	0
spike_r100_f3	113	maaslin3	raw	1	0
spike_r100_f3	114	maaslin3	raw	0.625	0.1
spike_r100_f3	115	maaslin3	raw	0.857142857142857	0.0333333333333333
spike_r100_f3	116	maaslin3	raw	1	0
spike_r100_f3	117	maaslin3	raw	0.8	0.0333333333333333
spike_r100_f3	118	maaslin3	raw	0.666666666666667	0.0333333333333333
spike_r100_f3	119	maaslin3	raw	0.75	0.0333333333333333
spike_r100_f3	120	maaslin3	raw	1	0
spike_r100_f3	121	maaslin3	raw	0.8	0.0333333333333333
spike_r100_f3	122	maaslin3	raw	0.75	0.0333333333333333
spike_r100_f3	123	maaslin3	raw	1	0
spike_r100_f3	124	maaslin3	raw	0.777777777777778	0.0666666666666667
spike_r100_f3	125	maaslin3	raw	1	0
spike_r100_f3	126	maaslin3	raw	1	0
spike_r100_f3	127	maaslin3	raw	0.75	0.0333333333333333
spike_r100_f3	128	maaslin3	raw	0.8	0.0333333333333333
spike_r100_f3	129	maaslin3	raw	0.8	0.0333333333333333
spike_r100_f3	130	maaslin3	raw	1	0
spike_r100_f3	131	maaslin3	raw	1	0
spike_r100_f3	132	maaslin3	raw	0.8	0.0333333333333333
spike_r100_f3	133	maaslin3	raw	1	0
spike_r100_f3	134	maaslin3	raw	1	0
spike_r100_f3	135	maaslin3	raw	1	0
spike_r100_f3	136	maaslin3	raw	0.75	0.0666666666666667
spike_r100_f3	137	maaslin3	raw	0.6	0.0666666666666667
spike_r100_f3	138	maaslin3	raw	1	0
spike_r100_f3	139	maaslin3	raw	0.8	0.0333333333333333
spike_r100_f3	140	maaslin3	raw	1	0
spike_r100_f3	141	maaslin3	raw	0.833333333333333	0.0333333333333333
spike_r100_f3	142	maaslin3	raw	1	0
spike_r100_f3	143	maaslin3	raw	0.8	0.0333333333333333
spike_r100_f3	144	maaslin3	raw	1	0
spike_r100_f3	145	maaslin3	raw	0.75	0.0333333333333333
spike_r100_f3	146	maaslin3	raw	1	0
spike_r100_f3	147	maaslin3	raw	1	0
spike_r100_f3	148	maaslin3	raw	1	0
spike_r100_f3	149	maaslin3	raw	1	0
spike_r100_f3	150	maaslin3	raw	1	0
spike_r100_f3_d2500	1	ancombc2	rarefied	0.858823529411765	0.4
spike_r100_f3_d2500	2	ancombc2	rarefied	0.968253968253968	0.0666666666666667
spike_r100_f3_d2500	3	ancombc2	rarefied	0.835616438356164	0.4
spike_r100_f3_d2500	4	ancombc2	rarefied	0.84	0.4
spike_r100_f3_d2500	5	ancombc2	rarefied	0.85	0.4
spike_r100_f3_d2500	6	ancombc2	rarefied	0.851851851851852	0.266666666666667
spike_r100_f3_d2500	7	ancombc2	rarefied	0.873239436619718	0.3
spike_r100_f3_d2500	8	ancombc2	rarefied	0.866666666666667	0.2
spike_r100_f3_d2500	9	ancombc2	rarefied	0.833333333333333	0.366666666666667
spike_r100_f3_d2500	10	ancombc2	rarefied	0.907894736842105	0.233333333333333
spike_r100_f3_d2500	11	ancombc2	rarefied	0.854166666666667	0.233333333333333
spike_r100_f3_d2500	12	ancombc2	rarefied	0.791666666666667	0.333333333333333
spike_r100_f3_d2500	13	ancombc2	rarefied	0.803571428571429	0.366666666666667
spike_r100_f3_d2500	14	ancombc2	rarefied	0.881578947368421	0.3
spike_r100_f3_d2500	15	ancombc2	rarefied	0.771428571428571	0.533333333333333
spike_r100_f3_d2500	16	ancombc2	rarefied	0.866666666666667	0.266666666666667
spike_r100_f3_d2500	17	ancombc2	rarefied	0.885245901639344	0.233333333333333
spike_r100_f3_d2500	18	ancombc2	rarefied	0.836363636363636	0.3
spike_r100_f3_d2500	19	ancombc2	rarefied	0.82089552238806	0.4
spike_r100_f3_d2500	20	ancombc2	rarefied	0.861538461538462	0.3
spike_r100_f3_d2500	21	ancombc2	rarefied	0.883720930232558	0.166666666666667
spike_r100_f3_d2500	22	ancombc2	rarefied	0.869565217391304	0.3
spike_r100_f3_d2500	23	ancombc2	rarefied	0.863013698630137	0.333333333333333
spike_r100_f3_d2500	24	ancombc2	rarefied	0.863636363636364	0.3
spike_r100_f3_d2500	25	ancombc2	rarefied	0.806451612903226	0.4
spike_r100_f3_d2500	26	ancombc2	rarefied	0.860759493670886	0.366666666666667
spike_r100_f3_d2500	27	ancombc2	rarefied	0.75	0.633333333333333
spike_r100_f3_d2500	28	ancombc2	rarefied	0.819148936170213	0.566666666666667
spike_r100_f3_d2500	29	ancombc2	rarefied	0.777777777777778	0.466666666666667
spike_r100_f3_d2500	30	ancombc2	rarefied	0.875	0.2
spike_r100_f3_d2500	31	ancombc2	rarefied	0.888888888888889	0.233333333333333
spike_r100_f3_d2500	32	ancombc2	rarefied	0.864077669902913	0.466666666666667
spike_r100_f3_d2500	33	ancombc2	rarefied	0.836065573770492	0.333333333333333
spike_r100_f3_d2500	34	ancombc2	rarefied	0.803921568627451	0.333333333333333
spike_r100_f3_d2500	35	ancombc2	rarefied	0.821917808219178	0.433333333333333
spike_r100_f3_d2500	36	ancombc2	rarefied	0.72	0.466666666666667
spike_r100_f3_d2500	37	ancombc2	rarefied	0.851063829787234	0.233333333333333
spike_r100_f3_d2500	38	ancombc2	rarefied	0.860215053763441	0.433333333333333
spike_r100_f3_d2500	39	ancombc2	rarefied	0.88235294117647	0.333333333333333
spike_r100_f3_d2500	40	ancombc2	rarefied	0.814814814814815	0.5
spike_r100_f3_d2500	41	ancombc2	rarefied	0.927536231884058	0.166666666666667
spike_r100_f3_d2500	42	ancombc2	rarefied	0.892307692307692	0.233333333333333
spike_r100_f3_d2500	43	ancombc2	rarefied	0.8125	0.3
spike_r100_f3_d2500	44	ancombc2	rarefied	0.836363636363636	0.3
spike_r100_f3_d2500	45	ancombc2	rarefied	0.875	0.333333333333333
spike_r100_f3_d2500	46	ancombc2	rarefied	0.771428571428571	0.533333333333333
spike_r100_f3_d2500	47	ancombc2	rarefied	0.87012987012987	0.333333333333333
spike_r100_f3_d2500	48	ancombc2	rarefied	0.862068965517241	0.266666666666667
spike_r100_f3_d2500	49	ancombc2	rarefied	0.869565217391304	0.3
spike_r100_f3_d2500	50	ancombc2	rarefied	0.903614457831325	0.266666666666667
spike_r100_f3_d2500	51	ancombc2	rarefied	0.855072463768116	0.333333333333333
spike_r100_f3_d2500	52	ancombc2	rarefied	0.823529411764706	0.3
spike_r100_f3_d2500	53	ancombc2	rarefied	0.873015873015873	0.266666666666667
spike_r100_f3_d2500	54	ancombc2	rarefied	0.839285714285714	0.3
spike_r100_f3_d2500	55	ancombc2	rarefied	0.823529411764706	0.4
spike_r100_f3_d2500	56	ancombc2	rarefied	0.885714285714286	0.266666666666667
spike_r100_f3_d2500	57	ancombc2	rarefied	0.815384615384615	0.4
spike_r100_f3_d2500	58	ancombc2	rarefied	0.816901408450704	0.433333333333333
spike_r100_f3_d2500	59	ancombc2	rarefied	0.916666666666667	0.166666666666667
spike_r100_f3_d2500	60	ancombc2	rarefied	0.863636363636364	0.3
spike_r100_f3_d2500	61	ancombc2	rarefied	0.876712328767123	0.3
spike_r100_f3_d2500	62	ancombc2	rarefied	0.91304347826087	0.133333333333333
spike_r100_f3_d2500	63	ancombc2	rarefied	0.819672131147541	0.366666666666667
spike_r100_f3_d2500	64	ancombc2	rarefied	0.779220779220779	0.566666666666667
spike_r100_f3_d2500	65	ancombc2	rarefied	0.921875	0.166666666666667
spike_r100_f3_d2500	66	ancombc2	rarefied	0.841463414634146	0.433333333333333
spike_r100_f3_d2500	67	ancombc2	rarefied	0.863636363636364	0.2
spike_r100_f3_d2500	68	ancombc2	rarefied	0.92156862745098	0.133333333333333
spike_r100_f3_d2500	69	ancombc2	rarefied	0.859649122807018	0.266666666666667
spike_r100_f3_d2500	70	ancombc2	rarefied	0.811594202898551	0.433333333333333
spike_r100_f3_d2500	71	ancombc2	rarefied	0.870967741935484	0.266666666666667
spike_r100_f3_d2500	72	ancombc2	rarefied	0.830985915492958	0.4
spike_r100_f3_d2500	73	ancombc2	rarefied	0.86764705882353	0.3
spike_r100_f3_d2500	74	ancombc2	rarefied	0.833333333333333	0.433333333333333
spike_r100_f3_d2500	75	ancombc2	rarefied	0.850746268656716	0.333333333333333
spike_r100_f3_d2500	76	ancombc2	rarefied	0.877551020408163	0.2
spike_r100_f3_d2500	77	ancombc2	rarefied	0.840425531914894	0.5
spike_r100_f3_d2500	78	ancombc2	rarefied	0.828571428571429	0.2
spike_r100_f3_d2500	79	ancombc2	rarefied	0.864864864864865	0.333333333333333
spike_r100_f3_d2500	80	ancombc2	rarefied	0.866666666666667	0.333333333333333
spike_r100_f3_d2500	81	ancombc2	rarefied	0.871428571428571	0.3
spike_r100_f3_d2500	82	ancombc2	rarefied	0.822222222222222	0.266666666666667
spike_r100_f3_d2500	83	ancombc2	rarefied	0.8	0.566666666666667
spike_r100_f3_d2500	84	ancombc2	rarefied	0.888888888888889	0.2
spike_r100_f3_d2500	85	ancombc2	rarefied	0.868421052631579	0.333333333333333
spike_r100_f3_d2500	86	ancombc2	rarefied	0.839285714285714	0.3
spike_r100_f3_d2500	87	ancombc2	rarefied	0.888888888888889	0.233333333333333
spike_r100_f3_d2500	88	ancombc2	rarefied	0.836363636363636	0.3
spike_r100_f3_d2500	89	ancombc2	rarefied	0.876923076923077	0.266666666666667
spike_r100_f3_d2500	90	ancombc2	rarefied	0.860759493670886	0.366666666666667
spike_r100_f3_d2500	91	ancombc2	rarefied	0.833333333333333	0.333333333333333
spike_r100_f3_d2500	92	ancombc2	rarefied	0.901639344262295	0.2
spike_r100_f3_d2500	93	ancombc2	rarefied	0.842105263157895	0.3
spike_r100_f3_d2500	94	ancombc2	rarefied	0.89041095890411	0.266666666666667
spike_r100_f3_d2500	95	ancombc2	rarefied	0.876404494382023	0.366666666666667
spike_r100_f3_d2500	96	ancombc2	rarefied	0.773333333333333	0.566666666666667
spike_r100_f3_d2500	97	ancombc2	rarefied	0.869565217391304	0.4
spike_r100_f3_d2500	98	ancombc2	rarefied	0.803571428571429	0.366666666666667
spike_r100_f3_d2500	99	ancombc2	rarefied	0.849056603773585	0.266666666666667
spike_r100_f3_d2500	100	ancombc2	rarefied	0.836363636363636	0.3
spike_r100_f3_d2500	1	ancombc2	raw	0.870967741935484	0.133333333333333
spike_r100_f3_d2500	2	ancombc2	raw	0.925	0.1
spike_r100_f3_d2500	3	ancombc2	raw	0.954545454545455	0.0333333333333333
spike_r100_f3_d2500	4	ancombc2	raw	0.8	0.2
spike_r100_f3_d2500	5	ancombc2	raw	0.794117647058823	0.233333333333333
spike_r100_f3_d2500	6	ancombc2	raw	0.789473684210526	0.266666666666667
spike_r100_f3_d2500	7	ancombc2	raw	0.805555555555556	0.233333333333333
spike_r100_f3_d2500	8	ancombc2	raw	0.875	0.1
spike_r100_f3_d2500	9	ancombc2	raw	0.72	0.233333333333333
spike_r100_f3_d2500	10	ancombc2	raw	0.8	0.1
spike_r100_f3_d2500	11	ancombc2	raw	0.852941176470588	0.166666666666667
spike_r100_f3_d2500	12	ancombc2	raw	0.761904761904762	0.166666666666667
spike_r100_f3_d2500	13	ancombc2	raw	0.777777777777778	0.133333333333333
spike_r100_f3_d2500	14	ancombc2	raw	0.823529411764706	0.1
spike_r100_f3_d2500	15	ancombc2	raw	0.840909090909091	0.233333333333333
spike_r100_f3_d2500	16	ancombc2	raw	0.666666666666667	0.0666666666666667
spike_r100_f3_d2500	17	ancombc2	raw	0.761904761904762	0.166666666666667
spike_r100_f3_d2500	18	ancombc2	raw	0.866666666666667	0.133333333333333
spike_r100_f3_d2500	19	ancombc2	raw	0.888888888888889	0.1
spike_r100_f3_d2500	20	ancombc2	raw	0.904761904761905	0.133333333333333
spike_r100_f3_d2500	21	ancombc2	raw	0.91304347826087	0.0666666666666667
spike_r100_f3_d2500	22	ancombc2	raw	0.852941176470588	0.166666666666667
spike_r100_f3_d2500	23	ancombc2	raw	0.846153846153846	0.133333333333333
spike_r100_f3_d2500	24	ancombc2	raw	1	0
spike_r100_f3_d2500	25	ancombc2	raw	0.857142857142857	0.1
spike_r100_f3_d2500	26	ancombc2	raw	0.857142857142857	0.133333333333333
spike_r100_f3_d2500	27	ancombc2	raw	0.8	0.166666666666667
spike_r100_f3_d2500	28	ancombc2	raw	0.777777777777778	0.333333333333333
spike_r100_f3_d2500	29	ancombc2	raw	0.756756756756757	0.3
spike_r100_f3_d2500	30	ancombc2	raw	0.837209302325581	0.233333333333333
spike_r100_f3_d2500	31	ancombc2	raw	0.842105263157895	0.1
spike_r100_f3_d2500	32	ancombc2	raw	0.785714285714286	0.2
spike_r100_f3_d2500	33	ancombc2	raw	0.818181818181818	0.2
spike_r100_f3_d2500	34	ancombc2	raw	1	0
spike_r100_f3_d2500	35	ancombc2	raw	1	0
spike_r100_f3_d2500	36	ancombc2	raw	0.85	0.1
spike_r100_f3_d2500	37	ancombc2	raw	0.885714285714286	0.133333333333333
spike_r100_f3_d2500	38	ancombc2	raw	0.9	0.1
spike_r100_f3_d2500	39	ancombc2	raw	0.96	0.0333333333333333
spike_r100_f3_d2500	40	ancombc2	raw	0.84375	0.166666666666667
spike_r100_f3_d2500	41	ancombc2	raw	0.88	0.1
spike_r100_f3_d2500	42	ancombc2	raw	0.961538461538462	0.0333333333333333
spike_r100_f3_d2500	43	ancombc2	raw	0.826086956521739	0.133333333333333
spike_r100_f3_d2500	44	ancombc2	raw	0.866666666666667	0.2
spike_r100_f3_d2500	45	ancombc2	raw	0.893617021276596	0.166666666666667
spike_r100_f3_d2500	46	ancombc2	raw	0.8	0.0666666666666667
spike_r100_f3_d2500	47	ancombc2	raw	0.909090909090909	0.0666666666666667
spike_r100_f3_d2500	48	ancombc2	raw	0.771428571428571	0.266666666666667
spike_r100_f3_d2500	49	ancombc2	raw	0.771428571428571	0.266666666666667
spike_r100_f3_d2500	50	ancombc2	raw	0.868421052631579	0.166666666666667
spike_r100_f3_d2500	51	ancombc2	raw	0.80952380952381	0.133333333333333
spike_r100_f3_d2500	52	ancombc2	raw	0.88235294117647	0.0666666666666667
spike_r100_f3_d2500	53	ancombc2	raw	0.878048780487805	0.166666666666667
spike_r100_f3_d2500	54	ancombc2	raw	0.88235294117647	0.0666666666666667
spike_r100_f3_d2500	55	ancombc2	raw	0.870967741935484	0.133333333333333
spike_r100_f3_d2500	56	ancombc2	raw	0.95	0.0333333333333333
spike_r100_f3_d2500	57	ancombc2	raw	0.95	0.0333333333333333
spike_r100_f3_d2500	58	ancombc2	raw	0.904761904761905	0.133333333333333
spike_r100_f3_d2500	59	ancombc2	raw	0.9	0.0333333333333333
spike_r100_f3_d2500	60	ancombc2	raw	0.833333333333333	0.166666666666667
spike_r100_f3_d2500	61	ancombc2	raw	0.703703703703704	0.266666666666667
spike_r100_f3_d2500	62	ancombc2	raw	0.9375	0.0333333333333333
spike_r100_f3_d2500	63	ancombc2	raw	0.789473684210526	0.266666666666667
spike_r100_f3_d2500	64	ancombc2	raw	0.837837837837838	0.2
spike_r100_f3_d2500	65	ancombc2	raw	0.909090909090909	0.0666666666666667
spike_r100_f3_d2500	66	ancombc2	raw	0.857142857142857	0.0333333333333333
spike_r100_f3_d2500	67	ancombc2	raw	0.771428571428571	0.266666666666667
spike_r100_f3_d2500	68	ancombc2	raw	0.708333333333333	0.233333333333333
spike_r100_f3_d2500	69	ancombc2	raw	0.863636363636364	0.1
spike_r100_f3_d2500	70	ancombc2	raw	0.875	0.1
spike_r100_f3_d2500	71	ancombc2	raw	0.941176470588235	0.0333333333333333
spike_r100_f3_d2500	72	ancombc2	raw	0.705882352941177	0.166666666666667
spike_r100_f3_d2500	73	ancombc2	raw	0.878048780487805	0.166666666666667
spike_r100_f3_d2500	74	ancombc2	raw	0.761904761904762	0.333333333333333
spike_r100_f3_d2500	75	ancombc2	raw	0.861111111111111	0.166666666666667
spike_r100_f3_d2500	76	ancombc2	raw	0.952380952380952	0.0666666666666667
spike_r100_f3_d2500	77	ancombc2	raw	0.742857142857143	0.3
spike_r100_f3_d2500	78	ancombc2	raw	0.8	0.133333333333333
spike_r100_f3_d2500	79	ancombc2	raw	0.88	0.1
spike_r100_f3_d2500	80	ancombc2	raw	0.880952380952381	0.166666666666667
spike_r100_f3_d2500	81	ancombc2	raw	0.883720930232558	0.166666666666667
spike_r100_f3_d2500	82	ancombc2	raw	0.862068965517241	0.133333333333333
spike_r100_f3_d2500	83	ancombc2	raw	0.78125	0.233333333333333
spike_r100_f3_d2500	84	ancombc2	raw	0.875	0.133333333333333
spike_r100_f3_d2500	85	ancombc2	raw	0.833333333333333	0.166666666666667
spike_r100_f3_d2500	86	ancombc2	raw	0.8	0.366666666666667
spike_r100_f3_d2500	87	ancombc2	raw	0.80952380952381	0.133333333333333
spike_r100_f3_d2500	88	ancombc2	raw	0.766666666666667	0.233333333333333
spike_r100_f3_d2500	89	ancombc2	raw	0.857142857142857	0.133333333333333
spike_r100_f3_d2500	90	ancombc2	raw	0.844444444444444	0.233333333333333
spike_r100_f3_d2500	91	ancombc2	raw	0.91304347826087	0.133333333333333
spike_r100_f3_d2500	92	ancombc2	raw	0.777777777777778	0.133333333333333
spike_r100_f3_d2500	93	ancombc2	raw	0.869565217391304	0.1
spike_r100_f3_d2500	94	ancombc2	raw	0.888888888888889	0.133333333333333
spike_r100_f3_d2500	95	ancombc2	raw	0.8125	0.2
spike_r100_f3_d2500	96	ancombc2	raw	0.766666666666667	0.233333333333333
spike_r100_f3_d2500	97	ancombc2	raw	0.923076923076923	0.0333333333333333
spike_r100_f3_d2500	98	ancombc2	raw	0.827586206896552	0.166666666666667
spike_r100_f3_d2500	99	ancombc2	raw	0.866666666666667	0.0666666666666667
spike_r100_f3_d2500	100	ancombc2	raw	0.871794871794872	0.166666666666667
spike_r100_f3_d2500	1	maaslin3	rarefied	0	0
spike_r100_f3_d2500	2	maaslin3	rarefied	0	0
spike_r100_f3_d2500	3	maaslin3	rarefied	0	0
spike_r100_f3_d2500	4	maaslin3	rarefied	0	0
spike_r100_f3_d2500	5	maaslin3	rarefied	0	0
spike_r100_f3_d2500	6	maaslin3	rarefied	1	0
spike_r100_f3_d2500	7	maaslin3	rarefied	0	0
spike_r100_f3_d2500	8	maaslin3	rarefied	0	0
spike_r100_f3_d2500	9	maaslin3	rarefied	0	0
spike_r100_f3_d2500	10	maaslin3	rarefied	0	0
spike_r100_f3_d2500	11	maaslin3	rarefied	0	0
spike_r100_f3_d2500	12	maaslin3	rarefied	1	0
spike_r100_f3_d2500	13	maaslin3	rarefied	0	0
spike_r100_f3_d2500	14	maaslin3	rarefied	0	0.0333333333333333
spike_r100_f3_d2500	15	maaslin3	rarefied	0	0
spike_r100_f3_d2500	16	maaslin3	rarefied	0	0
spike_r100_f3_d2500	17	maaslin3	rarefied	0	0.0333333333333333
spike_r100_f3_d2500	18	maaslin3	rarefied	0	0
spike_r100_f3_d2500	19	maaslin3	rarefied	0	0
spike_r100_f3_d2500	20	maaslin3	rarefied	1	0
spike_r100_f3_d2500	21	maaslin3	rarefied	0	0
spike_r100_f3_d2500	22	maaslin3	rarefied	0	0
spike_r100_f3_d2500	23	maaslin3	rarefied	0	0
spike_r100_f3_d2500	24	maaslin3	rarefied	0	0
spike_r100_f3_d2500	25	maaslin3	rarefied	0	0
spike_r100_f3_d2500	26	maaslin3	rarefied	0	0
spike_r100_f3_d2500	27	maaslin3	rarefied	0	0
spike_r100_f3_d2500	28	maaslin3	rarefied	0	0
spike_r100_f3_d2500	29	maaslin3	rarefied	0	0.0333333333333333
spike_r100_f3_d2500	30	maaslin3	rarefied	0	0
spike_r100_f3_d2500	31	maaslin3	rarefied	0	0
spike_r100_f3_d2500	32	maaslin3	rarefied	0.5	0.0333333333333333
spike_r100_f3_d2500	33	maaslin3	rarefied	0	0
spike_r100_f3_d2500	34	maaslin3	rarefied	0	0
spike_r100_f3_d2500	35	maaslin3	rarefied	0	0
spike_r100_f3_d2500	36	maaslin3	rarefied	0	0
spike_r100_f3_d2500	37	maaslin3	rarefied	0	0
spike_r100_f3_d2500	38	maaslin3	rarefied	0	0
spike_r100_f3_d2500	39	maaslin3	rarefied	0	0
spike_r100_f3_d2500	40	maaslin3	rarefied	0	0
spike_r100_f3_d2500	41	maaslin3	rarefied	0	0
spike_r100_f3_d2500	42	maaslin3	rarefied	0	0
spike_r100_f3_d2500	43	maaslin3	rarefied	0	0
spike_r100_f3_d2500	44	maaslin3	rarefied	0	0
spike_r100_f3_d2500	45	maaslin3	rarefied	0	0
spike_r100_f3_d2500	46	maaslin3	rarefied	0	0
spike_r100_f3_d2500	47	maaslin3	rarefied	0	0
spike_r100_f3_d2500	48	maaslin3	rarefied	0	0
spike_r100_f3_d2500	49	maaslin3	rarefied	0	0
spike_r100_f3_d2500	50	maaslin3	rarefied	0	0
spike_r100_f3_d2500	51	maaslin3	rarefied	0	0
spike_r100_f3_d2500	52	maaslin3	rarefied	0	0
spike_r100_f3_d2500	53	maaslin3	rarefied	0	0
spike_r100_f3_d2500	54	maaslin3	rarefied	0	0
spike_r100_f3_d2500	55	maaslin3	rarefied	0	0
spike_r100_f3_d2500	56	maaslin3	rarefied	0	0
spike_r100_f3_d2500	57	maaslin3	rarefied	0	0.0333333333333333
spike_r100_f3_d2500	58	maaslin3	rarefied	0	0
spike_r100_f3_d2500	59	maaslin3	rarefied	0	0
spike_r100_f3_d2500	60	maaslin3	rarefied	0	0
spike_r100_f3_d2500	61	maaslin3	rarefied	0	0
spike_r100_f3_d2500	62	maaslin3	rarefied	0	0
spike_r100_f3_d2500	63	maaslin3	rarefied	0	0
spike_r100_f3_d2500	64	maaslin3	rarefied	0	0.0333333333333333
spike_r100_f3_d2500	65	maaslin3	rarefied	0	0
spike_r100_f3_d2500	66	maaslin3	rarefied	0	0
spike_r100_f3_d2500	67	maaslin3	rarefied	0	0
spike_r100_f3_d2500	68	maaslin3	rarefied	0	0
spike_r100_f3_d2500	69	maaslin3	rarefied	0	0
spike_r100_f3_d2500	70	maaslin3	rarefied	0	0.0666666666666667
spike_r100_f3_d2500	71	maaslin3	rarefied	0	0
spike_r100_f3_d2500	72	maaslin3	rarefied	0	0
spike_r100_f3_d2500	73	maaslin3	rarefied	0	0
spike_r100_f3_d2500	74	maaslin3	rarefied	0	0
spike_r100_f3_d2500	75	maaslin3	rarefied	0	0
spike_r100_f3_d2500	76	maaslin3	rarefied	0	0
spike_r100_f3_d2500	77	maaslin3	rarefied	0	0
spike_r100_f3_d2500	78	maaslin3	rarefied	0	0
spike_r100_f3_d2500	79	maaslin3	rarefied	0	0.0333333333333333
spike_r100_f3_d2500	80	maaslin3	rarefied	0	0
spike_r100_f3_d2500	81	maaslin3	rarefied	0	0.0333333333333333
spike_r100_f3_d2500	82	maaslin3	rarefied	0	0
spike_r100_f3_d2500	83	maaslin3	rarefied	0	0
spike_r100_f3_d2500	84	maaslin3	rarefied	0	0
spike_r100_f3_d2500	85	maaslin3	rarefied	0	0
spike_r100_f3_d2500	86	maaslin3	rarefied	0	0
spike_r100_f3_d2500	87	maaslin3	rarefied	0	0
spike_r100_f3_d2500	88	maaslin3	rarefied	0	0
spike_r100_f3_d2500	89	maaslin3	rarefied	0	0
spike_r100_f3_d2500	90	maaslin3	rarefied	0	0
spike_r100_f3_d2500	91	maaslin3	rarefied	0	0
spike_r100_f3_d2500	92	maaslin3	rarefied	0	0
spike_r100_f3_d2500	93	maaslin3	rarefied	0	0
spike_r100_f3_d2500	94	maaslin3	rarefied	0	0
spike_r100_f3_d2500	95	maaslin3	rarefied	0	0
spike_r100_f3_d2500	96	maaslin3	rarefied	0	0
spike_r100_f3_d2500	97	maaslin3	rarefied	0	0
spike_r100_f3_d2500	98	maaslin3	rarefied	0	0
spike_r100_f3_d2500	99	maaslin3	rarefied	0	0
spike_r100_f3_d2500	100	maaslin3	rarefied	0	0
spike_r100_f3_d2500	1	maaslin3	raw	0.714285714285714	0.0666666666666667
spike_r100_f3_d2500	2	maaslin3	raw	0.833333333333333	0.0333333333333333
spike_r100_f3_d2500	3	maaslin3	raw	1	0
spike_r100_f3_d2500	4	maaslin3	raw	0.857142857142857	0.0333333333333333
spike_r100_f3_d2500	5	maaslin3	raw	0.9	0.0333333333333333
spike_r100_f3_d2500	6	maaslin3	raw	0.833333333333333	0.0333333333333333
spike_r100_f3_d2500	7	maaslin3	raw	0.8	0.0333333333333333
spike_r100_f3_d2500	8	maaslin3	raw	1	0
spike_r100_f3_d2500	9	maaslin3	raw	0.833333333333333	0.0333333333333333
spike_r100_f3_d2500	10	maaslin3	raw	1	0
spike_r100_f3_d2500	11	maaslin3	raw	1	0
spike_r100_f3_d2500	12	maaslin3	raw	1	0
spike_r100_f3_d2500	13	maaslin3	raw	0.75	0.0666666666666667
spike_r100_f3_d2500	14	maaslin3	raw	0.75	0.0333333333333333
spike_r100_f3_d2500	15	maaslin3	raw	0.625	0.1
spike_r100_f3_d2500	16	maaslin3	raw	1	0
spike_r100_f3_d2500	17	maaslin3	raw	0.625	0.1
spike_r100_f3_d2500	18	maaslin3	raw	0.833333333333333	0.0333333333333333
spike_r100_f3_d2500	19	maaslin3	raw	1	0
spike_r100_f3_d2500	20	maaslin3	raw	1	0
spike_r100_f3_d2500	21	maaslin3	raw	1	0
spike_r100_f3_d2500	22	maaslin3	raw	1	0
spike_r100_f3_d2500	23	maaslin3	raw	0.875	0.0333333333333333
spike_r100_f3_d2500	24	maaslin3	raw	1	0
spike_r100_f3_d2500	25	maaslin3	raw	0.833333333333333	0.0333333333333333
spike_r100_f3_d2500	26	maaslin3	raw	1	0
spike_r100_f3_d2500	27	maaslin3	raw	0.714285714285714	0.0666666666666667
spike_r100_f3_d2500	28	maaslin3	raw	0.777777777777778	0.0666666666666667
spike_r100_f3_d2500	29	maaslin3	raw	0.75	0.0333333333333333
spike_r100_f3_d2500	30	maaslin3	raw	0.75	0.0333333333333333
spike_r100_f3_d2500	31	maaslin3	raw	0.8	0.0333333333333333
spike_r100_f3_d2500	32	maaslin3	raw	0.6	0.0666666666666667
spike_r100_f3_d2500	33	maaslin3	raw	0.625	0.1
spike_r100_f3_d2500	34	maaslin3	raw	1	0
spike_r100_f3_d2500	35	maaslin3	raw	1	0
spike_r100_f3_d2500	36	maaslin3	raw	1	0
spike_r100_f3_d2500	37	maaslin3	raw	1	0
spike_r100_f3_d2500	38	maaslin3	raw	1	0
spike_r100_f3_d2500	39	maaslin3	raw	1	0
spike_r100_f3_d2500	40	maaslin3	raw	1	0
spike_r100_f3_d2500	41	maaslin3	raw	1	0
spike_r100_f3_d2500	42	maaslin3	raw	1	0
spike_r100_f3_d2500	43	maaslin3	raw	0.75	0.0333333333333333
spike_r100_f3_d2500	44	maaslin3	raw	1	0
spike_r100_f3_d2500	45	maaslin3	raw	1	0
spike_r100_f3_d2500	46	maaslin3	raw	0.833333333333333	0.0333333333333333
spike_r100_f3_d2500	47	maaslin3	raw	1	0
spike_r100_f3_d2500	48	maaslin3	raw	1	0
spike_r100_f3_d2500	49	maaslin3	raw	1	0
spike_r100_f3_d2500	50	maaslin3	raw	0.833333333333333	0.0333333333333333
spike_r100_f3_d2500	51	maaslin3	raw	1	0
spike_r100_f3_d2500	52	maaslin3	raw	0.857142857142857	0.0333333333333333
spike_r100_f3_d2500	53	maaslin3	raw	1	0
spike_r100_f3_d2500	54	maaslin3	raw	0.8	0.0333333333333333
spike_r100_f3_d2500	55	maaslin3	raw	1	0
spike_r100_f3_d2500	56	maaslin3	raw	1	0
spike_r100_f3_d2500	57	maaslin3	raw	1	0
spike_r100_f3_d2500	58	maaslin3	raw	0.888888888888889	0.0333333333333333
spike_r100_f3_d2500	59	maaslin3	raw	1	0
spike_r100_f3_d2500	60	maaslin3	raw	1	0
spike_r100_f3_d2500	61	maaslin3	raw	0.833333333333333	0.0333333333333333
spike_r100_f3_d2500	62	maaslin3	raw	1	0
spike_r100_f3_d2500	63	maaslin3	raw	0.833333333333333	0.0333333333333333
spike_r100_f3_d2500	64	maaslin3	raw	0.666666666666667	0.0666666666666667
spike_r100_f3_d2500	65	maaslin3	raw	1	0
spike_r100_f3_d2500	66	maaslin3	raw	0.75	0.0333333333333333
spike_r100_f3_d2500	67	maaslin3	raw	0.857142857142857	0.0333333333333333
spike_r100_f3_d2500	68	maaslin3	raw	0.428571428571429	0.133333333333333
spike_r100_f3_d2500	69	maaslin3	raw	1	0
spike_r100_f3_d2500	70	maaslin3	raw	0.833333333333333	0.0333333333333333
spike_r100_f3_d2500	71	maaslin3	raw	0.857142857142857	0.0333333333333333
spike_r100_f3_d2500	72	maaslin3	raw	1	0
spike_r100_f3_d2500	73	maaslin3	raw	1	0
spike_r100_f3_d2500	74	maaslin3	raw	0.777777777777778	0.0666666666666667
spike_r100_f3_d2500	75	maaslin3	raw	1	0
spike_r100_f3_d2500	76	maaslin3	raw	1	0
spike_r100_f3_d2500	77	maaslin3	raw	0.8	0.0333333333333333
spike_r100_f3_d2500	78	maaslin3	raw	1	0
spike_r100_f3_d2500	79	maaslin3	raw	0.666666666666667	0.0333333333333333
spike_r100_f3_d2500	80	maaslin3	raw	1	0
spike_r100_f3_d2500	81	maaslin3	raw	1	0
spike_r100_f3_d2500	82	maaslin3	raw	1	0
spike_r100_f3_d2500	83	maaslin3	raw	0.75	0.0333333333333333
spike_r100_f3_d2500	84	maaslin3	raw	1	0
spike_r100_f3_d2500	85	maaslin3	raw	0.714285714285714	0.0666666666666667
spike_r100_f3_d2500	86	maaslin3	raw	0.625	0.1
spike_r100_f3_d2500	87	maaslin3	raw	0.75	0.0666666666666667
spike_r100_f3_d2500	88	maaslin3	raw	1	0
spike_r100_f3_d2500	89	maaslin3	raw	1	0
spike_r100_f3_d2500	90	maaslin3	raw	1	0
spike_r100_f3_d2500	91	maaslin3	raw	1	0
spike_r100_f3_d2500	92	maaslin3	raw	0.888888888888889	0.0333333333333333
spike_r100_f3_d2500	93	maaslin3	raw	1	0
spike_r100_f3_d2500	94	maaslin3	raw	1	0
spike_r100_f3_d2500	95	maaslin3	raw	0.666666666666667	0.0666666666666667
spike_r100_f3_d2500	96	maaslin3	raw	0.833333333333333	0.0333333333333333
spike_r100_f3_d2500	97	maaslin3	raw	1	0
spike_r100_f3_d2500	98	maaslin3	raw	0.625	0.1
spike_r100_f3_d2500	99	maaslin3	raw	1	0
spike_r100_f3_d2500	100	maaslin3	raw	0.909090909090909	0.0333333333333333
spike_r100_f3_d40000	1	ancombc2	rarefied	0.857142857142857	0.133333333333333
spike_r100_f3_d40000	2	ancombc2	rarefied	0.761904761904762	0.166666666666667
spike_r100_f3_d40000	3	ancombc2	rarefied	0.807692307692308	0.333333333333333
spike_r100_f3_d40000	4	ancombc2	rarefied	0.931034482758621	0.0666666666666667
spike_r100_f3_d40000	5	ancombc2	rarefied	0.9	0.0666666666666667
spike_r100_f3_d40000	6	ancombc2	rarefied	0.807692307692308	0.166666666666667
spike_r100_f3_d40000	7	ancombc2	rarefied	0.9375	0.1
spike_r100_f3_d40000	8	ancombc2	rarefied	0.928571428571429	0.0333333333333333
spike_r100_f3_d40000	9	ancombc2	rarefied	0.727272727272727	0.1
spike_r100_f3_d40000	10	ancombc2	rarefied	0.807692307692308	0.166666666666667
spike_r100_f3_d40000	11	ancombc2	rarefied	0.92	0.0666666666666667
spike_r100_f3_d40000	12	ancombc2	rarefied	0.894736842105263	0.0666666666666667
spike_r100_f3_d40000	13	ancombc2	rarefied	0.789473684210526	0.133333333333333
spike_r100_f3_d40000	14	ancombc2	rarefied	0.851851851851852	0.133333333333333
spike_r100_f3_d40000	15	ancombc2	rarefied	0.75	0.1
spike_r100_f3_d40000	16	ancombc2	rarefied	0.804878048780488	0.266666666666667
spike_r100_f3_d40000	17	ancombc2	rarefied	0.772727272727273	0.166666666666667
spike_r100_f3_d40000	18	ancombc2	rarefied	0.86	0.233333333333333
spike_r100_f3_d40000	19	ancombc2	rarefied	0.91044776119403	0.2
spike_r100_f3_d40000	20	ancombc2	rarefied	0.8125	0.1
spike_r100_f3_d40000	21	ancombc2	rarefied	0.805555555555556	0.233333333333333
spike_r100_f3_d40000	22	ancombc2	rarefied	0.75	0.1
spike_r100_f3_d40000	23	ancombc2	rarefied	0.791666666666667	0.166666666666667
spike_r100_f3_d40000	24	ancombc2	rarefied	0.8	0.166666666666667
spike_r100_f3_d40000	25	ancombc2	rarefied	0.866666666666667	0.133333333333333
spike_r100_f3_d40000	26	ancombc2	rarefied	0.851851851851852	0.133333333333333
spike_r100_f3_d40000	27	ancombc2	rarefied	0.838709677419355	0.166666666666667
spike_r100_f3_d40000	28	ancombc2	rarefied	0.625	0.2
spike_r100_f3_d40000	29	ancombc2	rarefied	0.733333333333333	0.266666666666667
spike_r100_f3_d40000	30	ancombc2	rarefied	0.731707317073171	0.366666666666667
spike_r100_f3_d40000	31	ancombc2	rarefied	0.8	0.133333333333333
spike_r100_f3_d40000	32	ancombc2	rarefied	0.771428571428571	0.266666666666667
spike_r100_f3_d40000	33	ancombc2	rarefied	0.896551724137931	0.1
spike_r100_f3_d40000	34	ancombc2	rarefied	0.783783783783784	0.266666666666667
spike_r100_f3_d40000	35	ancombc2	rarefied	0.852941176470588	0.333333333333333
spike_r100_f3_d40000	36	ancombc2	rarefied	0.846153846153846	0.133333333333333
spike_r100_f3_d40000	37	ancombc2	rarefied	0.888888888888889	0.0666666666666667
spike_r100_f3_d40000	38	ancombc2	rarefied	0.818181818181818	0.133333333333333
spike_r100_f3_d40000	39	ancombc2	rarefied	0.846153846153846	0.133333333333333
spike_r100_f3_d40000	40	ancombc2	rarefied	0.923076923076923	0.0666666666666667
spike_r100_f3_d40000	41	ancombc2	rarefied	0.904761904761905	0.0666666666666667
spike_r100_f3_d40000	42	ancombc2	rarefied	0.774193548387097	0.233333333333333
spike_r100_f3_d40000	43	ancombc2	rarefied	0.88235294117647	0.0666666666666667
spike_r100_f3_d40000	44	ancombc2	rarefied	1	0
spike_r100_f3_d40000	45	ancombc2	rarefied	0.714285714285714	0.266666666666667
spike_r100_f3_d40000	46	ancombc2	rarefied	0.875	0.1
spike_r100_f3_d40000	47	ancombc2	rarefied	0.878787878787879	0.133333333333333
spike_r100_f3_d40000	48	ancombc2	rarefied	0.75	0.2
spike_r100_f3_d40000	49	ancombc2	rarefied	0.848484848484849	0.166666666666667
spike_r100_f3_d40000	50	ancombc2	rarefied	0.888888888888889	0.0666666666666667
spike_r100_f3_d40000	51	ancombc2	rarefied	0.818181818181818	0.0666666666666667
spike_r100_f3_d40000	52	ancombc2	rarefied	0.866666666666667	0.0666666666666667
spike_r100_f3_d40000	53	ancombc2	rarefied	0.833333333333333	0.166666666666667
spike_r100_f3_d40000	54	ancombc2	rarefied	0.944444444444444	0.0333333333333333
spike_r100_f3_d40000	55	ancombc2	rarefied	0.8125	0.1
spike_r100_f3_d40000	56	ancombc2	rarefied	0.853658536585366	0.2
spike_r100_f3_d40000	57	ancombc2	rarefied	0.866666666666667	0.133333333333333
spike_r100_f3_d40000	58	ancombc2	rarefied	0.88	0.1
spike_r100_f3_d40000	59	ancombc2	rarefied	0.8	0.0333333333333333
spike_r100_f3_d40000	60	ancombc2	rarefied	0.775	0.3
spike_r100_f3_d40000	61	ancombc2	rarefied	0.842105263157895	0.1
spike_r100_f3_d40000	62	ancombc2	rarefied	0.774193548387097	0.233333333333333
spike_r100_f3_d40000	63	ancombc2	rarefied	0.896551724137931	0.2
spike_r100_f3_d40000	64	ancombc2	rarefied	0.846153846153846	0.133333333333333
spike_r100_f3_d40000	65	ancombc2	rarefied	0.607142857142857	0.366666666666667
spike_r100_f3_d40000	66	ancombc2	rarefied	0.869565217391304	0.1
spike_r100_f3_d40000	67	ancombc2	rarefied	0.76	0.2
spike_r100_f3_d40000	68	ancombc2	rarefied	0.888888888888889	0.0666666666666667
spike_r100_f3_d40000	69	ancombc2	rarefied	0.852941176470588	0.166666666666667
spike_r100_f3_d40000	70	ancombc2	rarefied	0.818181818181818	0.133333333333333
spike_r100_f3_d40000	71	ancombc2	rarefied	0.80952380952381	0.133333333333333
spike_r100_f3_d40000	72	ancombc2	rarefied	0.896551724137931	0.1
spike_r100_f3_d40000	73	ancombc2	rarefied	0.785714285714286	0.2
spike_r100_f3_d40000	74	ancombc2	rarefied	0.8	0.1
spike_r100_f3_d40000	75	ancombc2	rarefied	0.826086956521739	0.133333333333333
spike_r100_f3_d40000	76	ancombc2	rarefied	0.7	0.1
spike_r100_f3_d40000	77	ancombc2	rarefied	0.8	0.233333333333333
spike_r100_f3_d40000	78	ancombc2	rarefied	0.805555555555556	0.233333333333333
spike_r100_f3_d40000	79	ancombc2	rarefied	0.9	0.0666666666666667
spike_r100_f3_d40000	80	ancombc2	rarefied	0.888888888888889	0.0333333333333333
spike_r100_f3_d40000	81	ancombc2	rarefied	0.736842105263158	0.166666666666667
spike_r100_f3_d40000	82	ancombc2	rarefied	0.928571428571429	0.0666666666666667
spike_r100_f3_d40000	83	ancombc2	rarefied	0.851851851851852	0.133333333333333
spike_r100_f3_d40000	84	ancombc2	rarefied	0.791666666666667	0.166666666666667
spike_r100_f3_d40000	85	ancombc2	rarefied	0.777777777777778	0.0666666666666667
spike_r100_f3_d40000	86	ancombc2	rarefied	0.829787234042553	0.266666666666667
spike_r100_f3_d40000	87	ancombc2	rarefied	0.615384615384615	0.166666666666667
spike_r100_f3_d40000	88	ancombc2	rarefied	0.923076923076923	0.0333333333333333
spike_r100_f3_d40000	89	ancombc2	rarefied	0.833333333333333	0.0666666666666667
spike_r100_f3_d40000	90	ancombc2	rarefied	0.894736842105263	0.0666666666666667
spike_r100_f3_d40000	91	ancombc2	rarefied	0.888888888888889	0.0666666666666667
spike_r100_f3_d40000	92	ancombc2	rarefied	0.68421052631579	0.2
spike_r100_f3_d40000	93	ancombc2	rarefied	0.837837837837838	0.2
spike_r100_f3_d40000	94	ancombc2	rarefied	0.810810810810811	0.233333333333333
spike_r100_f3_d40000	95	ancombc2	rarefied	0.761904761904762	0.166666666666667
spike_r100_f3_d40000	96	ancombc2	rarefied	0.909090909090909	0.0666666666666667
spike_r100_f3_d40000	97	ancombc2	rarefied	0.880952380952381	0.166666666666667
spike_r100_f3_d40000	98	ancombc2	rarefied	0.769230769230769	0.2
spike_r100_f3_d40000	99	ancombc2	rarefied	0.952380952380952	0.0333333333333333
spike_r100_f3_d40000	100	ancombc2	rarefied	0.769230769230769	0.2
spike_r100_f3_d40000	1	ancombc2	raw	0.571428571428571	0.1
spike_r100_f3_d40000	2	ancombc2	raw	0.75	0.0666666666666667
spike_r100_f3_d40000	3	ancombc2	raw	0.909090909090909	0.0333333333333333
spike_r100_f3_d40000	4	ancombc2	raw	0.833333333333333	0.0666666666666667
spike_r100_f3_d40000	5	ancombc2	raw	1	0
spike_r100_f3_d40000	6	ancombc2	raw	0.8	0.0333333333333333
spike_r100_f3_d40000	7	ancombc2	raw	0	0
spike_r100_f3_d40000	8	ancombc2	raw	1	0
spike_r100_f3_d40000	9	ancombc2	raw	0.9	0.0333333333333333
spike_r100_f3_d40000	10	ancombc2	raw	0	0
spike_r100_f3_d40000	11	ancombc2	raw	0	0
spike_r100_f3_d40000	12	ancombc2	raw	1	0
spike_r100_f3_d40000	13	ancombc2	raw	0.6	0.0666666666666667
spike_r100_f3_d40000	14	ancombc2	raw	0.75	0.0333333333333333
spike_r100_f3_d40000	15	ancombc2	raw	1	0
spike_r100_f3_d40000	16	ancombc2	raw	0.75	0.0666666666666667
spike_r100_f3_d40000	17	ancombc2	raw	0.5	0.0333333333333333
spike_r100_f3_d40000	18	ancombc2	raw	1	0
spike_r100_f3_d40000	19	ancombc2	raw	0.6	0.0666666666666667
spike_r100_f3_d40000	20	ancombc2	raw	1	0
spike_r100_f3_d40000	21	ancombc2	raw	0.88235294117647	0.0666666666666667
spike_r100_f3_d40000	22	ancombc2	raw	0	0
spike_r100_f3_d40000	23	ancombc2	raw	0.666666666666667	0.0333333333333333
spike_r100_f3_d40000	24	ancombc2	raw	0.666666666666667	0.0666666666666667
spike_r100_f3_d40000	25	ancombc2	raw	0.9	0.0333333333333333
spike_r100_f3_d40000	26	ancombc2	raw	0.857142857142857	0.0333333333333333
spike_r100_f3_d40000	27	ancombc2	raw	0.818181818181818	0.0666666666666667
spike_r100_f3_d40000	28	ancombc2	raw	0.75	0.0333333333333333
spike_r100_f3_d40000	29	ancombc2	raw	0.75	0.133333333333333
spike_r100_f3_d40000	30	ancombc2	raw	1	0
spike_r100_f3_d40000	31	ancombc2	raw	0.769230769230769	0.1
spike_r100_f3_d40000	32	ancombc2	raw	0.5	0.0666666666666667
spike_r100_f3_d40000	33	ancombc2	raw	1	0
spike_r100_f3_d40000	34	ancombc2	raw	0.764705882352941	0.133333333333333
spike_r100_f3_d40000	35	ancombc2	raw	0.285714285714286	0.166666666666667
spike_r100_f3_d40000	36	ancombc2	raw	1	0
spike_r100_f3_d40000	37	ancombc2	raw	0.888888888888889	0.0333333333333333
spike_r100_f3_d40000	38	ancombc2	raw	1	0
spike_r100_f3_d40000	39	ancombc2	raw	1	0
spike_r100_f3_d40000	40	ancombc2	raw	0.5	0.0333333333333333
spike_r100_f3_d40000	41	ancombc2	raw	1	0
spike_r100_f3_d40000	42	ancombc2	raw	0.75	0.0333333333333333
spike_r100_f3_d40000	43	ancombc2	raw	0	0.0333333333333333
spike_r100_f3_d40000	44	ancombc2	raw	1	0
spike_r100_f3_d40000	45	ancombc2	raw	1	0
spike_r100_f3_d40000	46	ancombc2	raw	1	0
spike_r100_f3_d40000	47	ancombc2	raw	0.777777777777778	0.0666666666666667
spike_r100_f3_d40000	48	ancombc2	raw	0	0
spike_r100_f3_d40000	49	ancombc2	raw	0	0
spike_r100_f3_d40000	50	ancombc2	raw	1	0
spike_r100_f3_d40000	51	ancombc2	raw	0.5	0.0666666666666667
spike_r100_f3_d40000	52	ancombc2	raw	1	0
spike_r100_f3_d40000	53	ancombc2	raw	0.777777777777778	0.0666666666666667
spike_r100_f3_d40000	54	ancombc2	raw	0	0
spike_r100_f3_d40000	55	ancombc2	raw	0	0
spike_r100_f3_d40000	56	ancombc2	raw	1	0
spike_r100_f3_d40000	57	ancombc2	raw	0.833333333333333	0.0333333333333333
spike_r100_f3_d40000	58	ancombc2	raw	0.8	0.0666666666666667
spike_r100_f3_d40000	59	ancombc2	raw	0	0.0666666666666667
spike_r100_f3_d40000	60	ancombc2	raw	0	0.0666666666666667
spike_r100_f3_d40000	61	ancombc2	raw	0	0
spike_r100_f3_d40000	62	ancombc2	raw	0.75	0.0666666666666667
spike_r100_f3_d40000	63	ancombc2	raw	0.333333333333333	0.0666666666666667
spike_r100_f3_d40000	64	ancombc2	raw	0	0
spike_r100_f3_d40000	65	ancombc2	raw	0.8	0.1
spike_r100_f3_d40000	66	ancombc2	raw	0.833333333333333	0.0333333333333333
spike_r100_f3_d40000	67	ancombc2	raw	0.9	0.0333333333333333
spike_r100_f3_d40000	68	ancombc2	raw	0.5	0.0666666666666667
spike_r100_f3_d40000	69	ancombc2	raw	0.75	0.1
spike_r100_f3_d40000	70	ancombc2	raw	0.777777777777778	0.0666666666666667
spike_r100_f3_d40000	71	ancombc2	raw	0.823529411764706	0.1
spike_r100_f3_d40000	72	ancombc2	raw	1	0
spike_r100_f3_d40000	73	ancombc2	raw	0.833333333333333	0.0666666666666667
spike_r100_f3_d40000	74	ancombc2	raw	0.5	0.0333333333333333
spike_r100_f3_d40000	75	ancombc2	raw	0.8	0.0666666666666667
spike_r100_f3_d40000	76	ancombc2	raw	1	0
spike_r100_f3_d40000	77	ancombc2	raw	0.777777777777778	0.0666666666666667
spike_r100_f3_d40000	78	ancombc2	raw	0.888888888888889	0.0333333333333333
spike_r100_f3_d40000	79	ancombc2	raw	0	0.0333333333333333
spike_r100_f3_d40000	80	ancombc2	raw	0.8125	0.1
spike_r100_f3_d40000	81	ancombc2	raw	0.714285714285714	0.0666666666666667
spike_r100_f3_d40000	82	ancombc2	raw	0	0
spike_r100_f3_d40000	83	ancombc2	raw	0	0.0333333333333333
spike_r100_f3_d40000	84	ancombc2	raw	0	0
spike_r100_f3_d40000	85	ancombc2	raw	0.333333333333333	0.0666666666666667
spike_r100_f3_d40000	86	ancombc2	raw	0.666666666666667	0.0333333333333333
spike_r100_f3_d40000	87	ancombc2	raw	0.714285714285714	0.0666666666666667
spike_r100_f3_d40000	88	ancombc2	raw	1	0
spike_r100_f3_d40000	89	ancombc2	raw	1	0
spike_r100_f3_d40000	90	ancombc2	raw	0.5	0.0333333333333333
spike_r100_f3_d40000	91	ancombc2	raw	0.833333333333333	0.0333333333333333
spike_r100_f3_d40000	92	ancombc2	raw	0.875	0.0333333333333333
spike_r100_f3_d40000	93	ancombc2	raw	0.909090909090909	0.0333333333333333
spike_r100_f3_d40000	94	ancombc2	raw	0.8125	0.1
spike_r100_f3_d40000	95	ancombc2	raw	0.75	0.0333333333333333
spike_r100_f3_d40000	96	ancombc2	raw	0.867924528301887	0.233333333333333
spike_r100_f3_d40000	97	ancombc2	raw	0	0
spike_r100_f3_d40000	98	ancombc2	raw	0.777777777777778	0.0666666666666667
spike_r100_f3_d40000	99	ancombc2	raw	0.833333333333333	0.1
spike_r100_f3_d40000	100	ancombc2	raw	0.75	0.133333333333333
spike_r100_f3_d40000	1	maaslin3	rarefied	0	0.0333333333333333
spike_r100_f3_d40000	2	maaslin3	rarefied	0	0
spike_r100_f3_d40000	3	maaslin3	rarefied	0	0
spike_r100_f3_d40000	4	maaslin3	rarefied	0	0
spike_r100_f3_d40000	5	maaslin3	rarefied	0	0
spike_r100_f3_d40000	6	maaslin3	rarefied	0	0
spike_r100_f3_d40000	7	maaslin3	rarefied	0	0
spike_r100_f3_d40000	8	maaslin3	rarefied	0	0
spike_r100_f3_d40000	9	maaslin3	rarefied	0	0.0333333333333333
spike_r100_f3_d40000	10	maaslin3	rarefied	0	0
spike_r100_f3_d40000	11	maaslin3	rarefied	0	0
spike_r100_f3_d40000	12	maaslin3	rarefied	0	0
spike_r100_f3_d40000	13	maaslin3	rarefied	0	0
spike_r100_f3_d40000	14	maaslin3	rarefied	0	0
spike_r100_f3_d40000	15	maaslin3	rarefied	0	0
spike_r100_f3_d40000	16	maaslin3	rarefied	0	0
spike_r100_f3_d40000	17	maaslin3	rarefied	0	0.0333333333333333
spike_r100_f3_d40000	18	maaslin3	rarefied	0	0
spike_r100_f3_d40000	19	maaslin3	rarefied	0	0.0333333333333333
spike_r100_f3_d40000	20	maaslin3	rarefied	0	0
spike_r100_f3_d40000	21	maaslin3	rarefied	0	0
spike_r100_f3_d40000	22	maaslin3	rarefied	0	0
spike_r100_f3_d40000	23	maaslin3	rarefied	0	0
spike_r100_f3_d40000	24	maaslin3	rarefied	0	0
spike_r100_f3_d40000	25	maaslin3	rarefied	0	0
spike_r100_f3_d40000	26	maaslin3	rarefied	0	0
spike_r100_f3_d40000	27	maaslin3	rarefied	0	0
spike_r100_f3_d40000	28	maaslin3	rarefied	0	0
spike_r100_f3_d40000	29	maaslin3	rarefied	0	0.0333333333333333
spike_r100_f3_d40000	30	maaslin3	rarefied	0	0
spike_r100_f3_d40000	31	maaslin3	rarefied	0	0.0333333333333333
spike_r100_f3_d40000	32	maaslin3	rarefied	0	0.0333333333333333
spike_r100_f3_d40000	33	maaslin3	rarefied	1	0
spike_r100_f3_d40000	34	maaslin3	rarefied	0	0.0333333333333333
spike_r100_f3_d40000	35	maaslin3	rarefied	0	0.0333333333333333
spike_r100_f3_d40000	36	maaslin3	rarefied	0	0
spike_r100_f3_d40000	37	maaslin3	rarefied	1	0
spike_r100_f3_d40000	38	maaslin3	rarefied	0	0
spike_r100_f3_d40000	39	maaslin3	rarefied	0	0
spike_r100_f3_d40000	40	maaslin3	rarefied	0	0
spike_r100_f3_d40000	41	maaslin3	rarefied	0	0
spike_r100_f3_d40000	42	maaslin3	rarefied	0	0
spike_r100_f3_d40000	43	maaslin3	rarefied	1	0
spike_r100_f3_d40000	44	maaslin3	rarefied	0	0
spike_r100_f3_d40000	45	maaslin3	rarefied	0	0
spike_r100_f3_d40000	46	maaslin3	rarefied	0	0
spike_r100_f3_d40000	47	maaslin3	rarefied	0	0
spike_r100_f3_d40000	48	maaslin3	rarefied	0	0
spike_r100_f3_d40000	49	maaslin3	rarefied	0	0
spike_r100_f3_d40000	50	maaslin3	rarefied	0	0
spike_r100_f3_d40000	51	maaslin3	rarefied	0	0
spike_r100_f3_d40000	52	maaslin3	rarefied	0	0
spike_r100_f3_d40000	53	maaslin3	rarefied	0	0
spike_r100_f3_d40000	54	maaslin3	rarefied	0	0
spike_r100_f3_d40000	55	maaslin3	rarefied	0	0.0333333333333333
spike_r100_f3_d40000	56	maaslin3	rarefied	0	0
spike_r100_f3_d40000	57	maaslin3	rarefied	0	0
spike_r100_f3_d40000	58	maaslin3	rarefied	0	0
spike_r100_f3_d40000	59	maaslin3	rarefied	0	0
spike_r100_f3_d40000	60	maaslin3	rarefied	0	0.0666666666666667
spike_r100_f3_d40000	61	maaslin3	rarefied	0	0
spike_r100_f3_d40000	62	maaslin3	rarefied	0	0.0333333333333333
spike_r100_f3_d40000	63	maaslin3	rarefied	0	0
spike_r100_f3_d40000	64	maaslin3	rarefied	1	0
spike_r100_f3_d40000	65	maaslin3	rarefied	0	0
spike_r100_f3_d40000	66	maaslin3	rarefied	0	0.0333333333333333
spike_r100_f3_d40000	67	maaslin3	rarefied	0	0
spike_r100_f3_d40000	68	maaslin3	rarefied	0	0.0333333333333333
spike_r100_f3_d40000	69	maaslin3	rarefied	0	0.0333333333333333
spike_r100_f3_d40000	70	maaslin3	rarefied	0	0
spike_r100_f3_d40000	71	maaslin3	rarefied	0	0
spike_r100_f3_d40000	72	maaslin3	rarefied	0	0
spike_r100_f3_d40000	73	maaslin3	rarefied	0	0
spike_r100_f3_d40000	74	maaslin3	rarefied	0	0
spike_r100_f3_d40000	75	maaslin3	rarefied	0	0
spike_r100_f3_d40000	76	maaslin3	rarefied	0	0
spike_r100_f3_d40000	77	maaslin3	rarefied	0	0.0333333333333333
spike_r100_f3_d40000	78	maaslin3	rarefied	0	0.0333333333333333
spike_r100_f3_d40000	79	maaslin3	rarefied	0	0
spike_r100_f3_d40000	80	maaslin3	rarefied	0	0
spike_r100_f3_d40000	81	maaslin3	rarefied	0	0
spike_r100_f3_d40000	82	maaslin3	rarefied	0	0
spike_r100_f3_d40000	83	maaslin3	rarefied	0	0
spike_r100_f3_d40000	84	maaslin3	rarefied	0	0
spike_r100_f3_d40000	85	maaslin3	rarefied	0	0
spike_r100_f3_d40000	86	maaslin3	rarefied	0	0
spike_r100_f3_d40000	87	maaslin3	rarefied	0	0
spike_r100_f3_d40000	88	maaslin3	rarefied	0	0.0333333333333333
spike_r100_f3_d40000	89	maaslin3	rarefied	0	0
spike_r100_f3_d40000	90	maaslin3	rarefied	0	0.0333333333333333
spike_r100_f3_d40000	91	maaslin3	rarefied	0	0
spike_r100_f3_d40000	92	maaslin3	rarefied	0	0
spike_r100_f3_d40000	93	maaslin3	rarefied	0	0.0333333333333333
spike_r100_f3_d40000	94	maaslin3	rarefied	0	0
spike_r100_f3_d40000	95	maaslin3	rarefied	0.666666666666667	0.0333333333333333
spike_r100_f3_d40000	96	maaslin3	rarefied	0	0
spike_r100_f3_d40000	97	maaslin3	rarefied	0	0
spike_r100_f3_d40000	98	maaslin3	rarefied	0	0.0333333333333333
spike_r100_f3_d40000	99	maaslin3	rarefied	0	0.0333333333333333
spike_r100_f3_d40000	100	maaslin3	rarefied	0	0
spike_r100_f3_d40000	1	maaslin3	raw	0.714285714285714	0.0666666666666667
spike_r100_f3_d40000	2	maaslin3	raw	0.75	0.0333333333333333
spike_r100_f3_d40000	3	maaslin3	raw	1	0
spike_r100_f3_d40000	4	maaslin3	raw	1	0
spike_r100_f3_d40000	5	maaslin3	raw	1	0
spike_r100_f3_d40000	6	maaslin3	raw	1	0
spike_r100_f3_d40000	7	maaslin3	raw	1	0
spike_r100_f3_d40000	8	maaslin3	raw	1	0
spike_r100_f3_d40000	9	maaslin3	raw	0.8	0.0333333333333333
spike_r100_f3_d40000	10	maaslin3	raw	0.75	0.0333333333333333
spike_r100_f3_d40000	11	maaslin3	raw	1	0
spike_r100_f3_d40000	12	maaslin3	raw	1	0
spike_r100_f3_d40000	13	maaslin3	raw	1	0
spike_r100_f3_d40000	14	maaslin3	raw	1	0
spike_r100_f3_d40000	15	maaslin3	raw	1	0
spike_r100_f3_d40000	16	maaslin3	raw	1	0
spike_r100_f3_d40000	17	maaslin3	raw	0.4	0.1
spike_r100_f3_d40000	18	maaslin3	raw	1	0
spike_r100_f3_d40000	19	maaslin3	raw	0.75	0.0333333333333333
spike_r100_f3_d40000	20	maaslin3	raw	0.666666666666667	0.0333333333333333
spike_r100_f3_d40000	21	maaslin3	raw	1	0
spike_r100_f3_d40000	22	maaslin3	raw	1	0
spike_r100_f3_d40000	23	maaslin3	raw	0.75	0.0333333333333333
spike_r100_f3_d40000	24	maaslin3	raw	1	0
spike_r100_f3_d40000	25	maaslin3	raw	1	0
spike_r100_f3_d40000	26	maaslin3	raw	1	0
spike_r100_f3_d40000	27	maaslin3	raw	0.833333333333333	0.0333333333333333
spike_r100_f3_d40000	28	maaslin3	raw	0.8	0.0333333333333333
spike_r100_f3_d40000	29	maaslin3	raw	1	0
spike_r100_f3_d40000	30	maaslin3	raw	1	0
spike_r100_f3_d40000	31	maaslin3	raw	0.8	0.0333333333333333
spike_r100_f3_d40000	32	maaslin3	raw	0.5	0.0333333333333333
spike_r100_f3_d40000	33	maaslin3	raw	0.75	0.0333333333333333
spike_r100_f3_d40000	34	maaslin3	raw	0.75	0.0666666666666667
spike_r100_f3_d40000	35	maaslin3	raw	0.428571428571429	0.133333333333333
spike_r100_f3_d40000	36	maaslin3	raw	1	0
spike_r100_f3_d40000	37	maaslin3	raw	1	0
spike_r100_f3_d40000	38	maaslin3	raw	1	0
spike_r100_f3_d40000	39	maaslin3	raw	1	0
spike_r100_f3_d40000	40	maaslin3	raw	0.833333333333333	0.0333333333333333
spike_r100_f3_d40000	41	maaslin3	raw	1	0
spike_r100_f3_d40000	42	maaslin3	raw	0.75	0.0666666666666667
spike_r100_f3_d40000	43	maaslin3	raw	0.5	0.1
spike_r100_f3_d40000	44	maaslin3	raw	1	0
spike_r100_f3_d40000	45	maaslin3	raw	0.75	0.0333333333333333
spike_r100_f3_d40000	46	maaslin3	raw	1	0
spike_r100_f3_d40000	47	maaslin3	raw	1	0
spike_r100_f3_d40000	48	maaslin3	raw	1	0
spike_r100_f3_d40000	49	maaslin3	raw	0.666666666666667	0.0333333333333333
spike_r100_f3_d40000	50	maaslin3	raw	1	0
spike_r100_f3_d40000	51	maaslin3	raw	0.75	0.0333333333333333
spike_r100_f3_d40000	52	maaslin3	raw	1	0
spike_r100_f3_d40000	53	maaslin3	raw	1	0
spike_r100_f3_d40000	54	maaslin3	raw	0.666666666666667	0.0333333333333333
spike_r100_f3_d40000	55	maaslin3	raw	1	0
spike_r100_f3_d40000	56	maaslin3	raw	1	0
spike_r100_f3_d40000	57	maaslin3	raw	1	0
spike_r100_f3_d40000	58	maaslin3	raw	0.75	0.0333333333333333
spike_r100_f3_d40000	59	maaslin3	raw	1	0
spike_r100_f3_d40000	60	maaslin3	raw	0.75	0.0333333333333333
spike_r100_f3_d40000	61	maaslin3	raw	1	0
spike_r100_f3_d40000	62	maaslin3	raw	0.75	0.0333333333333333
spike_r100_f3_d40000	63	maaslin3	raw	1	0
spike_r100_f3_d40000	64	maaslin3	raw	1	0
spike_r100_f3_d40000	65	maaslin3	raw	1	0
spike_r100_f3_d40000	66	maaslin3	raw	0.75	0.0333333333333333
spike_r100_f3_d40000	67	maaslin3	raw	1	0
spike_r100_f3_d40000	68	maaslin3	raw	0.5	0.0333333333333333
spike_r100_f3_d40000	69	maaslin3	raw	0.5	0.0333333333333333
spike_r100_f3_d40000	70	maaslin3	raw	1	0
spike_r100_f3_d40000	71	maaslin3	raw	1	0
spike_r100_f3_d40000	72	maaslin3	raw	0.833333333333333	0.0333333333333333
spike_r100_f3_d40000	73	maaslin3	raw	0.75	0.0333333333333333
spike_r100_f3_d40000	74	maaslin3	raw	1	0
spike_r100_f3_d40000	75	maaslin3	raw	0.833333333333333	0.0333333333333333
spike_r100_f3_d40000	76	maaslin3	raw	0.75	0.0333333333333333
spike_r100_f3_d40000	77	maaslin3	raw	0.5	0.0333333333333333
spike_r100_f3_d40000	78	maaslin3	raw	1	0
spike_r100_f3_d40000	79	maaslin3	raw	1	0
spike_r100_f3_d40000	80	maaslin3	raw	1	0
spike_r100_f3_d40000	81	maaslin3	raw	0.75	0.0333333333333333
spike_r100_f3_d40000	82	maaslin3	raw	1	0
spike_r100_f3_d40000	83	maaslin3	raw	0.857142857142857	0.0333333333333333
spike_r100_f3_d40000	84	maaslin3	raw	0.8	0.0333333333333333
spike_r100_f3_d40000	85	maaslin3	raw	0.666666666666667	0.0333333333333333
spike_r100_f3_d40000	86	maaslin3	raw	1	0
spike_r100_f3_d40000	87	maaslin3	raw	1	0
spike_r100_f3_d40000	88	maaslin3	raw	0.833333333333333	0.0333333333333333
spike_r100_f3_d40000	89	maaslin3	raw	1	0
spike_r100_f3_d40000	90	maaslin3	raw	0.75	0.0333333333333333
spike_r100_f3_d40000	91	maaslin3	raw	1	0
spike_r100_f3_d40000	92	maaslin3	raw	1	0
spike_r100_f3_d40000	93	maaslin3	raw	0.8	0.0333333333333333
spike_r100_f3_d40000	94	maaslin3	raw	1	0
spike_r100_f3_d40000	95	maaslin3	raw	1	0
spike_r100_f3_d40000	96	maaslin3	raw	1	0
spike_r100_f3_d40000	97	maaslin3	raw	1	0
spike_r100_f3_d40000	98	maaslin3	raw	0.6	0.0666666666666667
spike_r100_f3_d40000	99	maaslin3	raw	0.666666666666667	0.0333333333333333
spike_r100_f3_d40000	100	maaslin3	raw	0.75	0.0333333333333333
spike_r100_f3_da20	1	ancombc2	rarefied	0.662337662337662	0.433333333333333
spike_r100_f3_da20	2	ancombc2	rarefied	0.743589743589744	0.333333333333333
spike_r100_f3_da20	3	ancombc2	rarefied	0.65625	0.183333333333333
spike_r100_f3_da20	4	ancombc2	rarefied	0.647058823529412	0.2
spike_r100_f3_da20	5	ancombc2	rarefied	0.769230769230769	0.15
spike_r100_f3_da20	6	ancombc2	rarefied	0.7	0.3
spike_r100_f3_da20	7	ancombc2	rarefied	0.78125	0.116666666666667
spike_r100_f3_da20	8	ancombc2	rarefied	0.757575757575758	0.266666666666667
spike_r100_f3_da20	9	ancombc2	rarefied	0.7	0.25
spike_r100_f3_da20	10	ancombc2	rarefied	0.769230769230769	0.2
spike_r100_f3_da20	11	ancombc2	rarefied	0.72093023255814	0.2
spike_r100_f3_da20	12	ancombc2	rarefied	0.767857142857143	0.216666666666667
spike_r100_f3_da20	13	ancombc2	rarefied	0.707692307692308	0.316666666666667
spike_r100_f3_da20	14	ancombc2	rarefied	0.651162790697674	0.25
spike_r100_f3_da20	15	ancombc2	rarefied	0.619047619047619	0.266666666666667
spike_r100_f3_da20	16	ancombc2	rarefied	0.734939759036145	0.366666666666667
spike_r100_f3_da20	17	ancombc2	rarefied	0.637931034482759	0.35
spike_r100_f3_da20	18	ancombc2	rarefied	0.604166666666667	0.316666666666667
spike_r100_f3_da20	19	ancombc2	rarefied	0.666666666666667	0.25
spike_r100_f3_da20	20	ancombc2	rarefied	0.680851063829787	0.25
spike_r100_f3_da20	21	ancombc2	rarefied	0.729166666666667	0.216666666666667
spike_r100_f3_da20	22	ancombc2	rarefied	0.676470588235294	0.183333333333333
spike_r100_f3_da20	23	ancombc2	rarefied	0.653846153846154	0.15
spike_r100_f3_da20	24	ancombc2	rarefied	0.641791044776119	0.4
spike_r100_f3_da20	25	ancombc2	rarefied	0.802469135802469	0.266666666666667
spike_r100_f3_da20	26	ancombc2	rarefied	0.703703703703704	0.266666666666667
spike_r100_f3_da20	27	ancombc2	rarefied	0.641509433962264	0.316666666666667
spike_r100_f3_da20	28	ancombc2	rarefied	0.333333333333333	0.1
spike_r100_f3_da20	29	ancombc2	rarefied	0.767441860465116	0.166666666666667
spike_r100_f3_da20	30	ancombc2	rarefied	0.666666666666667	0.266666666666667
spike_r100_f3_da20	31	ancombc2	rarefied	0.695652173913043	0.233333333333333
spike_r100_f3_da20	32	ancombc2	rarefied	0.69811320754717	0.266666666666667
spike_r100_f3_da20	33	ancombc2	rarefied	0.703703703703704	0.266666666666667
spike_r100_f3_da20	34	ancombc2	rarefied	0.642857142857143	0.416666666666667
spike_r100_f3_da20	35	ancombc2	rarefied	0.666666666666667	0.25
spike_r100_f3_da20	36	ancombc2	rarefied	0.758064516129032	0.25
spike_r100_f3_da20	37	ancombc2	rarefied	0.823529411764706	0.1
spike_r100_f3_da20	38	ancombc2	rarefied	0.723404255319149	0.216666666666667
spike_r100_f3_da20	39	ancombc2	rarefied	0.69811320754717	0.266666666666667
spike_r100_f3_da20	40	ancombc2	rarefied	0.708333333333333	0.35
spike_r100_f3_da20	41	ancombc2	rarefied	0.742857142857143	0.15
spike_r100_f3_da20	42	ancombc2	rarefied	0.714285714285714	0.266666666666667
spike_r100_f3_da20	43	ancombc2	rarefied	0.761194029850746	0.266666666666667
spike_r100_f3_da20	44	ancombc2	rarefied	0.710526315789474	0.366666666666667
spike_r100_f3_da20	45	ancombc2	rarefied	0.707317073170732	0.2
spike_r100_f3_da20	46	ancombc2	rarefied	0.863636363636364	0.15
spike_r100_f3_da20	47	ancombc2	rarefied	0.617021276595745	0.3
spike_r100_f3_da20	48	ancombc2	rarefied	0.752941176470588	0.35
spike_r100_f3_da20	49	ancombc2	rarefied	0.733333333333333	0.2
spike_r100_f3_da20	50	ancombc2	rarefied	0.737704918032787	0.266666666666667
spike_r100_f3_da20	51	ancombc2	rarefied	0.619047619047619	0.266666666666667
spike_r100_f3_da20	52	ancombc2	rarefied	0.553191489361702	0.35
spike_r100_f3_da20	53	ancombc2	rarefied	0.792452830188679	0.183333333333333
spike_r100_f3_da20	54	ancombc2	rarefied	0.65	0.233333333333333
spike_r100_f3_da20	55	ancombc2	rarefied	0.72463768115942	0.316666666666667
spike_r100_f3_da20	56	ancombc2	rarefied	0.745762711864407	0.25
spike_r100_f3_da20	57	ancombc2	rarefied	0.770833333333333	0.183333333333333
spike_r100_f3_da20	58	ancombc2	rarefied	0.695652173913043	0.233333333333333
spike_r100_f3_da20	59	ancombc2	rarefied	0.74	0.216666666666667
spike_r100_f3_da20	60	ancombc2	rarefied	0.708333333333333	0.233333333333333
spike_r100_f3_da20	61	ancombc2	rarefied	0.827586206896552	0.166666666666667
spike_r100_f3_da20	62	ancombc2	rarefied	0.677966101694915	0.316666666666667
spike_r100_f3_da20	63	ancombc2	rarefied	0.73469387755102	0.216666666666667
spike_r100_f3_da20	64	ancombc2	rarefied	0.666666666666667	0.25
spike_r100_f3_da20	65	ancombc2	rarefied	0.658536585365854	0.233333333333333
spike_r100_f3_da20	66	ancombc2	rarefied	0.743243243243243	0.316666666666667
spike_r100_f3_da20	67	ancombc2	rarefied	0.742857142857143	0.3
spike_r100_f3_da20	68	ancombc2	rarefied	0.666666666666667	0.15
spike_r100_f3_da20	69	ancombc2	rarefied	0.659090909090909	0.25
spike_r100_f3_da20	70	ancombc2	rarefied	0.673076923076923	0.283333333333333
spike_r100_f3_da20	71	ancombc2	rarefied	0.707317073170732	0.2
spike_r100_f3_da20	72	ancombc2	rarefied	0.527777777777778	0.283333333333333
spike_r100_f3_da20	73	ancombc2	rarefied	0.711864406779661	0.283333333333333
spike_r100_f3_da20	74	ancombc2	rarefied	0.781818181818182	0.2
spike_r100_f3_da20	75	ancombc2	rarefied	0.743589743589744	0.166666666666667
spike_r100_f3_da20	76	ancombc2	rarefied	0.666666666666667	0.183333333333333
spike_r100_f3_da20	77	ancombc2	rarefied	0.588235294117647	0.233333333333333
spike_r100_f3_da20	78	ancombc2	rarefied	0.615384615384615	0.25
spike_r100_f3_da20	79	ancombc2	rarefied	0.67741935483871	0.166666666666667
spike_r100_f3_da20	80	ancombc2	rarefied	0.672413793103448	0.316666666666667
spike_r100_f3_da20	81	ancombc2	rarefied	0.714285714285714	0.3
spike_r100_f3_da20	82	ancombc2	rarefied	0.706896551724138	0.283333333333333
spike_r100_f3_da20	83	ancombc2	rarefied	0.8	0.0666666666666667
spike_r100_f3_da20	84	ancombc2	rarefied	0.771929824561403	0.216666666666667
spike_r100_f3_da20	85	ancombc2	rarefied	0.685393258426966	0.466666666666667
spike_r100_f3_da20	86	ancombc2	rarefied	0.825396825396825	0.183333333333333
spike_r100_f3_da20	87	ancombc2	rarefied	0.803921568627451	0.166666666666667
spike_r100_f3_da20	88	ancombc2	rarefied	0.725806451612903	0.283333333333333
spike_r100_f3_da20	89	ancombc2	rarefied	0.711538461538462	0.25
spike_r100_f3_da20	90	ancombc2	rarefied	0.681818181818182	0.233333333333333
spike_r100_f3_da20	91	ancombc2	rarefied	0.76530612244898	0.383333333333333
spike_r100_f3_da20	92	ancombc2	rarefied	0.681818181818182	0.233333333333333
spike_r100_f3_da20	93	ancombc2	rarefied	0.714285714285714	0.266666666666667
spike_r100_f3_da20	94	ancombc2	rarefied	0.681818181818182	0.35
spike_r100_f3_da20	95	ancombc2	rarefied	0.538461538461538	0.3
spike_r100_f3_da20	96	ancombc2	rarefied	0.711538461538462	0.25
spike_r100_f3_da20	97	ancombc2	rarefied	0.647058823529412	0.2
spike_r100_f3_da20	98	ancombc2	rarefied	0.625	0.1
spike_r100_f3_da20	99	ancombc2	rarefied	0.678571428571429	0.3
spike_r100_f3_da20	100	ancombc2	rarefied	0.725490196078431	0.233333333333333
spike_r100_f3_da20	1	ancombc2	raw	0.68	0.133333333333333
spike_r100_f3_da20	2	ancombc2	raw	0.578947368421053	0.133333333333333
spike_r100_f3_da20	3	ancombc2	raw	0.652173913043478	0.133333333333333
spike_r100_f3_da20	4	ancombc2	raw	0.608695652173913	0.15
spike_r100_f3_da20	5	ancombc2	raw	0.666666666666667	0.0666666666666667
spike_r100_f3_da20	6	ancombc2	raw	0.666666666666667	0.05
spike_r100_f3_da20	7	ancombc2	raw	0.769230769230769	0.05
spike_r100_f3_da20	8	ancombc2	raw	0.933333333333333	0.0166666666666667
spike_r100_f3_da20	9	ancombc2	raw	0.769230769230769	0.1
spike_r100_f3_da20	10	ancombc2	raw	0.8	0.05
spike_r100_f3_da20	11	ancombc2	raw	0.8125	0.05
spike_r100_f3_da20	12	ancombc2	raw	0.533333333333333	0.116666666666667
spike_r100_f3_da20	13	ancombc2	raw	0.470588235294118	0.15
spike_r100_f3_da20	14	ancombc2	raw	0.666666666666667	0.0833333333333333
spike_r100_f3_da20	15	ancombc2	raw	0.5	0.0166666666666667
spike_r100_f3_da20	16	ancombc2	raw	0.681818181818182	0.116666666666667
spike_r100_f3_da20	17	ancombc2	raw	0.823529411764706	0.1
spike_r100_f3_da20	18	ancombc2	raw	0.666666666666667	0.0166666666666667
spike_r100_f3_da20	19	ancombc2	raw	0.611111111111111	0.116666666666667
spike_r100_f3_da20	20	ancombc2	raw	0.625	0.05
spike_r100_f3_da20	21	ancombc2	raw	0.666666666666667	0.116666666666667
spike_r100_f3_da20	22	ancombc2	raw	0.428571428571429	0.0666666666666667
spike_r100_f3_da20	23	ancombc2	raw	0.666666666666667	0.0666666666666667
spike_r100_f3_da20	24	ancombc2	raw	0.538461538461538	0.1
spike_r100_f3_da20	25	ancombc2	raw	0.727272727272727	0.05
spike_r100_f3_da20	26	ancombc2	raw	0.756756756756757	0.15
spike_r100_f3_da20	27	ancombc2	raw	0.583333333333333	0.166666666666667
spike_r100_f3_da20	28	ancombc2	raw	0.681818181818182	0.116666666666667
spike_r100_f3_da20	29	ancombc2	raw	0.692307692307692	0.133333333333333
spike_r100_f3_da20	30	ancombc2	raw	0.6	0.133333333333333
spike_r100_f3_da20	31	ancombc2	raw	0.702702702702703	0.183333333333333
spike_r100_f3_da20	32	ancombc2	raw	0.611111111111111	0.116666666666667
spike_r100_f3_da20	33	ancombc2	raw	0.714285714285714	0.0666666666666667
spike_r100_f3_da20	34	ancombc2	raw	0.692307692307692	0.0666666666666667
spike_r100_f3_da20	35	ancombc2	raw	0.625	0.05
spike_r100_f3_da20	36	ancombc2	raw	0.724137931034483	0.133333333333333
spike_r100_f3_da20	37	ancombc2	raw	0.5	0.0333333333333333
spike_r100_f3_da20	38	ancombc2	raw	1	0
spike_r100_f3_da20	39	ancombc2	raw	0.473684210526316	0.166666666666667
spike_r100_f3_da20	40	ancombc2	raw	0.736842105263158	0.0833333333333333
spike_r100_f3_da20	41	ancombc2	raw	0.789473684210526	0.0666666666666667
spike_r100_f3_da20	42	ancombc2	raw	0.588235294117647	0.116666666666667
spike_r100_f3_da20	43	ancombc2	raw	0.733333333333333	0.0666666666666667
spike_r100_f3_da20	44	ancombc2	raw	0.705882352941177	0.0833333333333333
spike_r100_f3_da20	45	ancombc2	raw	0.68421052631579	0.1
spike_r100_f3_da20	46	ancombc2	raw	0.777777777777778	0.166666666666667
spike_r100_f3_da20	47	ancombc2	raw	0.636363636363636	0.2
spike_r100_f3_da20	48	ancombc2	raw	0.555555555555556	0.133333333333333
spike_r100_f3_da20	49	ancombc2	raw	0.538461538461538	0.1
spike_r100_f3_da20	50	ancombc2	raw	0.363636363636364	0.116666666666667
spike_r100_f3_da20	51	ancombc2	raw	0.6	0.166666666666667
spike_r100_f3_da20	52	ancombc2	raw	0.454545454545455	0.1
spike_r100_f3_da20	53	ancombc2	raw	0.777777777777778	0.0333333333333333
spike_r100_f3_da20	54	ancombc2	raw	0.727272727272727	0.05
spike_r100_f3_da20	55	ancombc2	raw	0.67741935483871	0.166666666666667
spike_r100_f3_da20	56	ancombc2	raw	0.821428571428571	0.0833333333333333
spike_r100_f3_da20	57	ancombc2	raw	0.764705882352941	0.0666666666666667
spike_r100_f3_da20	58	ancombc2	raw	0.823529411764706	0.05
spike_r100_f3_da20	59	ancombc2	raw	0.666666666666667	0.1
spike_r100_f3_da20	60	ancombc2	raw	0.722222222222222	0.0833333333333333
spike_r100_f3_da20	61	ancombc2	raw	0.8	0.05
spike_r100_f3_da20	62	ancombc2	raw	0.818181818181818	0.0333333333333333
spike_r100_f3_da20	63	ancombc2	raw	0.8	0.0833333333333333
spike_r100_f3_da20	64	ancombc2	raw	0.6875	0.0833333333333333
spike_r100_f3_da20	65	ancombc2	raw	0.470588235294118	0.15
spike_r100_f3_da20	66	ancombc2	raw	0.666666666666667	0.166666666666667
spike_r100_f3_da20	67	ancombc2	raw	0.666666666666667	0.116666666666667
spike_r100_f3_da20	68	ancombc2	raw	1	0
spike_r100_f3_da20	69	ancombc2	raw	0.6	0.133333333333333
spike_r100_f3_da20	70	ancombc2	raw	0.652173913043478	0.133333333333333
spike_r100_f3_da20	71	ancombc2	raw	0.705882352941177	0.0833333333333333
spike_r100_f3_da20	72	ancombc2	raw	0.615384615384615	0.0833333333333333
spike_r100_f3_da20	73	ancombc2	raw	0.8	0.0166666666666667
spike_r100_f3_da20	74	ancombc2	raw	0.6875	0.0833333333333333
spike_r100_f3_da20	75	ancombc2	raw	0.823529411764706	0.05
spike_r100_f3_da20	76	ancombc2	raw	0.757575757575758	0.133333333333333
spike_r100_f3_da20	77	ancombc2	raw	0.666666666666667	0.133333333333333
spike_r100_f3_da20	78	ancombc2	raw	0.6	0.0333333333333333
spike_r100_f3_da20	79	ancombc2	raw	0.375	0.0833333333333333
spike_r100_f3_da20	80	ancombc2	raw	0.619047619047619	0.133333333333333
spike_r100_f3_da20	81	ancombc2	raw	0.8125	0.1
spike_r100_f3_da20	82	ancombc2	raw	0.666666666666667	0.0666666666666667
spike_r100_f3_da20	83	ancombc2	raw	0.454545454545455	0.1
spike_r100_f3_da20	84	ancombc2	raw	0.6875	0.0833333333333333
spike_r100_f3_da20	85	ancombc2	raw	0.607142857142857	0.183333333333333
spike_r100_f3_da20	86	ancombc2	raw	0.555555555555556	0.0666666666666667
spike_r100_f3_da20	87	ancombc2	raw	0.763157894736842	0.15
spike_r100_f3_da20	88	ancombc2	raw	0.75	0.0166666666666667
spike_r100_f3_da20	89	ancombc2	raw	0.666666666666667	0.1
spike_r100_f3_da20	90	ancombc2	raw	0.628571428571429	0.216666666666667
spike_r100_f3_da20	91	ancombc2	raw	0.666666666666667	0.0666666666666667
spike_r100_f3_da20	92	ancombc2	raw	0.384615384615385	0.133333333333333
spike_r100_f3_da20	93	ancombc2	raw	0.625	0.1
spike_r100_f3_da20	94	ancombc2	raw	0.5	0.15
spike_r100_f3_da20	95	ancombc2	raw	0.652173913043478	0.133333333333333
spike_r100_f3_da20	96	ancombc2	raw	0.692307692307692	0.0666666666666667
spike_r100_f3_da20	97	ancombc2	raw	0.866666666666667	0.0333333333333333
spike_r100_f3_da20	98	ancombc2	raw	0.6	0.0333333333333333
spike_r100_f3_da20	99	ancombc2	raw	0.75	0.0166666666666667
spike_r100_f3_da20	100	ancombc2	raw	0.736842105263158	0.0833333333333333
spike_r100_f3_da20	1	maaslin3	rarefied	0	0.0166666666666667
spike_r100_f3_da20	2	maaslin3	rarefied	0	0
spike_r100_f3_da20	3	maaslin3	rarefied	0	0
spike_r100_f3_da20	4	maaslin3	rarefied	0	0
spike_r100_f3_da20	5	maaslin3	rarefied	0	0
spike_r100_f3_da20	6	maaslin3	rarefied	0	0
spike_r100_f3_da20	7	maaslin3	rarefied	0	0.0166666666666667
spike_r100_f3_da20	8	maaslin3	rarefied	0	0
spike_r100_f3_da20	9	maaslin3	rarefied	0	0
spike_r100_f3_da20	10	maaslin3	rarefied	0	0
spike_r100_f3_da20	11	maaslin3	rarefied	0	0.0166666666666667
spike_r100_f3_da20	12	maaslin3	rarefied	0	0.0166666666666667
spike_r100_f3_da20	13	maaslin3	rarefied	0	0.0166666666666667
spike_r100_f3_da20	14	maaslin3	rarefied	0	0
spike_r100_f3_da20	15	maaslin3	rarefied	0	0.0333333333333333
spike_r100_f3_da20	16	maaslin3	rarefied	0	0
spike_r100_f3_da20	17	maaslin3	rarefied	0	0.0166666666666667
spike_r100_f3_da20	18	maaslin3	rarefied	0	0.0166666666666667
spike_r100_f3_da20	19	maaslin3	rarefied	0	0
spike_r100_f3_da20	20	maaslin3	rarefied	0	0
spike_r100_f3_da20	21	maaslin3	rarefied	0	0.0333333333333333
spike_r100_f3_da20	22	maaslin3	rarefied	0	0.0166666666666667
spike_r100_f3_da20	23	maaslin3	rarefied	0	0
spike_r100_f3_da20	24	maaslin3	rarefied	0.5	0.0166666666666667
spike_r100_f3_da20	25	maaslin3	rarefied	0	0
spike_r100_f3_da20	26	maaslin3	rarefied	0	0.0166666666666667
spike_r100_f3_da20	27	maaslin3	rarefied	0	0
spike_r100_f3_da20	28	maaslin3	rarefied	0	0.0166666666666667
spike_r100_f3_da20	29	maaslin3	rarefied	0	0
spike_r100_f3_da20	30	maaslin3	rarefied	0	0.0166666666666667
spike_r100_f3_da20	31	maaslin3	rarefied	0	0.0166666666666667
spike_r100_f3_da20	32	maaslin3	rarefied	0	0
spike_r100_f3_da20	33	maaslin3	rarefied	0	0.0166666666666667
spike_r100_f3_da20	34	maaslin3	rarefied	0	0
spike_r100_f3_da20	35	maaslin3	rarefied	0	0
spike_r100_f3_da20	36	maaslin3	rarefied	0	0
spike_r100_f3_da20	37	maaslin3	rarefied	0	0
spike_r100_f3_da20	38	maaslin3	rarefied	0	0.0166666666666667
spike_r100_f3_da20	39	maaslin3	rarefied	0	0
spike_r100_f3_da20	40	maaslin3	rarefied	0	0
spike_r100_f3_da20	41	maaslin3	rarefied	0	0
spike_r100_f3_da20	42	maaslin3	rarefied	0	0
spike_r100_f3_da20	43	maaslin3	rarefied	0	0
spike_r100_f3_da20	44	maaslin3	rarefied	1	0
spike_r100_f3_da20	45	maaslin3	rarefied	0	0
spike_r100_f3_da20	46	maaslin3	rarefied	0	0
spike_r100_f3_da20	47	maaslin3	rarefied	0	0
spike_r100_f3_da20	48	maaslin3	rarefied	0	0.0166666666666667
spike_r100_f3_da20	49	maaslin3	rarefied	0	0
spike_r100_f3_da20	50	maaslin3	rarefied	0	0
spike_r100_f3_da20	51	maaslin3	rarefied	0	0
spike_r100_f3_da20	52	maaslin3	rarefied	0	0.0166666666666667
spike_r100_f3_da20	53	maaslin3	rarefied	0	0.05
spike_r100_f3_da20	54	maaslin3	rarefied	0	0
spike_r100_f3_da20	55	maaslin3	rarefied	0	0
spike_r100_f3_da20	56	maaslin3	rarefied	0	0
spike_r100_f3_da20	57	maaslin3	rarefied	0	0
spike_r100_f3_da20	58	maaslin3	rarefied	0	0
spike_r100_f3_da20	59	maaslin3	rarefied	0	0.0166666666666667
spike_r100_f3_da20	60	maaslin3	rarefied	0	0
spike_r100_f3_da20	61	maaslin3	rarefied	0	0.0166666666666667
spike_r100_f3_da20	62	maaslin3	rarefied	0	0
spike_r100_f3_da20	63	maaslin3	rarefied	0	0
spike_r100_f3_da20	64	maaslin3	rarefied	0	0
spike_r100_f3_da20	65	maaslin3	rarefied	0	0
spike_r100_f3_da20	66	maaslin3	rarefied	0	0.0166666666666667
spike_r100_f3_da20	67	maaslin3	rarefied	0	0
spike_r100_f3_da20	68	maaslin3	rarefied	0	0
spike_r100_f3_da20	69	maaslin3	rarefied	0	0
spike_r100_f3_da20	70	maaslin3	rarefied	0	0
spike_r100_f3_da20	71	maaslin3	rarefied	0	0
spike_r100_f3_da20	72	maaslin3	rarefied	0	0
spike_r100_f3_da20	73	maaslin3	rarefied	0	0.0166666666666667
spike_r100_f3_da20	74	maaslin3	rarefied	0	0
spike_r100_f3_da20	75	maaslin3	rarefied	0	0
spike_r100_f3_da20	76	maaslin3	rarefied	0.5	0.0166666666666667
spike_r100_f3_da20	77	maaslin3	rarefied	0	0
spike_r100_f3_da20	78	maaslin3	rarefied	0	0.0166666666666667
spike_r100_f3_da20	79	maaslin3	rarefied	0	0.0166666666666667
spike_r100_f3_da20	80	maaslin3	rarefied	0	0.0333333333333333
spike_r100_f3_da20	81	maaslin3	rarefied	0	0.0166666666666667
spike_r100_f3_da20	82	maaslin3	rarefied	0	0.0166666666666667
spike_r100_f3_da20	83	maaslin3	rarefied	0	0
spike_r100_f3_da20	84	maaslin3	rarefied	0	0
spike_r100_f3_da20	85	maaslin3	rarefied	0	0.0333333333333333
spike_r100_f3_da20	86	maaslin3	rarefied	0	0
spike_r100_f3_da20	87	maaslin3	rarefied	0	0
spike_r100_f3_da20	88	maaslin3	rarefied	0	0.0166666666666667
spike_r100_f3_da20	89	maaslin3	rarefied	1	0
spike_r100_f3_da20	90	maaslin3	rarefied	0	0
spike_r100_f3_da20	91	maaslin3	rarefied	0	0
spike_r100_f3_da20	92	maaslin3	rarefied	0	0.0166666666666667
spike_r100_f3_da20	93	maaslin3	rarefied	0	0
spike_r100_f3_da20	94	maaslin3	rarefied	0	0
spike_r100_f3_da20	95	maaslin3	rarefied	0	0
spike_r100_f3_da20	96	maaslin3	rarefied	1	0
spike_r100_f3_da20	97	maaslin3	rarefied	0	0
spike_r100_f3_da20	98	maaslin3	rarefied	0	0.0166666666666667
spike_r100_f3_da20	99	maaslin3	rarefied	0	0.0166666666666667
spike_r100_f3_da20	100	maaslin3	rarefied	0	0
spike_r100_f3_da20	1	maaslin3	raw	0.666666666666667	0.0333333333333333
spike_r100_f3_da20	2	maaslin3	raw	0.8	0.0166666666666667
spike_r100_f3_da20	3	maaslin3	raw	0.6	0.0333333333333333
spike_r100_f3_da20	4	maaslin3	raw	0.875	0.0166666666666667
spike_r100_f3_da20	5	maaslin3	raw	1	0
spike_r100_f3_da20	6	maaslin3	raw	0.75	0.0166666666666667
spike_r100_f3_da20	7	maaslin3	raw	0.833333333333333	0.0166666666666667
spike_r100_f3_da20	8	maaslin3	raw	1	0
spike_r100_f3_da20	9	maaslin3	raw	0.75	0.0166666666666667
spike_r100_f3_da20	10	maaslin3	raw	0.75	0.0166666666666667
spike_r100_f3_da20	11	maaslin3	raw	0.857142857142857	0.0166666666666667
spike_r100_f3_da20	12	maaslin3	raw	0.75	0.0166666666666667
spike_r100_f3_da20	13	maaslin3	raw	0.571428571428571	0.05
spike_r100_f3_da20	14	maaslin3	raw	0.6	0.0333333333333333
spike_r100_f3_da20	15	maaslin3	raw	0.75	0.0166666666666667
spike_r100_f3_da20	16	maaslin3	raw	0.6	0.0333333333333333
spike_r100_f3_da20	17	maaslin3	raw	0.333333333333333	0.0333333333333333
spike_r100_f3_da20	18	maaslin3	raw	0.857142857142857	0.0166666666666667
spike_r100_f3_da20	19	maaslin3	raw	0.5	0.0333333333333333
spike_r100_f3_da20	20	maaslin3	raw	0.75	0.0166666666666667
spike_r100_f3_da20	21	maaslin3	raw	1	0
spike_r100_f3_da20	22	maaslin3	raw	0.25	0.05
spike_r100_f3_da20	23	maaslin3	raw	1	0
spike_r100_f3_da20	24	maaslin3	raw	1	0
spike_r100_f3_da20	25	maaslin3	raw	0.833333333333333	0.0166666666666667
spike_r100_f3_da20	26	maaslin3	raw	0.857142857142857	0.0166666666666667
spike_r100_f3_da20	27	maaslin3	raw	0.75	0.0166666666666667
spike_r100_f3_da20	28	maaslin3	raw	0.5	0.0333333333333333
spike_r100_f3_da20	29	maaslin3	raw	0.6	0.0333333333333333
spike_r100_f3_da20	30	maaslin3	raw	0.666666666666667	0.0333333333333333
spike_r100_f3_da20	31	maaslin3	raw	0.5	0.0166666666666667
spike_r100_f3_da20	32	maaslin3	raw	0.75	0.0166666666666667
spike_r100_f3_da20	33	maaslin3	raw	0.6	0.0333333333333333
spike_r100_f3_da20	34	maaslin3	raw	0.5	0.0333333333333333
spike_r100_f3_da20	35	maaslin3	raw	0.5	0.05
spike_r100_f3_da20	36	maaslin3	raw	1	0
spike_r100_f3_da20	37	maaslin3	raw	0.6	0.0333333333333333
spike_r100_f3_da20	38	maaslin3	raw	1	0
spike_r100_f3_da20	39	maaslin3	raw	0.714285714285714	0.0333333333333333
spike_r100_f3_da20	40	maaslin3	raw	1	0
spike_r100_f3_da20	41	maaslin3	raw	0.666666666666667	0.0166666666666667
spike_r100_f3_da20	42	maaslin3	raw	1	0
spike_r100_f3_da20	43	maaslin3	raw	0.888888888888889	0.0166666666666667
spike_r100_f3_da20	44	maaslin3	raw	0.5	0.0333333333333333
spike_r100_f3_da20	45	maaslin3	raw	0.666666666666667	0.05
spike_r100_f3_da20	46	maaslin3	raw	0.833333333333333	0.0166666666666667
spike_r100_f3_da20	47	maaslin3	raw	1	0
spike_r100_f3_da20	48	maaslin3	raw	0.5	0.0166666666666667
spike_r100_f3_da20	49	maaslin3	raw	0.833333333333333	0.0166666666666667
spike_r100_f3_da20	50	maaslin3	raw	0.833333333333333	0.0166666666666667
spike_r100_f3_da20	51	maaslin3	raw	1	0
spike_r100_f3_da20	52	maaslin3	raw	0.5	0.0333333333333333
spike_r100_f3_da20	53	maaslin3	raw	0.75	0.0166666666666667
spike_r100_f3_da20	54	maaslin3	raw	0.5	0.0333333333333333
spike_r100_f3_da20	55	maaslin3	raw	0.75	0.0333333333333333
spike_r100_f3_da20	56	maaslin3	raw	0.5	0.0333333333333333
spike_r100_f3_da20	57	maaslin3	raw	0.857142857142857	0.0166666666666667
spike_r100_f3_da20	58	maaslin3	raw	0.833333333333333	0.0166666666666667
spike_r100_f3_da20	59	maaslin3	raw	0.6	0.0333333333333333
spike_r100_f3_da20	60	maaslin3	raw	0.6	0.0333333333333333
spike_r100_f3_da20	61	maaslin3	raw	0.8	0.0166666666666667
spike_r100_f3_da20	62	maaslin3	raw	1	0
spike_r100_f3_da20	63	maaslin3	raw	0.75	0.0333333333333333
spike_r100_f3_da20	64	maaslin3	raw	0.857142857142857	0.0166666666666667
spike_r100_f3_da20	65	maaslin3	raw	0.666666666666667	0.05
spike_r100_f3_da20	66	maaslin3	raw	0.333333333333333	0.0333333333333333
spike_r100_f3_da20	67	maaslin3	raw	0.75	0.0166666666666667
spike_r100_f3_da20	68	maaslin3	raw	0.833333333333333	0.0166666666666667
spike_r100_f3_da20	69	maaslin3	raw	0.75	0.0166666666666667
spike_r100_f3_da20	70	maaslin3	raw	0.666666666666667	0.05
spike_r100_f3_da20	71	maaslin3	raw	0.777777777777778	0.0333333333333333
spike_r100_f3_da20	72	maaslin3	raw	1	0
spike_r100_f3_da20	73	maaslin3	raw	1	0
spike_r100_f3_da20	74	maaslin3	raw	1	0
spike_r100_f3_da20	75	maaslin3	raw	1	0
spike_r100_f3_da20	76	maaslin3	raw	0.6	0.0333333333333333
spike_r100_f3_da20	77	maaslin3	raw	0.666666666666667	0.0166666666666667
spike_r100_f3_da20	78	maaslin3	raw	0.5	0.0166666666666667
spike_r100_f3_da20	79	maaslin3	raw	0.5	0.0333333333333333
spike_r100_f3_da20	80	maaslin3	raw	0.8	0.0166666666666667
spike_r100_f3_da20	81	maaslin3	raw	1	0
spike_r100_f3_da20	82	maaslin3	raw	0.666666666666667	0.0166666666666667
spike_r100_f3_da20	83	maaslin3	raw	0.75	0.0166666666666667
spike_r100_f3_da20	84	maaslin3	raw	0.75	0.0166666666666667
spike_r100_f3_da20	85	maaslin3	raw	0.333333333333333	0.0666666666666667
spike_r100_f3_da20	86	maaslin3	raw	0.6	0.0333333333333333
spike_r100_f3_da20	87	maaslin3	raw	1	0
spike_r100_f3_da20	88	maaslin3	raw	0.75	0.0166666666666667
spike_r100_f3_da20	89	maaslin3	raw	0.5	0.0333333333333333
spike_r100_f3_da20	90	maaslin3	raw	0.666666666666667	0.0333333333333333
spike_r100_f3_da20	91	maaslin3	raw	0.666666666666667	0.0333333333333333
spike_r100_f3_da20	92	maaslin3	raw	0.333333333333333	0.0666666666666667
spike_r100_f3_da20	93	maaslin3	raw	1	0
spike_r100_f3_da20	94	maaslin3	raw	1	0
spike_r100_f3_da20	95	maaslin3	raw	0.666666666666667	0.0333333333333333
spike_r100_f3_da20	96	maaslin3	raw	1	0
spike_r100_f3_da20	97	maaslin3	raw	1	0
spike_r100_f3_da20	98	maaslin3	raw	0.333333333333333	0.0333333333333333
spike_r100_f3_da20	99	maaslin3	raw	0.666666666666667	0.0166666666666667
spike_r100_f3_da20	100	maaslin3	raw	0.714285714285714	0.0333333333333333
spike_r100_f3_da5	1	ancombc2	rarefied	0.928571428571429	0.2
spike_r100_f3_da5	2	ancombc2	rarefied	0.736842105263158	0.333333333333333
spike_r100_f3_da5	3	ancombc2	rarefied	0.888888888888889	0.2
spike_r100_f3_da5	4	ancombc2	rarefied	0.868421052631579	0.333333333333333
spike_r100_f3_da5	5	ancombc2	rarefied	0.972972972972973	0.0666666666666667
spike_r100_f3_da5	6	ancombc2	rarefied	0.96	0.133333333333333
spike_r100_f3_da5	7	ancombc2	rarefied	0.910714285714286	0.333333333333333
spike_r100_f3_da5	8	ancombc2	rarefied	0.944444444444444	0.2
spike_r100_f3_da5	9	ancombc2	rarefied	0.862745098039216	0.466666666666667
spike_r100_f3_da5	10	ancombc2	rarefied	0.910714285714286	0.333333333333333
spike_r100_f3_da5	11	ancombc2	rarefied	0.863636363636364	0.4
spike_r100_f3_da5	12	ancombc2	rarefied	0.9	0.333333333333333
spike_r100_f3_da5	13	ancombc2	rarefied	0.838709677419355	0.333333333333333
spike_r100_f3_da5	14	ancombc2	rarefied	1	0
spike_r100_f3_da5	15	ancombc2	rarefied	0.91304347826087	0.266666666666667
spike_r100_f3_da5	16	ancombc2	rarefied	0.909090909090909	0.333333333333333
spike_r100_f3_da5	17	ancombc2	rarefied	0.938775510204082	0.2
spike_r100_f3_da5	18	ancombc2	rarefied	0.805555555555556	0.466666666666667
spike_r100_f3_da5	19	ancombc2	rarefied	0.888888888888889	0.2
spike_r100_f3_da5	20	ancombc2	rarefied	0.883720930232558	0.333333333333333
spike_r100_f3_da5	21	ancombc2	rarefied	0.935483870967742	0.133333333333333
spike_r100_f3_da5	22	ancombc2	rarefied	0.942307692307692	0.2
spike_r100_f3_da5	23	ancombc2	rarefied	0.958333333333333	0.0666666666666667
spike_r100_f3_da5	24	ancombc2	rarefied	0.918918918918919	0.2
spike_r100_f3_da5	25	ancombc2	rarefied	0.943396226415094	0.2
spike_r100_f3_da5	26	ancombc2	rarefied	0.916666666666667	0.2
spike_r100_f3_da5	27	ancombc2	rarefied	1	0
spike_r100_f3_da5	28	ancombc2	rarefied	0.964285714285714	0.133333333333333
spike_r100_f3_da5	29	ancombc2	rarefied	0.98	0.0666666666666667
spike_r100_f3_da5	30	ancombc2	rarefied	0.96	0.0666666666666667
spike_r100_f3_da5	31	ancombc2	rarefied	0.933333333333333	0.2
spike_r100_f3_da5	32	ancombc2	rarefied	0.867924528301887	0.466666666666667
spike_r100_f3_da5	33	ancombc2	rarefied	0.980769230769231	0.0666666666666667
spike_r100_f3_da5	34	ancombc2	rarefied	0.90625	0.4
spike_r100_f3_da5	35	ancombc2	rarefied	0.8	0.333333333333333
spike_r100_f3_da5	36	ancombc2	rarefied	0.912280701754386	0.333333333333333
spike_r100_f3_da5	37	ancombc2	rarefied	0.879310344827586	0.466666666666667
spike_r100_f3_da5	38	ancombc2	rarefied	0.978260869565217	0.0666666666666667
spike_r100_f3_da5	39	ancombc2	rarefied	0.909090909090909	0.466666666666667
spike_r100_f3_da5	40	ancombc2	rarefied	0.953488372093023	0.133333333333333
spike_r100_f3_da5	41	ancombc2	rarefied	0.915254237288136	0.333333333333333
spike_r100_f3_da5	42	ancombc2	rarefied	0.9375	0.2
spike_r100_f3_da5	43	ancombc2	rarefied	0.945945945945946	0.266666666666667
spike_r100_f3_da5	44	ancombc2	rarefied	0.931034482758621	0.133333333333333
spike_r100_f3_da5	45	ancombc2	rarefied	0.863636363636364	0.2
spike_r100_f3_da5	46	ancombc2	rarefied	0.88235294117647	0.266666666666667
spike_r100_f3_da5	47	ancombc2	rarefied	0.96969696969697	0.0666666666666667
spike_r100_f3_da5	48	ancombc2	rarefied	0.925	0.2
spike_r100_f3_da5	49	ancombc2	rarefied	1	0
spike_r100_f3_da5	50	ancombc2	rarefied	0.971428571428571	0.0666666666666667
spike_r100_f3_da5	51	ancombc2	rarefied	0.91304347826087	0.266666666666667
spike_r100_f3_da5	52	ancombc2	rarefied	0.862068965517241	0.266666666666667
spike_r100_f3_da5	53	ancombc2	rarefied	0.916666666666667	0.133333333333333
spike_r100_f3_da5	54	ancombc2	rarefied	0.958333333333333	0.133333333333333
spike_r100_f3_da5	55	ancombc2	rarefied	0.963636363636364	0.133333333333333
spike_r100_f3_da5	56	ancombc2	rarefied	0.9375	0.133333333333333
spike_r100_f3_da5	57	ancombc2	rarefied	0.941176470588235	0.266666666666667
spike_r100_f3_da5	58	ancombc2	rarefied	0.909090909090909	0.2
spike_r100_f3_da5	59	ancombc2	rarefied	0.967213114754098	0.133333333333333
spike_r100_f3_da5	60	ancombc2	rarefied	0.95	0.133333333333333
spike_r100_f3_da5	61	ancombc2	rarefied	0.909090909090909	0.133333333333333
spike_r100_f3_da5	62	ancombc2	rarefied	0.918918918918919	0.2
spike_r100_f3_da5	63	ancombc2	rarefied	0.870967741935484	0.266666666666667
spike_r100_f3_da5	64	ancombc2	rarefied	0.861111111111111	0.333333333333333
spike_r100_f3_da5	65	ancombc2	rarefied	0.90625	0.2
spike_r100_f3_da5	66	ancombc2	rarefied	0.895833333333333	0.333333333333333
spike_r100_f3_da5	67	ancombc2	rarefied	0.928571428571429	0.266666666666667
spike_r100_f3_da5	68	ancombc2	rarefied	0.884615384615385	0.2
spike_r100_f3_da5	69	ancombc2	rarefied	0.883720930232558	0.333333333333333
spike_r100_f3_da5	70	ancombc2	rarefied	0.894736842105263	0.266666666666667
spike_r100_f3_da5	71	ancombc2	rarefied	0.916666666666667	0.4
spike_r100_f3_da5	72	ancombc2	rarefied	0.95	0.133333333333333
spike_r100_f3_da5	73	ancombc2	rarefied	0.934426229508197	0.266666666666667
spike_r100_f3_da5	74	ancombc2	rarefied	0.947368421052632	0.133333333333333
spike_r100_f3_da5	75	ancombc2	rarefied	0.846153846153846	0.533333333333333
spike_r100_f3_da5	76	ancombc2	rarefied	0.95	0.2
spike_r100_f3_da5	77	ancombc2	rarefied	0.9375	0.2
spike_r100_f3_da5	78	ancombc2	rarefied	0.891891891891892	0.266666666666667
spike_r100_f3_da5	79	ancombc2	rarefied	0.941176470588235	0.2
spike_r100_f3_da5	80	ancombc2	rarefied	0.978723404255319	0.0666666666666667
spike_r100_f3_da5	81	ancombc2	rarefied	0.9375	0.133333333333333
spike_r100_f3_da5	82	ancombc2	rarefied	0.9	0.0666666666666667
spike_r100_f3_da5	83	ancombc2	rarefied	0.891304347826087	0.333333333333333
spike_r100_f3_da5	84	ancombc2	rarefied	1	0
spike_r100_f3_da5	85	ancombc2	rarefied	0.864864864864865	0.333333333333333
spike_r100_f3_da5	86	ancombc2	rarefied	0.852941176470588	0.333333333333333
spike_r100_f3_da5	87	ancombc2	rarefied	0.952380952380952	0.2
spike_r100_f3_da5	88	ancombc2	rarefied	0.86764705882353	0.6
spike_r100_f3_da5	89	ancombc2	rarefied	0.921052631578947	0.2
spike_r100_f3_da5	90	ancombc2	rarefied	0.96	0.0666666666666667
spike_r100_f3_da5	91	ancombc2	rarefied	0.880952380952381	0.333333333333333
spike_r100_f3_da5	92	ancombc2	rarefied	0.891891891891892	0.266666666666667
spike_r100_f3_da5	93	ancombc2	rarefied	0.928571428571429	0.2
spike_r100_f3_da5	94	ancombc2	rarefied	0.961538461538462	0.133333333333333
spike_r100_f3_da5	95	ancombc2	rarefied	1	0
spike_r100_f3_da5	96	ancombc2	rarefied	0.962962962962963	0.133333333333333
spike_r100_f3_da5	97	ancombc2	rarefied	0.9	0.333333333333333
spike_r100_f3_da5	98	ancombc2	rarefied	0.870967741935484	0.266666666666667
spike_r100_f3_da5	99	ancombc2	rarefied	0.942857142857143	0.266666666666667
spike_r100_f3_da5	100	ancombc2	rarefied	0.92	0.133333333333333
spike_r100_f3_da5	1	ancombc2	raw	0.714285714285714	0.133333333333333
spike_r100_f3_da5	2	ancombc2	raw	0.8	0.0666666666666667
spike_r100_f3_da5	3	ancombc2	raw	0.92	0.133333333333333
spike_r100_f3_da5	4	ancombc2	raw	0.933333333333333	0.0666666666666667
spike_r100_f3_da5	5	ancombc2	raw	1	0
spike_r100_f3_da5	6	ancombc2	raw	0.958333333333333	0.0666666666666667
spike_r100_f3_da5	7	ancombc2	raw	0.866666666666667	0.133333333333333
spike_r100_f3_da5	8	ancombc2	raw	1	0
spike_r100_f3_da5	9	ancombc2	raw	1	0
spike_r100_f3_da5	10	ancombc2	raw	1	0
spike_r100_f3_da5	11	ancombc2	raw	0.923076923076923	0.0666666666666667
spike_r100_f3_da5	12	ancombc2	raw	0.888888888888889	0.0666666666666667
spike_r100_f3_da5	13	ancombc2	raw	1	0
spike_r100_f3_da5	14	ancombc2	raw	0.666666666666667	0.0666666666666667
spike_r100_f3_da5	15	ancombc2	raw	1	0
spike_r100_f3_da5	16	ancombc2	raw	1	0
spike_r100_f3_da5	17	ancombc2	raw	1	0
spike_r100_f3_da5	18	ancombc2	raw	0.833333333333333	0.133333333333333
spike_r100_f3_da5	19	ancombc2	raw	0.857142857142857	0.133333333333333
spike_r100_f3_da5	20	ancombc2	raw	0.625	0.4
spike_r100_f3_da5	21	ancombc2	raw	0.777777777777778	0.133333333333333
spike_r100_f3_da5	22	ancombc2	raw	0.888888888888889	0.0666666666666667
spike_r100_f3_da5	23	ancombc2	raw	0.941176470588235	0.0666666666666667
spike_r100_f3_da5	24	ancombc2	raw	0	0
spike_r100_f3_da5	25	ancombc2	raw	0.85	0.2
spike_r100_f3_da5	26	ancombc2	raw	0.95	0.0666666666666667
spike_r100_f3_da5	27	ancombc2	raw	0.8	0.0666666666666667
spike_r100_f3_da5	28	ancombc2	raw	0.75	0.0666666666666667
spike_r100_f3_da5	29	ancombc2	raw	1	0
spike_r100_f3_da5	30	ancombc2	raw	1	0
spike_r100_f3_da5	31	ancombc2	raw	0.888888888888889	0.0666666666666667
spike_r100_f3_da5	32	ancombc2	raw	0.9	0.2
spike_r100_f3_da5	33	ancombc2	raw	0.857142857142857	0.0666666666666667
spike_r100_f3_da5	34	ancombc2	raw	0.909090909090909	0.0666666666666667
spike_r100_f3_da5	35	ancombc2	raw	0.941176470588235	0.0666666666666667
spike_r100_f3_da5	36	ancombc2	raw	0.869565217391304	0.2
spike_r100_f3_da5	37	ancombc2	raw	0.928571428571429	0.0666666666666667
spike_r100_f3_da5	38	ancombc2	raw	1	0
spike_r100_f3_da5	39	ancombc2	raw	1	0
spike_r100_f3_da5	40	ancombc2	raw	0.947368421052632	0.0666666666666667
spike_r100_f3_da5	41	ancombc2	raw	0.875	0.266666666666667
spike_r100_f3_da5	42	ancombc2	raw	1	0
spike_r100_f3_da5	43	ancombc2	raw	0.894736842105263	0.133333333333333
spike_r100_f3_da5	44	ancombc2	raw	0.826086956521739	0.266666666666667
spike_r100_f3_da5	45	ancombc2	raw	0.961538461538462	0.0666666666666667
spike_r100_f3_da5	46	ancombc2	raw	0.666666666666667	0.2
spike_r100_f3_da5	47	ancombc2	raw	0.909090909090909	0.0666666666666667
spike_r100_f3_da5	48	ancombc2	raw	0	0
spike_r100_f3_da5	49	ancombc2	raw	0.944444444444444	0.0666666666666667
spike_r100_f3_da5	50	ancombc2	raw	0.727272727272727	0.2
spike_r100_f3_da5	51	ancombc2	raw	0.88235294117647	0.133333333333333
spike_r100_f3_da5	52	ancombc2	raw	0.769230769230769	0.2
spike_r100_f3_da5	53	ancombc2	raw	0.88235294117647	0.133333333333333
spike_r100_f3_da5	54	ancombc2	raw	0.923076923076923	0.0666666666666667
spike_r100_f3_da5	55	ancombc2	raw	0.944444444444444	0.0666666666666667
spike_r100_f3_da5	56	ancombc2	raw	0.823529411764706	0.2
spike_r100_f3_da5	57	ancombc2	raw	0.95	0.0666666666666667
spike_r100_f3_da5	58	ancombc2	raw	1	0
spike_r100_f3_da5	59	ancombc2	raw	1	0
spike_r100_f3_da5	60	ancombc2	raw	0.884615384615385	0.2
spike_r100_f3_da5	61	ancombc2	raw	0.8	0.133333333333333
spike_r100_f3_da5	62	ancombc2	raw	0.818181818181818	0.133333333333333
spike_r100_f3_da5	63	ancombc2	raw	0.894736842105263	0.133333333333333
spike_r100_f3_da5	64	ancombc2	raw	1	0
spike_r100_f3_da5	65	ancombc2	raw	0.96551724137931	0.0666666666666667
spike_r100_f3_da5	66	ancombc2	raw	0.9	0.2
spike_r100_f3_da5	67	ancombc2	raw	0.894736842105263	0.133333333333333
spike_r100_f3_da5	68	ancombc2	raw	1	0
spike_r100_f3_da5	69	ancombc2	raw	0.892857142857143	0.2
spike_r100_f3_da5	70	ancombc2	raw	0.857142857142857	0.133333333333333
spike_r100_f3_da5	71	ancombc2	raw	0.869565217391304	0.2
spike_r100_f3_da5	72	ancombc2	raw	1	0
spike_r100_f3_da5	73	ancombc2	raw	0.903225806451613	0.2
spike_r100_f3_da5	74	ancombc2	raw	1	0
spike_r100_f3_da5	75	ancombc2	raw	0.8	0.266666666666667
spike_r100_f3_da5	76	ancombc2	raw	1	0
spike_r100_f3_da5	77	ancombc2	raw	0.88235294117647	0.133333333333333
spike_r100_f3_da5	78	ancombc2	raw	1	0
spike_r100_f3_da5	79	ancombc2	raw	0.909090909090909	0.0666666666666667
spike_r100_f3_da5	80	ancombc2	raw	1	0
spike_r100_f3_da5	81	ancombc2	raw	0.933333333333333	0.0666666666666667
spike_r100_f3_da5	82	ancombc2	raw	1	0
spike_r100_f3_da5	83	ancombc2	raw	0.941176470588235	0.0666666666666667
spike_r100_f3_da5	84	ancombc2	raw	1	0
spike_r100_f3_da5	85	ancombc2	raw	0	0
spike_r100_f3_da5	86	ancombc2	raw	0.75	0.2
spike_r100_f3_da5	87	ancombc2	raw	0.866666666666667	0.266666666666667
spike_r100_f3_da5	88	ancombc2	raw	0.714285714285714	0.266666666666667
spike_r100_f3_da5	89	ancombc2	raw	0.777777777777778	0.133333333333333
spike_r100_f3_da5	90	ancombc2	raw	0.928571428571429	0.0666666666666667
spike_r100_f3_da5	91	ancombc2	raw	0.88235294117647	0.133333333333333
spike_r100_f3_da5	92	ancombc2	raw	0.9	0.133333333333333
spike_r100_f3_da5	93	ancombc2	raw	0	0
spike_r100_f3_da5	94	ancombc2	raw	1	0
spike_r100_f3_da5	95	ancombc2	raw	0.875	0.0666666666666667
spike_r100_f3_da5	96	ancombc2	raw	0.833333333333333	0.133333333333333
spike_r100_f3_da5	97	ancombc2	raw	1	0
spike_r100_f3_da5	98	ancombc2	raw	0.941176470588235	0.0666666666666667
spike_r100_f3_da5	99	ancombc2	raw	0.625	0.2
spike_r100_f3_da5	100	ancombc2	raw	0.88235294117647	0.133333333333333
spike_r100_f3_da5	1	maaslin3	rarefied	0	0
spike_r100_f3_da5	2	maaslin3	rarefied	0	0
spike_r100_f3_da5	3	maaslin3	rarefied	0	0
spike_r100_f3_da5	4	maaslin3	rarefied	0	0
spike_r100_f3_da5	5	maaslin3	rarefied	0	0
spike_r100_f3_da5	6	maaslin3	rarefied	0	0
spike_r100_f3_da5	7	maaslin3	rarefied	0	0
spike_r100_f3_da5	8	maaslin3	rarefied	0	0
spike_r100_f3_da5	9	maaslin3	rarefied	0	0
spike_r100_f3_da5	10	maaslin3	rarefied	0	0
spike_r100_f3_da5	11	maaslin3	rarefied	0	0
spike_r100_f3_da5	12	maaslin3	rarefied	0.5	0.0666666666666667
spike_r100_f3_da5	13	maaslin3	rarefied	0	0.0666666666666667
spike_r100_f3_da5	14	maaslin3	rarefied	0	0
spike_r100_f3_da5	15	maaslin3	rarefied	0	0
spike_r100_f3_da5	16	maaslin3	rarefied	0	0
spike_r100_f3_da5	17	maaslin3	rarefied	0	0
spike_r100_f3_da5	18	maaslin3	rarefied	0	0.0666666666666667
spike_r100_f3_da5	19	maaslin3	rarefied	0	0
spike_r100_f3_da5	20	maaslin3	rarefied	0	0
spike_r100_f3_da5	21	maaslin3	rarefied	0	0
spike_r100_f3_da5	22	maaslin3	rarefied	0	0
spike_r100_f3_da5	23	maaslin3	rarefied	0	0
spike_r100_f3_da5	24	maaslin3	rarefied	0	0
spike_r100_f3_da5	25	maaslin3	rarefied	0.5	0.0666666666666667
spike_r100_f3_da5	26	maaslin3	rarefied	1	0
spike_r100_f3_da5	27	maaslin3	rarefied	0	0
spike_r100_f3_da5	28	maaslin3	rarefied	0	0
spike_r100_f3_da5	29	maaslin3	rarefied	0	0
spike_r100_f3_da5	30	maaslin3	rarefied	0	0
spike_r100_f3_da5	31	maaslin3	rarefied	0	0
spike_r100_f3_da5	32	maaslin3	rarefied	0	0
spike_r100_f3_da5	33	maaslin3	rarefied	0	0
spike_r100_f3_da5	34	maaslin3	rarefied	0	0
spike_r100_f3_da5	35	maaslin3	rarefied	0	0
spike_r100_f3_da5	36	maaslin3	rarefied	0	0
spike_r100_f3_da5	37	maaslin3	rarefied	0	0
spike_r100_f3_da5	38	maaslin3	rarefied	0	0
spike_r100_f3_da5	39	maaslin3	rarefied	0	0
spike_r100_f3_da5	40	maaslin3	rarefied	1	0
spike_r100_f3_da5	41	maaslin3	rarefied	0	0
spike_r100_f3_da5	42	maaslin3	rarefied	0	0
spike_r100_f3_da5	43	maaslin3	rarefied	0	0
spike_r100_f3_da5	44	maaslin3	rarefied	0	0
spike_r100_f3_da5	45	maaslin3	rarefied	1	0
spike_r100_f3_da5	46	maaslin3	rarefied	0	0
spike_r100_f3_da5	47	maaslin3	rarefied	0	0
spike_r100_f3_da5	48	maaslin3	rarefied	0	0
spike_r100_f3_da5	49	maaslin3	rarefied	0	0
spike_r100_f3_da5	50	maaslin3	rarefied	0	0
spike_r100_f3_da5	51	maaslin3	rarefied	0	0
spike_r100_f3_da5	52	maaslin3	rarefied	0	0.0666666666666667
spike_r100_f3_da5	53	maaslin3	rarefied	0	0
spike_r100_f3_da5	54	maaslin3	rarefied	0	0
spike_r100_f3_da5	55	maaslin3	rarefied	0	0
spike_r100_f3_da5	56	maaslin3	rarefied	0	0.0666666666666667
spike_r100_f3_da5	57	maaslin3	rarefied	0	0
spike_r100_f3_da5	58	maaslin3	rarefied	0	0
spike_r100_f3_da5	59	maaslin3	rarefied	0	0
spike_r100_f3_da5	60	maaslin3	rarefied	1	0
spike_r100_f3_da5	61	maaslin3	rarefied	0	0
spike_r100_f3_da5	62	maaslin3	rarefied	0	0
spike_r100_f3_da5	63	maaslin3	rarefied	0	0.0666666666666667
spike_r100_f3_da5	64	maaslin3	rarefied	0	0
spike_r100_f3_da5	65	maaslin3	rarefied	0	0
spike_r100_f3_da5	66	maaslin3	rarefied	0	0.0666666666666667
spike_r100_f3_da5	67	maaslin3	rarefied	0	0
spike_r100_f3_da5	68	maaslin3	rarefied	0	0
spike_r100_f3_da5	69	maaslin3	rarefied	0	0
spike_r100_f3_da5	70	maaslin3	rarefied	0	0.0666666666666667
spike_r100_f3_da5	71	maaslin3	rarefied	1	0
spike_r100_f3_da5	72	maaslin3	rarefied	0	0
spike_r100_f3_da5	73	maaslin3	rarefied	0	0
spike_r100_f3_da5	74	maaslin3	rarefied	0	0
spike_r100_f3_da5	75	maaslin3	rarefied	0	0
spike_r100_f3_da5	76	maaslin3	rarefied	0	0
spike_r100_f3_da5	77	maaslin3	rarefied	0	0
spike_r100_f3_da5	78	maaslin3	rarefied	0	0.133333333333333
spike_r100_f3_da5	79	maaslin3	rarefied	0	0
spike_r100_f3_da5	80	maaslin3	rarefied	0	0
spike_r100_f3_da5	81	maaslin3	rarefied	0	0
spike_r100_f3_da5	82	maaslin3	rarefied	0	0
spike_r100_f3_da5	83	maaslin3	rarefied	0	0
spike_r100_f3_da5	84	maaslin3	rarefied	1	0
spike_r100_f3_da5	85	maaslin3	rarefied	0	0
spike_r100_f3_da5	86	maaslin3	rarefied	0	0
spike_r100_f3_da5	87	maaslin3	rarefied	0	0
spike_r100_f3_da5	88	maaslin3	rarefied	0	0.0666666666666667
spike_r100_f3_da5	89	maaslin3	rarefied	0	0
spike_r100_f3_da5	90	maaslin3	rarefied	0	0
spike_r100_f3_da5	91	maaslin3	rarefied	0	0
spike_r100_f3_da5	92	maaslin3	rarefied	0	0
spike_r100_f3_da5	93	maaslin3	rarefied	0	0
spike_r100_f3_da5	94	maaslin3	rarefied	0	0
spike_r100_f3_da5	95	maaslin3	rarefied	0	0
spike_r100_f3_da5	96	maaslin3	rarefied	0	0
spike_r100_f3_da5	97	maaslin3	rarefied	0	0
spike_r100_f3_da5	98	maaslin3	rarefied	0	0
spike_r100_f3_da5	99	maaslin3	rarefied	0	0
spike_r100_f3_da5	100	maaslin3	rarefied	0	0
spike_r100_f3_da5	1	maaslin3	raw	0.75	0.0666666666666667
spike_r100_f3_da5	2	maaslin3	raw	1	0
spike_r100_f3_da5	3	maaslin3	raw	1	0
spike_r100_f3_da5	4	maaslin3	raw	1	0
spike_r100_f3_da5	5	maaslin3	raw	1	0
spike_r100_f3_da5	6	maaslin3	raw	0.833333333333333	0.0666666666666667
spike_r100_f3_da5	7	maaslin3	raw	1	0
spike_r100_f3_da5	8	maaslin3	raw	1	0
spike_r100_f3_da5	9	maaslin3	raw	1	0
spike_r100_f3_da5	10	maaslin3	raw	1	0
spike_r100_f3_da5	11	maaslin3	raw	1	0
spike_r100_f3_da5	12	maaslin3	raw	1	0
spike_r100_f3_da5	13	maaslin3	raw	1	0
spike_r100_f3_da5	14	maaslin3	raw	1	0
spike_r100_f3_da5	15	maaslin3	raw	1	0
spike_r100_f3_da5	16	maaslin3	raw	1	0
spike_r100_f3_da5	17	maaslin3	raw	0.875	0.0666666666666667
spike_r100_f3_da5	18	maaslin3	raw	1	0
spike_r100_f3_da5	19	maaslin3	raw	1	0
spike_r100_f3_da5	20	maaslin3	raw	0.75	0.0666666666666667
spike_r100_f3_da5	21	maaslin3	raw	0.875	0.0666666666666667
spike_r100_f3_da5	22	maaslin3	raw	1	0
spike_r100_f3_da5	23	maaslin3	raw	1	0
spike_r100_f3_da5	24	maaslin3	raw	0.875	0.0666666666666667
spike_r100_f3_da5	25	maaslin3	raw	0.75	0.0666666666666667
spike_r100_f3_da5	26	maaslin3	raw	1	0
spike_r100_f3_da5	27	maaslin3	raw	1	0
spike_r100_f3_da5	28	maaslin3	raw	0.75	0.0666666666666667
spike_r100_f3_da5	29	maaslin3	raw	0.833333333333333	0.0666666666666667
spike_r100_f3_da5	30	maaslin3	raw	1	0
spike_r100_f3_da5	31	maaslin3	raw	0.666666666666667	0.0666666666666667
spike_r100_f3_da5	32	maaslin3	raw	0.857142857142857	0.0666666666666667
spike_r100_f3_da5	33	maaslin3	raw	0.8	0.0666666666666667
spike_r100_f3_da5	34	maaslin3	raw	1	0
spike_r100_f3_da5	35	maaslin3	raw	1	0
spike_r100_f3_da5	36	maaslin3	raw	1	0
spike_r100_f3_da5	37	maaslin3	raw	1	0
spike_r100_f3_da5	38	maaslin3	raw	1	0
spike_r100_f3_da5	39	maaslin3	raw	1	0
spike_r100_f3_da5	40	maaslin3	raw	1	0
spike_r100_f3_da5	41	maaslin3	raw	1	0
spike_r100_f3_da5	42	maaslin3	raw	1	0
spike_r100_f3_da5	43	maaslin3	raw	1	0
spike_r100_f3_da5	44	maaslin3	raw	1	0
spike_r100_f3_da5	45	maaslin3	raw	1	0
spike_r100_f3_da5	46	maaslin3	raw	1	0
spike_r100_f3_da5	47	maaslin3	raw	1	0
spike_r100_f3_da5	48	maaslin3	raw	1	0
spike_r100_f3_da5	49	maaslin3	raw	1	0
spike_r100_f3_da5	50	maaslin3	raw	0.8	0.0666666666666667
spike_r100_f3_da5	51	maaslin3	raw	0.666666666666667	0.0666666666666667
spike_r100_f3_da5	52	maaslin3	raw	1	0
spike_r100_f3_da5	53	maaslin3	raw	1	0
spike_r100_f3_da5	54	maaslin3	raw	1	0
spike_r100_f3_da5	55	maaslin3	raw	0.9	0.0666666666666667
spike_r100_f3_da5	56	maaslin3	raw	0.6	0.133333333333333
spike_r100_f3_da5	57	maaslin3	raw	1	0
spike_r100_f3_da5	58	maaslin3	raw	1	0
spike_r100_f3_da5	59	maaslin3	raw	0.8	0.0666666666666667
spike_r100_f3_da5	60	maaslin3	raw	0.833333333333333	0.0666666666666667
spike_r100_f3_da5	61	maaslin3	raw	1	0
spike_r100_f3_da5	62	maaslin3	raw	1	0
spike_r100_f3_da5	63	maaslin3	raw	0.666666666666667	0.0666666666666667
spike_r100_f3_da5	64	maaslin3	raw	1	0
spike_r100_f3_da5	65	maaslin3	raw	1	0
spike_r100_f3_da5	66	maaslin3	raw	0.875	0.0666666666666667
spike_r100_f3_da5	67	maaslin3	raw	0.833333333333333	0.0666666666666667
spike_r100_f3_da5	68	maaslin3	raw	1	0
spike_r100_f3_da5	69	maaslin3	raw	0.75	0.0666666666666667
spike_r100_f3_da5	70	maaslin3	raw	0.8	0.0666666666666667
spike_r100_f3_da5	71	maaslin3	raw	1	0
spike_r100_f3_da5	72	maaslin3	raw	1	0
spike_r100_f3_da5	73	maaslin3	raw	1	0
spike_r100_f3_da5	74	maaslin3	raw	1	0
spike_r100_f3_da5	75	maaslin3	raw	0.857142857142857	0.0666666666666667
spike_r100_f3_da5	76	maaslin3	raw	1	0
spike_r100_f3_da5	77	maaslin3	raw	1	0
spike_r100_f3_da5	78	maaslin3	raw	1	0
spike_r100_f3_da5	79	maaslin3	raw	1	0
spike_r100_f3_da5	80	maaslin3	raw	1	0
spike_r100_f3_da5	81	maaslin3	raw	0.75	0.0666666666666667
spike_r100_f3_da5	82	maaslin3	raw	1	0
spike_r100_f3_da5	83	maaslin3	raw	1	0
spike_r100_f3_da5	84	maaslin3	raw	1	0
spike_r100_f3_da5	85	maaslin3	raw	1	0
spike_r100_f3_da5	86	maaslin3	raw	0.8	0.0666666666666667
spike_r100_f3_da5	87	maaslin3	raw	1	0
spike_r100_f3_da5	88	maaslin3	raw	0.666666666666667	0.0666666666666667
spike_r100_f3_da5	89	maaslin3	raw	1	0
spike_r100_f3_da5	90	maaslin3	raw	1	0
spike_r100_f3_da5	91	maaslin3	raw	1	0
spike_r100_f3_da5	92	maaslin3	raw	0.75	0.0666666666666667
spike_r100_f3_da5	93	maaslin3	raw	1	0
spike_r100_f3_da5	94	maaslin3	raw	1	0
spike_r100_f3_da5	95	maaslin3	raw	0.833333333333333	0.0666666666666667
spike_r100_f3_da5	96	maaslin3	raw	1	0
spike_r100_f3_da5	97	maaslin3	raw	1	0
spike_r100_f3_da5	98	maaslin3	raw	1	0
spike_r100_f3_da5	99	maaslin3	raw	0.714285714285714	0.133333333333333
spike_r100_f3_da5	100	maaslin3	raw	1	0
spike_r100_f5	1	ancombc2	rarefied	0.847222222222222	0.366666666666667
spike_r100_f5	2	ancombc2	rarefied	0.819672131147541	0.366666666666667
spike_r100_f5	3	ancombc2	rarefied	0.813559322033898	0.366666666666667
spike_r100_f5	4	ancombc2	rarefied	0.72093023255814	0.4
spike_r100_f5	5	ancombc2	rarefied	0.65625	0.366666666666667
spike_r100_f5	6	ancombc2	rarefied	0.835443037974684	0.433333333333333
spike_r100_f5	7	ancombc2	rarefied	0.789473684210526	0.4
spike_r100_f5	8	ancombc2	rarefied	0.818181818181818	0.266666666666667
spike_r100_f5	9	ancombc2	rarefied	0.653846153846154	0.3
spike_r100_f5	10	ancombc2	rarefied	0.797101449275362	0.466666666666667
spike_r100_f5	11	ancombc2	rarefied	0.739130434782609	0.4
spike_r100_f5	12	ancombc2	rarefied	0.75	0.4
spike_r100_f5	13	ancombc2	rarefied	0.811320754716981	0.333333333333333
spike_r100_f5	14	ancombc2	rarefied	0.810344827586207	0.366666666666667
spike_r100_f5	15	ancombc2	rarefied	0.756756756756757	0.3
spike_r100_f5	16	ancombc2	rarefied	0.764705882352941	0.4
spike_r100_f5	17	ancombc2	rarefied	0.84	0.133333333333333
spike_r100_f5	18	ancombc2	rarefied	0.765957446808511	0.366666666666667
spike_r100_f5	19	ancombc2	rarefied	0.826923076923077	0.3
spike_r100_f5	20	ancombc2	rarefied	0.785714285714286	0.5
spike_r100_f5	21	ancombc2	rarefied	0.842105263157895	0.3
spike_r100_f5	22	ancombc2	rarefied	0.763636363636364	0.433333333333333
spike_r100_f5	23	ancombc2	rarefied	0.774193548387097	0.466666666666667
spike_r100_f5	24	ancombc2	rarefied	0.883333333333333	0.233333333333333
spike_r100_f5	25	ancombc2	rarefied	0.789473684210526	0.4
spike_r100_f5	26	ancombc2	rarefied	0.754385964912281	0.466666666666667
spike_r100_f5	27	ancombc2	rarefied	0.645161290322581	0.366666666666667
spike_r100_f5	28	ancombc2	rarefied	0.782608695652174	0.333333333333333
spike_r100_f5	29	ancombc2	rarefied	0.819672131147541	0.366666666666667
spike_r100_f5	30	ancombc2	rarefied	0.821428571428571	0.166666666666667
spike_r100_f5	31	ancombc2	rarefied	0.779411764705882	0.5
spike_r100_f5	32	ancombc2	rarefied	0.886363636363636	0.166666666666667
spike_r100_f5	33	ancombc2	rarefied	0.75	0.3
spike_r100_f5	34	ancombc2	rarefied	0.82	0.3
spike_r100_f5	35	ancombc2	rarefied	0.688888888888889	0.466666666666667
spike_r100_f5	36	ancombc2	rarefied	0.849056603773585	0.266666666666667
spike_r100_f5	37	ancombc2	rarefied	0.845070422535211	0.366666666666667
spike_r100_f5	38	ancombc2	rarefied	0.80952380952381	0.4
spike_r100_f5	39	ancombc2	rarefied	0.72	0.233333333333333
spike_r100_f5	40	ancombc2	rarefied	0.842105263157895	0.3
spike_r100_f5	41	ancombc2	rarefied	0.783783783783784	0.533333333333333
spike_r100_f5	42	ancombc2	rarefied	0.8	0.433333333333333
spike_r100_f5	43	ancombc2	rarefied	0.893939393939394	0.233333333333333
spike_r100_f5	44	ancombc2	rarefied	0.876923076923077	0.266666666666667
spike_r100_f5	45	ancombc2	rarefied	0.82	0.3
spike_r100_f5	46	ancombc2	rarefied	0.84	0.533333333333333
spike_r100_f5	47	ancombc2	rarefied	0.785714285714286	0.2
spike_r100_f5	48	ancombc2	rarefied	0.829268292682927	0.233333333333333
spike_r100_f5	49	ancombc2	rarefied	0.790697674418605	0.3
spike_r100_f5	50	ancombc2	rarefied	0.816326530612245	0.3
spike_r100_f5	51	ancombc2	rarefied	0.875	0.266666666666667
spike_r100_f5	52	ancombc2	rarefied	0.765957446808511	0.366666666666667
spike_r100_f5	53	ancombc2	rarefied	0.80952380952381	0.266666666666667
spike_r100_f5	54	ancombc2	rarefied	0.727272727272727	0.4
spike_r100_f5	55	ancombc2	rarefied	0.710526315789474	0.366666666666667
spike_r100_f5	56	ancombc2	rarefied	0.666666666666667	0.433333333333333
spike_r100_f5	57	ancombc2	rarefied	0.8	0.366666666666667
spike_r100_f5	58	ancombc2	rarefied	0.873239436619718	0.3
spike_r100_f5	59	ancombc2	rarefied	0.8125	0.4
spike_r100_f5	60	ancombc2	rarefied	0.779411764705882	0.5
spike_r100_f5	61	ancombc2	rarefied	0.796296296296296	0.366666666666667
spike_r100_f5	62	ancombc2	rarefied	0.795918367346939	0.333333333333333
spike_r100_f5	63	ancombc2	rarefied	0.787234042553192	0.333333333333333
spike_r100_f5	64	ancombc2	rarefied	0.833333333333333	0.3
spike_r100_f5	65	ancombc2	rarefied	0.796610169491525	0.4
spike_r100_f5	66	ancombc2	rarefied	0.865671641791045	0.3
spike_r100_f5	67	ancombc2	rarefied	0.933333333333333	0.1
spike_r100_f5	68	ancombc2	rarefied	0.745098039215686	0.433333333333333
spike_r100_f5	69	ancombc2	rarefied	0.814814814814815	0.333333333333333
spike_r100_f5	70	ancombc2	rarefied	0.827586206896552	0.166666666666667
spike_r100_f5	71	ancombc2	rarefied	0.879518072289157	0.333333333333333
spike_r100_f5	72	ancombc2	rarefied	0.756756756756757	0.3
spike_r100_f5	73	ancombc2	rarefied	0.8	0.466666666666667
spike_r100_f5	74	ancombc2	rarefied	0.868852459016393	0.266666666666667
spike_r100_f5	75	ancombc2	rarefied	0.851851851851852	0.133333333333333
spike_r100_f5	76	ancombc2	rarefied	0.840909090909091	0.233333333333333
spike_r100_f5	77	ancombc2	rarefied	0.86	0.233333333333333
spike_r100_f5	78	ancombc2	rarefied	0.866666666666667	0.266666666666667
spike_r100_f5	79	ancombc2	rarefied	0.861111111111111	0.333333333333333
spike_r100_f5	80	ancombc2	rarefied	0.733333333333333	0.533333333333333
spike_r100_f5	81	ancombc2	rarefied	0.791666666666667	0.333333333333333
spike_r100_f5	82	ancombc2	rarefied	0.783783783783784	0.266666666666667
spike_r100_f5	83	ancombc2	rarefied	0.782608695652174	0.5
spike_r100_f5	84	ancombc2	rarefied	0.722222222222222	0.333333333333333
spike_r100_f5	85	ancombc2	rarefied	0.808219178082192	0.466666666666667
spike_r100_f5	86	ancombc2	rarefied	0.805555555555556	0.466666666666667
spike_r100_f5	87	ancombc2	rarefied	0.777777777777778	0.333333333333333
spike_r100_f5	88	ancombc2	rarefied	0.811320754716981	0.333333333333333
spike_r100_f5	89	ancombc2	rarefied	0.880733944954128	0.433333333333333
spike_r100_f5	90	ancombc2	rarefied	0.807692307692308	0.333333333333333
spike_r100_f5	91	ancombc2	rarefied	0.818181818181818	0.266666666666667
spike_r100_f5	92	ancombc2	rarefied	0.769230769230769	0.6
spike_r100_f5	93	ancombc2	rarefied	0.8375	0.433333333333333
spike_r100_f5	94	ancombc2	rarefied	0.850746268656716	0.333333333333333
spike_r100_f5	95	ancombc2	rarefied	0.816666666666667	0.366666666666667
spike_r100_f5	96	ancombc2	rarefied	0.854166666666667	0.233333333333333
spike_r100_f5	97	ancombc2	rarefied	0.774647887323944	0.533333333333333
spike_r100_f5	98	ancombc2	rarefied	0.85	0.2
spike_r100_f5	99	ancombc2	rarefied	0.813953488372093	0.266666666666667
spike_r100_f5	100	ancombc2	rarefied	0.895833333333333	0.166666666666667
spike_r100_f5	1	ancombc2	raw	0.818181818181818	0.0666666666666667
spike_r100_f5	2	ancombc2	raw	0.692307692307692	0.133333333333333
spike_r100_f5	3	ancombc2	raw	0.8125	0.2
spike_r100_f5	4	ancombc2	raw	0.555555555555556	0.133333333333333
spike_r100_f5	5	ancombc2	raw	0.6	0.133333333333333
spike_r100_f5	6	ancombc2	raw	0.833333333333333	0.133333333333333
spike_r100_f5	7	ancombc2	raw	0.833333333333333	0.0666666666666667
spike_r100_f5	8	ancombc2	raw	0.666666666666667	0.0666666666666667
spike_r100_f5	9	ancombc2	raw	0.80952380952381	0.133333333333333
spike_r100_f5	10	ancombc2	raw	0.6875	0.166666666666667
spike_r100_f5	11	ancombc2	raw	0.5	0.2
spike_r100_f5	12	ancombc2	raw	0.71875	0.3
spike_r100_f5	13	ancombc2	raw	0.739130434782609	0.2
spike_r100_f5	14	ancombc2	raw	0.857142857142857	0.133333333333333
spike_r100_f5	15	ancombc2	raw	0	0
spike_r100_f5	16	ancombc2	raw	0.5	0.0333333333333333
spike_r100_f5	17	ancombc2	raw	0.826086956521739	0.133333333333333
spike_r100_f5	18	ancombc2	raw	0.80952380952381	0.133333333333333
spike_r100_f5	19	ancombc2	raw	0.714285714285714	0.133333333333333
spike_r100_f5	20	ancombc2	raw	0.714285714285714	0.133333333333333
spike_r100_f5	21	ancombc2	raw	0.666666666666667	0.0333333333333333
spike_r100_f5	22	ancombc2	raw	0.807692307692308	0.166666666666667
spike_r100_f5	23	ancombc2	raw	0.758620689655172	0.233333333333333
spike_r100_f5	24	ancombc2	raw	0.866666666666667	0.0666666666666667
spike_r100_f5	25	ancombc2	raw	0.944444444444444	0.0333333333333333
spike_r100_f5	26	ancombc2	raw	0.842105263157895	0.1
spike_r100_f5	27	ancombc2	raw	0.666666666666667	0.166666666666667
spike_r100_f5	28	ancombc2	raw	0.6875	0.166666666666667
spike_r100_f5	29	ancombc2	raw	0.75	0.1
spike_r100_f5	30	ancombc2	raw	0.8	0.0666666666666667
spike_r100_f5	31	ancombc2	raw	0.5625	0.233333333333333
spike_r100_f5	32	ancombc2	raw	0.857142857142857	0.1
spike_r100_f5	33	ancombc2	raw	0.857142857142857	0.1
spike_r100_f5	34	ancombc2	raw	0.909090909090909	0.0333333333333333
spike_r100_f5	35	ancombc2	raw	0.666666666666667	0.233333333333333
spike_r100_f5	36	ancombc2	raw	0.714285714285714	0.133333333333333
spike_r100_f5	37	ancombc2	raw	0.857142857142857	0.0666666666666667
spike_r100_f5	38	ancombc2	raw	0.894736842105263	0.0666666666666667
spike_r100_f5	39	ancombc2	raw	0.736842105263158	0.166666666666667
spike_r100_f5	40	ancombc2	raw	0.875	0.1
spike_r100_f5	41	ancombc2	raw	0.777777777777778	0.2
spike_r100_f5	42	ancombc2	raw	0.814814814814815	0.166666666666667
spike_r100_f5	43	ancombc2	raw	0.678571428571429	0.3
spike_r100_f5	44	ancombc2	raw	0.833333333333333	0.1
spike_r100_f5	45	ancombc2	raw	0.708333333333333	0.233333333333333
spike_r100_f5	46	ancombc2	raw	0.692307692307692	0.133333333333333
spike_r100_f5	47	ancombc2	raw	0	0.0333333333333333
spike_r100_f5	48	ancombc2	raw	0.75	0.1
spike_r100_f5	49	ancombc2	raw	0.615384615384615	0.166666666666667
spike_r100_f5	50	ancombc2	raw	0.884615384615385	0.1
spike_r100_f5	51	ancombc2	raw	0.75	0.166666666666667
spike_r100_f5	52	ancombc2	raw	0.80952380952381	0.133333333333333
spike_r100_f5	53	ancombc2	raw	0.8	0.166666666666667
spike_r100_f5	54	ancombc2	raw	0.7	0.1
spike_r100_f5	55	ancombc2	raw	0.769230769230769	0.1
spike_r100_f5	56	ancombc2	raw	0.8125	0.1
spike_r100_f5	57	ancombc2	raw	0	0.0666666666666667
spike_r100_f5	58	ancombc2	raw	0.892857142857143	0.1
spike_r100_f5	59	ancombc2	raw	0.8125	0.1
spike_r100_f5	60	ancombc2	raw	0.771428571428571	0.266666666666667
spike_r100_f5	61	ancombc2	raw	0.724137931034483	0.266666666666667
spike_r100_f5	62	ancombc2	raw	0.764705882352941	0.133333333333333
spike_r100_f5	63	ancombc2	raw	0.722222222222222	0.166666666666667
spike_r100_f5	64	ancombc2	raw	0.85	0.1
spike_r100_f5	65	ancombc2	raw	0.7	0.3
spike_r100_f5	66	ancombc2	raw	0.714285714285714	0.266666666666667
spike_r100_f5	67	ancombc2	raw	0.75	0.133333333333333
spike_r100_f5	68	ancombc2	raw	0.863636363636364	0.1
spike_r100_f5	69	ancombc2	raw	0.727272727272727	0.2
spike_r100_f5	70	ancombc2	raw	0.75	0.1
spike_r100_f5	71	ancombc2	raw	0.904761904761905	0.0666666666666667
spike_r100_f5	72	ancombc2	raw	0.75	0.0666666666666667
spike_r100_f5	73	ancombc2	raw	0.833333333333333	0.0333333333333333
spike_r100_f5	74	ancombc2	raw	0.806451612903226	0.2
spike_r100_f5	75	ancombc2	raw	0.928571428571429	0.0333333333333333
spike_r100_f5	76	ancombc2	raw	0.807692307692308	0.166666666666667
spike_r100_f5	77	ancombc2	raw	0.857142857142857	0.0666666666666667
spike_r100_f5	78	ancombc2	raw	0.888888888888889	0.0666666666666667
spike_r100_f5	79	ancombc2	raw	0.692307692307692	0.133333333333333
spike_r100_f5	80	ancombc2	raw	0.805555555555556	0.233333333333333
spike_r100_f5	81	ancombc2	raw	0.833333333333333	0.0666666666666667
spike_r100_f5	82	ancombc2	raw	0.588235294117647	0.233333333333333
spike_r100_f5	83	ancombc2	raw	0.764705882352941	0.266666666666667
spike_r100_f5	84	ancombc2	raw	0.782608695652174	0.166666666666667
spike_r100_f5	85	ancombc2	raw	0.741935483870968	0.266666666666667
spike_r100_f5	86	ancombc2	raw	0.789473684210526	0.266666666666667
spike_r100_f5	87	ancombc2	raw	0.6	0.0666666666666667
spike_r100_f5	88	ancombc2	raw	0.6	0.133333333333333
spike_r100_f5	89	ancombc2	raw	0.846153846153846	0.0666666666666667
spike_r100_f5	90	ancombc2	raw	0.789473684210526	0.133333333333333
spike_r100_f5	91	ancombc2	raw	0.75	0.166666666666667
spike_r100_f5	92	ancombc2	raw	0.666666666666667	0.333333333333333
spike_r100_f5	93	ancombc2	raw	0.769230769230769	0.1
spike_r100_f5	94	ancombc2	raw	0.804878048780488	0.266666666666667
spike_r100_f5	95	ancombc2	raw	0.761904761904762	0.166666666666667
spike_r100_f5	96	ancombc2	raw	0.727272727272727	0.2
spike_r100_f5	97	ancombc2	raw	0.75	0.166666666666667
spike_r100_f5	98	ancombc2	raw	0.714285714285714	0.0666666666666667
spike_r100_f5	99	ancombc2	raw	0.88235294117647	0.0666666666666667
spike_r100_f5	100	ancombc2	raw	0.826086956521739	0.133333333333333
spike_r100_f5	1	maaslin3	rarefied	0	0.0333333333333333
spike_r100_f5	2	maaslin3	rarefied	0	0
spike_r100_f5	3	maaslin3	rarefied	0	0
spike_r100_f5	4	maaslin3	rarefied	0	0
spike_r100_f5	5	maaslin3	rarefied	0	0
spike_r100_f5	6	maaslin3	rarefied	0	0.0333333333333333
spike_r100_f5	7	maaslin3	rarefied	0	0
spike_r100_f5	8	maaslin3	rarefied	0	0
spike_r100_f5	9	maaslin3	rarefied	0	0
spike_r100_f5	10	maaslin3	rarefied	0	0
spike_r100_f5	11	maaslin3	rarefied	0	0.0333333333333333
spike_r100_f5	12	maaslin3	rarefied	0	0.0333333333333333
spike_r100_f5	13	maaslin3	rarefied	0.5	0.0333333333333333
spike_r100_f5	14	maaslin3	rarefied	0	0
spike_r100_f5	15	maaslin3	rarefied	0	0
spike_r100_f5	16	maaslin3	rarefied	0	0
spike_r100_f5	17	maaslin3	rarefied	1	0
spike_r100_f5	18	maaslin3	rarefied	0	0
spike_r100_f5	19	maaslin3	rarefied	0	0
spike_r100_f5	20	maaslin3	rarefied	0	0.0333333333333333
spike_r100_f5	21	maaslin3	rarefied	0	0.0333333333333333
spike_r100_f5	22	maaslin3	rarefied	0	0.0333333333333333
spike_r100_f5	23	maaslin3	rarefied	0	0
spike_r100_f5	24	maaslin3	rarefied	0	0
spike_r100_f5	25	maaslin3	rarefied	0	0
spike_r100_f5	26	maaslin3	rarefied	0	0
spike_r100_f5	27	maaslin3	rarefied	0	0.0333333333333333
spike_r100_f5	28	maaslin3	rarefied	0	0
spike_r100_f5	29	maaslin3	rarefied	0	0.0333333333333333
spike_r100_f5	30	maaslin3	rarefied	0	0
spike_r100_f5	31	maaslin3	rarefied	0	0
spike_r100_f5	32	maaslin3	rarefied	0	0
spike_r100_f5	33	maaslin3	rarefied	0	0
spike_r100_f5	34	maaslin3	rarefied	0	0
spike_r100_f5	35	maaslin3	rarefied	0	0.0666666666666667
spike_r100_f5	36	maaslin3	rarefied	0	0
spike_r100_f5	37	maaslin3	rarefied	0	0
spike_r100_f5	38	maaslin3	rarefied	0	0
spike_r100_f5	39	maaslin3	rarefied	0	0
spike_r100_f5	40	maaslin3	rarefied	0	0
spike_r100_f5	41	maaslin3	rarefied	0	0
spike_r100_f5	42	maaslin3	rarefied	0	0
spike_r100_f5	43	maaslin3	rarefied	0.5	0.0333333333333333
spike_r100_f5	44	maaslin3	rarefied	0	0
spike_r100_f5	45	maaslin3	rarefied	0	0
spike_r100_f5	46	maaslin3	rarefied	0	0.0333333333333333
spike_r100_f5	47	maaslin3	rarefied	0	0
spike_r100_f5	48	maaslin3	rarefied	0.333333333333333	0.0666666666666667
spike_r100_f5	49	maaslin3	rarefied	0	0
spike_r100_f5	50	maaslin3	rarefied	0	0
spike_r100_f5	51	maaslin3	rarefied	0	0
spike_r100_f5	52	maaslin3	rarefied	0	0
spike_r100_f5	53	maaslin3	rarefied	0	0
spike_r100_f5	54	maaslin3	rarefied	0	0.0333333333333333
spike_r100_f5	55	maaslin3	rarefied	0	0
spike_r100_f5	56	maaslin3	rarefied	0.333333333333333	0.0666666666666667
spike_r100_f5	57	maaslin3	rarefied	0	0.0333333333333333
spike_r100_f5	58	maaslin3	rarefied	0	0
spike_r100_f5	59	maaslin3	rarefied	0	0.0333333333333333
spike_r100_f5	60	maaslin3	rarefied	0	0.0333333333333333
spike_r100_f5	61	maaslin3	rarefied	0	0.0333333333333333
spike_r100_f5	62	maaslin3	rarefied	0	0
spike_r100_f5	63	maaslin3	rarefied	0	0
spike_r100_f5	64	maaslin3	rarefied	0	0
spike_r100_f5	65	maaslin3	rarefied	0	0
spike_r100_f5	66	maaslin3	rarefied	0	0.0333333333333333
spike_r100_f5	67	maaslin3	rarefied	0	0.0333333333333333
spike_r100_f5	68	maaslin3	rarefied	0	0.0333333333333333
spike_r100_f5	69	maaslin3	rarefied	0	0
spike_r100_f5	70	maaslin3	rarefied	0	0
spike_r100_f5	71	maaslin3	rarefied	0	0.0333333333333333
spike_r100_f5	72	maaslin3	rarefied	0	0.0333333333333333
spike_r100_f5	73	maaslin3	rarefied	0	0
spike_r100_f5	74	maaslin3	rarefied	0	0.0333333333333333
spike_r100_f5	75	maaslin3	rarefied	0	0
spike_r100_f5	76	maaslin3	rarefied	0	0
spike_r100_f5	77	maaslin3	rarefied	0	0
spike_r100_f5	78	maaslin3	rarefied	0	0
spike_r100_f5	79	maaslin3	rarefied	0	0
spike_r100_f5	80	maaslin3	rarefied	0	0
spike_r100_f5	81	maaslin3	rarefied	0	0
spike_r100_f5	82	maaslin3	rarefied	0	0
spike_r100_f5	83	maaslin3	rarefied	0	0.1
spike_r100_f5	84	maaslin3	rarefied	0	0
spike_r100_f5	85	maaslin3	rarefied	0	0
spike_r100_f5	86	maaslin3	rarefied	0	0
spike_r100_f5	87	maaslin3	rarefied	0	0.0333333333333333
spike_r100_f5	88	maaslin3	rarefied	1	0
spike_r100_f5	89	maaslin3	rarefied	0	0
spike_r100_f5	90	maaslin3	rarefied	0	0
spike_r100_f5	91	maaslin3	rarefied	0	0.0333333333333333
spike_r100_f5	92	maaslin3	rarefied	0	0
spike_r100_f5	93	maaslin3	rarefied	0	0
spike_r100_f5	94	maaslin3	rarefied	0	0.0333333333333333
spike_r100_f5	95	maaslin3	rarefied	0	0.0333333333333333
spike_r100_f5	96	maaslin3	rarefied	0	0
spike_r100_f5	97	maaslin3	rarefied	0	0.0333333333333333
spike_r100_f5	98	maaslin3	rarefied	0	0
spike_r100_f5	99	maaslin3	rarefied	0	0
spike_r100_f5	100	maaslin3	rarefied	0	0
spike_r100_f5	1	maaslin3	raw	1	0
spike_r100_f5	2	maaslin3	raw	1	0
spike_r100_f5	3	maaslin3	raw	0.833333333333333	0.0333333333333333
spike_r100_f5	4	maaslin3	raw	0.5	0.1
spike_r100_f5	5	maaslin3	raw	1	0
spike_r100_f5	6	maaslin3	raw	0.8	0.0333333333333333
spike_r100_f5	7	maaslin3	raw	1	0
spike_r100_f5	8	maaslin3	raw	0.714285714285714	0.0666666666666667
spike_r100_f5	9	maaslin3	raw	1	0
spike_r100_f5	10	maaslin3	raw	1	0
spike_r100_f5	11	maaslin3	raw	0.833333333333333	0.0333333333333333
spike_r100_f5	12	maaslin3	raw	0.714285714285714	0.0666666666666667
spike_r100_f5	13	maaslin3	raw	0.75	0.0333333333333333
spike_r100_f5	14	maaslin3	raw	1	0
spike_r100_f5	15	maaslin3	raw	1	0
spike_r100_f5	16	maaslin3	raw	0.75	0.0333333333333333
spike_r100_f5	17	maaslin3	raw	0.8	0.0333333333333333
spike_r100_f5	18	maaslin3	raw	1	0
spike_r100_f5	19	maaslin3	raw	0.666666666666667	0.0666666666666667
spike_r100_f5	20	maaslin3	raw	1	0
spike_r100_f5	21	maaslin3	raw	1	0
spike_r100_f5	22	maaslin3	raw	0.833333333333333	0.0333333333333333
spike_r100_f5	23	maaslin3	raw	1	0
spike_r100_f5	24	maaslin3	raw	1	0
spike_r100_f5	25	maaslin3	raw	1	0
spike_r100_f5	26	maaslin3	raw	1	0
spike_r100_f5	27	maaslin3	raw	1	0
spike_r100_f5	28	maaslin3	raw	1	0
spike_r100_f5	29	maaslin3	raw	1	0
spike_r100_f5	30	maaslin3	raw	0.833333333333333	0.0333333333333333
spike_r100_f5	31	maaslin3	raw	0.8	0.0333333333333333
spike_r100_f5	32	maaslin3	raw	1	0
spike_r100_f5	33	maaslin3	raw	1	0
spike_r100_f5	34	maaslin3	raw	1	0
spike_r100_f5	35	maaslin3	raw	1	0
spike_r100_f5	36	maaslin3	raw	0.833333333333333	0.0333333333333333
spike_r100_f5	37	maaslin3	raw	0.833333333333333	0.0333333333333333
spike_r100_f5	38	maaslin3	raw	1	0
spike_r100_f5	39	maaslin3	raw	1	0
spike_r100_f5	40	maaslin3	raw	1	0
spike_r100_f5	41	maaslin3	raw	1	0
spike_r100_f5	42	maaslin3	raw	0.875	0.0333333333333333
spike_r100_f5	43	maaslin3	raw	0.555555555555556	0.133333333333333
spike_r100_f5	44	maaslin3	raw	0.75	0.0333333333333333
spike_r100_f5	45	maaslin3	raw	0.846153846153846	0.0666666666666667
spike_r100_f5	46	maaslin3	raw	1	0
spike_r100_f5	47	maaslin3	raw	1	0
spike_r100_f5	48	maaslin3	raw	0.75	0.0333333333333333
spike_r100_f5	49	maaslin3	raw	0.4	0.1
spike_r100_f5	50	maaslin3	raw	1	0
spike_r100_f5	51	maaslin3	raw	1	0
spike_r100_f5	52	maaslin3	raw	0.8	0.0333333333333333
spike_r100_f5	53	maaslin3	raw	1	0
spike_r100_f5	54	maaslin3	raw	1	0
spike_r100_f5	55	maaslin3	raw	1	0
spike_r100_f5	56	maaslin3	raw	1	0
spike_r100_f5	57	maaslin3	raw	0.75	0.0333333333333333
spike_r100_f5	58	maaslin3	raw	1	0
spike_r100_f5	59	maaslin3	raw	1	0
spike_r100_f5	60	maaslin3	raw	1	0
spike_r100_f5	61	maaslin3	raw	0.777777777777778	0.0666666666666667
spike_r100_f5	62	maaslin3	raw	0.666666666666667	0.0666666666666667
spike_r100_f5	63	maaslin3	raw	0.833333333333333	0.0333333333333333
spike_r100_f5	64	maaslin3	raw	1	0
spike_r100_f5	65	maaslin3	raw	0.833333333333333	0.0333333333333333
spike_r100_f5	66	maaslin3	raw	0.666666666666667	0.0666666666666667
spike_r100_f5	67	maaslin3	raw	0.571428571428571	0.1
spike_r100_f5	68	maaslin3	raw	1	0
spike_r100_f5	69	maaslin3	raw	1	0
spike_r100_f5	70	maaslin3	raw	0.888888888888889	0.0333333333333333
spike_r100_f5	71	maaslin3	raw	0.833333333333333	0.0333333333333333
spike_r100_f5	72	maaslin3	raw	0.6	0.0666666666666667
spike_r100_f5	73	maaslin3	raw	0.8	0.0333333333333333
spike_r100_f5	74	maaslin3	raw	0.8	0.0333333333333333
spike_r100_f5	75	maaslin3	raw	1	0
spike_r100_f5	76	maaslin3	raw	0.8	0.0333333333333333
spike_r100_f5	77	maaslin3	raw	0.8	0.0333333333333333
spike_r100_f5	78	maaslin3	raw	0.833333333333333	0.0333333333333333
spike_r100_f5	79	maaslin3	raw	0.8	0.0333333333333333
spike_r100_f5	80	maaslin3	raw	0.833333333333333	0.0333333333333333
spike_r100_f5	81	maaslin3	raw	1	0
spike_r100_f5	82	maaslin3	raw	0.5	0.1
spike_r100_f5	83	maaslin3	raw	0.833333333333333	0.0333333333333333
spike_r100_f5	84	maaslin3	raw	0.8	0.0333333333333333
spike_r100_f5	85	maaslin3	raw	0.8	0.0333333333333333
spike_r100_f5	86	maaslin3	raw	1	0
spike_r100_f5	87	maaslin3	raw	1	0
spike_r100_f5	88	maaslin3	raw	0.666666666666667	0.0333333333333333
spike_r100_f5	89	maaslin3	raw	1	0
spike_r100_f5	90	maaslin3	raw	1	0
spike_r100_f5	91	maaslin3	raw	0.625	0.1
spike_r100_f5	92	maaslin3	raw	1	0
spike_r100_f5	93	maaslin3	raw	0.625	0.1
spike_r100_f5	94	maaslin3	raw	0.8	0.0333333333333333
spike_r100_f5	95	maaslin3	raw	0.571428571428571	0.1
spike_r100_f5	96	maaslin3	raw	1	0
spike_r100_f5	97	maaslin3	raw	0.75	0.0333333333333333
spike_r100_f5	98	maaslin3	raw	1	0
spike_r100_f5	99	maaslin3	raw	0.8	0.0333333333333333
spike_r100_f5	100	maaslin3	raw	0.8	0.0333333333333333
spike_r10_f3	1	ancombc2	rarefied	0.836734693877551	0.266666666666667
spike_r10_f3	2	ancombc2	rarefied	0.883720930232558	0.166666666666667
spike_r10_f3	3	ancombc2	rarefied	0.870967741935484	0.266666666666667
spike_r10_f3	4	ancombc2	rarefied	0.759259259259259	0.433333333333333
spike_r10_f3	5	ancombc2	rarefied	0.871794871794872	0.166666666666667
spike_r10_f3	6	ancombc2	rarefied	0.853658536585366	0.2
spike_r10_f3	7	ancombc2	rarefied	0.85	0.2
spike_r10_f3	8	ancombc2	rarefied	0.88135593220339	0.233333333333333
spike_r10_f3	9	ancombc2	rarefied	0.739130434782609	0.4
spike_r10_f3	10	ancombc2	rarefied	0.848484848484849	0.166666666666667
spike_r10_f3	11	ancombc2	rarefied	0.880597014925373	0.266666666666667
spike_r10_f3	12	ancombc2	rarefied	0.881578947368421	0.3
spike_r10_f3	13	ancombc2	rarefied	0.866666666666667	0.133333333333333
spike_r10_f3	14	ancombc2	rarefied	0.868421052631579	0.166666666666667
spike_r10_f3	15	ancombc2	rarefied	0.909090909090909	0.133333333333333
spike_r10_f3	16	ancombc2	rarefied	0.888888888888889	0.266666666666667
spike_r10_f3	17	ancombc2	rarefied	0.873239436619718	0.3
spike_r10_f3	18	ancombc2	rarefied	0.806451612903226	0.2
spike_r10_f3	19	ancombc2	rarefied	0.80952380952381	0.266666666666667
spike_r10_f3	20	ancombc2	rarefied	0.861111111111111	0.166666666666667
spike_r10_f3	21	ancombc2	rarefied	0.923076923076923	0.1
spike_r10_f3	22	ancombc2	rarefied	0.829787234042553	0.266666666666667
spike_r10_f3	23	ancombc2	rarefied	0.880952380952381	0.166666666666667
spike_r10_f3	24	ancombc2	rarefied	0.848484848484849	0.166666666666667
spike_r10_f3	25	ancombc2	rarefied	0.789473684210526	0.266666666666667
spike_r10_f3	26	ancombc2	rarefied	0.843137254901961	0.266666666666667
spike_r10_f3	27	ancombc2	rarefied	0.864406779661017	0.266666666666667
spike_r10_f3	28	ancombc2	rarefied	0.666666666666667	0.233333333333333
spike_r10_f3	29	ancombc2	rarefied	0.941176470588235	0.1
spike_r10_f3	30	ancombc2	rarefied	0.788461538461538	0.366666666666667
spike_r10_f3	31	ancombc2	rarefied	0.854838709677419	0.3
spike_r10_f3	32	ancombc2	rarefied	0.878787878787879	0.133333333333333
spike_r10_f3	33	ancombc2	rarefied	0.852459016393443	0.3
spike_r10_f3	34	ancombc2	rarefied	0.847457627118644	0.3
spike_r10_f3	35	ancombc2	rarefied	0.846153846153846	0.2
spike_r10_f3	36	ancombc2	rarefied	0.846153846153846	0.2
spike_r10_f3	37	ancombc2	rarefied	0.818181818181818	0.4
spike_r10_f3	38	ancombc2	rarefied	0.826086956521739	0.133333333333333
spike_r10_f3	39	ancombc2	rarefied	0.833333333333333	0.266666666666667
spike_r10_f3	40	ancombc2	rarefied	0.771428571428571	0.266666666666667
spike_r10_f3	41	ancombc2	rarefied	0.8	0.3
spike_r10_f3	42	ancombc2	rarefied	0.82089552238806	0.4
spike_r10_f3	43	ancombc2	rarefied	0.861538461538462	0.3
spike_r10_f3	44	ancombc2	rarefied	0.814814814814815	0.333333333333333
spike_r10_f3	45	ancombc2	rarefied	0.82051282051282	0.233333333333333
spike_r10_f3	46	ancombc2	rarefied	0.714285714285714	0.266666666666667
spike_r10_f3	47	ancombc2	rarefied	0.869565217391304	0.2
spike_r10_f3	48	ancombc2	rarefied	0.921052631578947	0.1
spike_r10_f3	49	ancombc2	rarefied	0.885245901639344	0.233333333333333
spike_r10_f3	50	ancombc2	rarefied	0.789473684210526	0.266666666666667
spike_r10_f3	51	ancombc2	rarefied	0.923076923076923	0.1
spike_r10_f3	52	ancombc2	rarefied	0.821428571428571	0.333333333333333
spike_r10_f3	53	ancombc2	rarefied	0.829268292682927	0.233333333333333
spike_r10_f3	54	ancombc2	rarefied	0.928571428571429	0.1
spike_r10_f3	55	ancombc2	rarefied	0.958333333333333	0.0333333333333333
spike_r10_f3	56	ancombc2	rarefied	0.785714285714286	0.2
spike_r10_f3	57	ancombc2	rarefied	0.911111111111111	0.133333333333333
spike_r10_f3	58	ancombc2	rarefied	0.739130434782609	0.2
spike_r10_f3	59	ancombc2	rarefied	0.790697674418605	0.3
spike_r10_f3	60	ancombc2	rarefied	0.785714285714286	0.3
spike_r10_f3	61	ancombc2	rarefied	0.857142857142857	0.166666666666667
spike_r10_f3	62	ancombc2	rarefied	0.828571428571429	0.2
spike_r10_f3	63	ancombc2	rarefied	0.888888888888889	0.233333333333333
spike_r10_f3	64	ancombc2	rarefied	0.897435897435897	0.133333333333333
spike_r10_f3	65	ancombc2	rarefied	0.828571428571429	0.2
spike_r10_f3	66	ancombc2	rarefied	0.906976744186046	0.133333333333333
spike_r10_f3	67	ancombc2	rarefied	0.872727272727273	0.233333333333333
spike_r10_f3	68	ancombc2	rarefied	0.75	0.333333333333333
spike_r10_f3	69	ancombc2	rarefied	0.807692307692308	0.333333333333333
spike_r10_f3	70	ancombc2	rarefied	0.8	0.366666666666667
spike_r10_f3	71	ancombc2	rarefied	0.811320754716981	0.333333333333333
spike_r10_f3	72	ancombc2	rarefied	0.80952380952381	0.266666666666667
spike_r10_f3	73	ancombc2	rarefied	0.87719298245614	0.233333333333333
spike_r10_f3	74	ancombc2	rarefied	0.775	0.3
spike_r10_f3	75	ancombc2	rarefied	0.851851851851852	0.133333333333333
spike_r10_f3	76	ancombc2	rarefied	0.907692307692308	0.2
spike_r10_f3	77	ancombc2	rarefied	0.88	0.2
spike_r10_f3	78	ancombc2	rarefied	0.793103448275862	0.2
spike_r10_f3	79	ancombc2	rarefied	0.80952380952381	0.266666666666667
spike_r10_f3	80	ancombc2	rarefied	0.770833333333333	0.366666666666667
spike_r10_f3	81	ancombc2	rarefied	0.909090909090909	0.133333333333333
spike_r10_f3	82	ancombc2	rarefied	0.896551724137931	0.2
spike_r10_f3	83	ancombc2	rarefied	0.847826086956522	0.233333333333333
spike_r10_f3	84	ancombc2	rarefied	0.862068965517241	0.133333333333333
spike_r10_f3	85	ancombc2	rarefied	0.945454545454545	0.1
spike_r10_f3	86	ancombc2	rarefied	0.8	0.266666666666667
spike_r10_f3	87	ancombc2	rarefied	0.714285714285714	0.266666666666667
spike_r10_f3	88	ancombc2	rarefied	0.851851851851852	0.133333333333333
spike_r10_f3	89	ancombc2	rarefied	0.883720930232558	0.166666666666667
spike_r10_f3	90	ancombc2	rarefied	0.897435897435897	0.133333333333333
spike_r10_f3	91	ancombc2	rarefied	0.875	0.166666666666667
spike_r10_f3	92	ancombc2	rarefied	0.918367346938776	0.133333333333333
spike_r10_f3	93	ancombc2	rarefied	0.838709677419355	0.166666666666667
spike_r10_f3	94	ancombc2	rarefied	0.88235294117647	0.133333333333333
spike_r10_f3	95	ancombc2	rarefied	0.851851851851852	0.266666666666667
spike_r10_f3	96	ancombc2	rarefied	0.813559322033898	0.366666666666667
spike_r10_f3	97	ancombc2	rarefied	0.851851851851852	0.266666666666667
spike_r10_f3	98	ancombc2	rarefied	0.636363636363636	0.133333333333333
spike_r10_f3	99	ancombc2	rarefied	0.837209302325581	0.233333333333333
spike_r10_f3	100	ancombc2	rarefied	0.9	0.166666666666667
spike_r10_f3	101	ancombc2	rarefied	0.8125	0.3
spike_r10_f3	102	ancombc2	rarefied	0.804347826086957	0.3
spike_r10_f3	103	ancombc2	rarefied	0.837837837837838	0.2
spike_r10_f3	104	ancombc2	rarefied	0.964285714285714	0.0333333333333333
spike_r10_f3	105	ancombc2	rarefied	0.775	0.3
spike_r10_f3	106	ancombc2	rarefied	0.842105263157895	0.3
spike_r10_f3	107	ancombc2	rarefied	0.816326530612245	0.3
spike_r10_f3	108	ancombc2	rarefied	0.777777777777778	0.2
spike_r10_f3	109	ancombc2	rarefied	0.78125	0.233333333333333
spike_r10_f3	110	ancombc2	rarefied	0.883720930232558	0.166666666666667
spike_r10_f3	111	ancombc2	rarefied	0.888888888888889	0.1
spike_r10_f3	112	ancombc2	rarefied	0.8	0.2
spike_r10_f3	113	ancombc2	rarefied	0.896551724137931	0.1
spike_r10_f3	114	ancombc2	rarefied	0.901408450704225	0.233333333333333
spike_r10_f3	115	ancombc2	rarefied	0.816326530612245	0.3
spike_r10_f3	116	ancombc2	rarefied	0.765957446808511	0.366666666666667
spike_r10_f3	117	ancombc2	rarefied	0.842105263157895	0.2
spike_r10_f3	118	ancombc2	rarefied	0.923076923076923	0.133333333333333
spike_r10_f3	119	ancombc2	rarefied	0.803030303030303	0.433333333333333
spike_r10_f3	120	ancombc2	rarefied	0.789473684210526	0.266666666666667
spike_r10_f3	121	ancombc2	rarefied	0.875	0.2
spike_r10_f3	122	ancombc2	rarefied	0.893617021276596	0.166666666666667
spike_r10_f3	123	ancombc2	rarefied	0.82051282051282	0.233333333333333
spike_r10_f3	124	ancombc2	rarefied	0.888888888888889	0.266666666666667
spike_r10_f3	125	ancombc2	rarefied	0.895833333333333	0.166666666666667
spike_r10_f3	126	ancombc2	rarefied	0.805555555555556	0.233333333333333
spike_r10_f3	127	ancombc2	rarefied	0.85	0.3
spike_r10_f3	128	ancombc2	rarefied	0.816326530612245	0.3
spike_r10_f3	129	ancombc2	rarefied	0.893617021276596	0.166666666666667
spike_r10_f3	130	ancombc2	rarefied	0.810810810810811	0.233333333333333
spike_r10_f3	131	ancombc2	rarefied	0.80952380952381	0.266666666666667
spike_r10_f3	132	ancombc2	rarefied	0.833333333333333	0.366666666666667
spike_r10_f3	133	ancombc2	rarefied	0.859154929577465	0.333333333333333
spike_r10_f3	134	ancombc2	rarefied	0.871794871794872	0.166666666666667
spike_r10_f3	135	ancombc2	rarefied	0.791666666666667	0.333333333333333
spike_r10_f3	136	ancombc2	rarefied	0.891891891891892	0.133333333333333
spike_r10_f3	137	ancombc2	rarefied	0.905660377358491	0.333333333333333
spike_r10_f3	138	ancombc2	rarefied	0.896551724137931	0.2
spike_r10_f3	139	ancombc2	rarefied	0.916666666666667	0.166666666666667
spike_r10_f3	140	ancombc2	rarefied	0.862068965517241	0.266666666666667
spike_r10_f3	141	ancombc2	rarefied	0.872340425531915	0.2
spike_r10_f3	142	ancombc2	rarefied	0.857142857142857	0.266666666666667
spike_r10_f3	143	ancombc2	rarefied	0.8	0.3
spike_r10_f3	144	ancombc2	rarefied	0.803921568627451	0.333333333333333
spike_r10_f3	145	ancombc2	rarefied	0.903225806451613	0.1
spike_r10_f3	146	ancombc2	rarefied	0.806451612903226	0.4
spike_r10_f3	147	ancombc2	rarefied	0.935483870967742	0.0666666666666667
spike_r10_f3	148	ancombc2	rarefied	0.782608695652174	0.333333333333333
spike_r10_f3	149	ancombc2	rarefied	0.883720930232558	0.166666666666667
spike_r10_f3	150	ancombc2	rarefied	0.866666666666667	0.2
spike_r10_f3	1	ancombc2	raw	0.714285714285714	0.0666666666666667
spike_r10_f3	2	ancombc2	raw	1	0
spike_r10_f3	3	ancombc2	raw	0.794117647058823	0.233333333333333
spike_r10_f3	4	ancombc2	raw	0.891891891891892	0.133333333333333
spike_r10_f3	5	ancombc2	raw	0.827586206896552	0.166666666666667
spike_r10_f3	6	ancombc2	raw	1	0
spike_r10_f3	7	ancombc2	raw	0.857142857142857	0.1
spike_r10_f3	8	ancombc2	raw	0.833333333333333	0.166666666666667
spike_r10_f3	9	ancombc2	raw	0.647058823529412	0.2
spike_r10_f3	10	ancombc2	raw	0.848484848484849	0.166666666666667
spike_r10_f3	11	ancombc2	raw	0.826086956521739	0.133333333333333
spike_r10_f3	12	ancombc2	raw	0.666666666666667	0.0333333333333333
spike_r10_f3	13	ancombc2	raw	1	0
spike_r10_f3	14	ancombc2	raw	0	0
spike_r10_f3	15	ancombc2	raw	0.935483870967742	0.0666666666666667
spike_r10_f3	16	ancombc2	raw	0.823529411764706	0.1
spike_r10_f3	17	ancombc2	raw	0.8	0.2
spike_r10_f3	18	ancombc2	raw	0.75	0.133333333333333
spike_r10_f3	19	ancombc2	raw	0.8125	0.1
spike_r10_f3	20	ancombc2	raw	0.777777777777778	0.0666666666666667
spike_r10_f3	21	ancombc2	raw	0.888888888888889	0.0666666666666667
spike_r10_f3	22	ancombc2	raw	0.777777777777778	0.133333333333333
spike_r10_f3	23	ancombc2	raw	0.538461538461538	0.2
spike_r10_f3	24	ancombc2	raw	0.769230769230769	0.1
spike_r10_f3	25	ancombc2	raw	0.705882352941177	0.166666666666667
spike_r10_f3	26	ancombc2	raw	0.84	0.133333333333333
spike_r10_f3	27	ancombc2	raw	0.8125	0.1
spike_r10_f3	28	ancombc2	raw	0.6	0.2
spike_r10_f3	29	ancombc2	raw	0.842105263157895	0.4
spike_r10_f3	30	ancombc2	raw	0.741935483870968	0.266666666666667
spike_r10_f3	31	ancombc2	raw	0.85	0.1
spike_r10_f3	32	ancombc2	raw	0.857142857142857	0.0666666666666667
spike_r10_f3	33	ancombc2	raw	0.923076923076923	0.0333333333333333
spike_r10_f3	34	ancombc2	raw	0.888888888888889	0.0666666666666667
spike_r10_f3	35	ancombc2	raw	0.685714285714286	0.366666666666667
spike_r10_f3	36	ancombc2	raw	0.88235294117647	0.0666666666666667
spike_r10_f3	37	ancombc2	raw	0.692307692307692	0.133333333333333
spike_r10_f3	38	ancombc2	raw	0.75	0.133333333333333
spike_r10_f3	39	ancombc2	raw	0.857142857142857	0.0333333333333333
spike_r10_f3	40	ancombc2	raw	0.714285714285714	0.266666666666667
spike_r10_f3	41	ancombc2	raw	0.757575757575758	0.266666666666667
spike_r10_f3	42	ancombc2	raw	0.954545454545455	0.0333333333333333
spike_r10_f3	43	ancombc2	raw	0.730769230769231	0.233333333333333
spike_r10_f3	44	ancombc2	raw	0.84375	0.166666666666667
spike_r10_f3	45	ancombc2	raw	0.814814814814815	0.166666666666667
spike_r10_f3	46	ancombc2	raw	0.555555555555556	0.133333333333333
spike_r10_f3	47	ancombc2	raw	0.823529411764706	0.1
spike_r10_f3	48	ancombc2	raw	0.923076923076923	0.0333333333333333
spike_r10_f3	49	ancombc2	raw	0.868421052631579	0.166666666666667
spike_r10_f3	50	ancombc2	raw	0.84	0.133333333333333
spike_r10_f3	51	ancombc2	raw	0.722222222222222	0.166666666666667
spike_r10_f3	52	ancombc2	raw	0.885245901639344	0.233333333333333
spike_r10_f3	53	ancombc2	raw	0.75	0.166666666666667
spike_r10_f3	54	ancombc2	raw	0.75	0.2
spike_r10_f3	55	ancombc2	raw	0.947368421052632	0.0333333333333333
spike_r10_f3	56	ancombc2	raw	0.9	0.0333333333333333
spike_r10_f3	57	ancombc2	raw	0.914285714285714	0.1
spike_r10_f3	58	ancombc2	raw	0.863636363636364	0.1
spike_r10_f3	59	ancombc2	raw	0.857142857142857	0.0666666666666667
spike_r10_f3	60	ancombc2	raw	0.869565217391304	0.1
spike_r10_f3	61	ancombc2	raw	0.833333333333333	0.166666666666667
spike_r10_f3	62	ancombc2	raw	1	0
spike_r10_f3	63	ancombc2	raw	0.875	0.0333333333333333
spike_r10_f3	64	ancombc2	raw	0.904761904761905	0.0666666666666667
spike_r10_f3	65	ancombc2	raw	0.75	0.1
spike_r10_f3	66	ancombc2	raw	0.75	0.1
spike_r10_f3	67	ancombc2	raw	0.8125	0.1
spike_r10_f3	68	ancombc2	raw	0.825396825396825	0.366666666666667
spike_r10_f3	69	ancombc2	raw	0.857142857142857	0.133333333333333
spike_r10_f3	70	ancombc2	raw	0.818181818181818	0.333333333333333
spike_r10_f3	71	ancombc2	raw	0.838709677419355	0.166666666666667
spike_r10_f3	72	ancombc2	raw	0.823529411764706	0.1
spike_r10_f3	73	ancombc2	raw	0.88235294117647	0.0666666666666667
spike_r10_f3	74	ancombc2	raw	0.923076923076923	0.0666666666666667
spike_r10_f3	75	ancombc2	raw	0.833333333333333	0.0666666666666667
spike_r10_f3	76	ancombc2	raw	0.833333333333333	0.0666666666666667
spike_r10_f3	77	ancombc2	raw	0.740740740740741	0.233333333333333
spike_r10_f3	78	ancombc2	raw	0.571428571428571	0.1
spike_r10_f3	79	ancombc2	raw	0.764705882352941	0.133333333333333
spike_r10_f3	80	ancombc2	raw	0.818181818181818	0.0666666666666667
spike_r10_f3	81	ancombc2	raw	0.866666666666667	0.133333333333333
spike_r10_f3	82	ancombc2	raw	1	0
spike_r10_f3	83	ancombc2	raw	0.972222222222222	0.0333333333333333
spike_r10_f3	84	ancombc2	raw	0.8	0.166666666666667
spike_r10_f3	85	ancombc2	raw	0.96	0.0333333333333333
spike_r10_f3	86	ancombc2	raw	0.95	0.0333333333333333
spike_r10_f3	87	ancombc2	raw	0.857142857142857	0.1
spike_r10_f3	88	ancombc2	raw	0.833333333333333	0.0666666666666667
spike_r10_f3	89	ancombc2	raw	0.894736842105263	0.2
spike_r10_f3	90	ancombc2	raw	0.777777777777778	0.0666666666666667
spike_r10_f3	91	ancombc2	raw	0.777777777777778	0.0666666666666667
spike_r10_f3	92	ancombc2	raw	0.962962962962963	0.0333333333333333
spike_r10_f3	93	ancombc2	raw	0.888888888888889	0.0666666666666667
spike_r10_f3	94	ancombc2	raw	0.647058823529412	0.2
spike_r10_f3	95	ancombc2	raw	0.772727272727273	0.166666666666667
spike_r10_f3	96	ancombc2	raw	0.84	0.133333333333333
spike_r10_f3	97	ancombc2	raw	0.777777777777778	0.133333333333333
spike_r10_f3	98	ancombc2	raw	0.714285714285714	0.133333333333333
spike_r10_f3	99	ancombc2	raw	0.761904761904762	0.166666666666667
spike_r10_f3	100	ancombc2	raw	1	0
spike_r10_f3	101	ancombc2	raw	1	0
spike_r10_f3	102	ancombc2	raw	0.833333333333333	0.1
spike_r10_f3	103	ancombc2	raw	0.869565217391304	0.1
spike_r10_f3	104	ancombc2	raw	0.875	0.0666666666666667
spike_r10_f3	105	ancombc2	raw	0.714285714285714	0.2
spike_r10_f3	106	ancombc2	raw	0.727272727272727	0.3
spike_r10_f3	107	ancombc2	raw	0.75	0.166666666666667
spike_r10_f3	108	ancombc2	raw	0.8	0.0333333333333333
spike_r10_f3	109	ancombc2	raw	0.794871794871795	0.266666666666667
spike_r10_f3	110	ancombc2	raw	0.769230769230769	0.2
spike_r10_f3	111	ancombc2	raw	0.863636363636364	0.1
spike_r10_f3	112	ancombc2	raw	0.777777777777778	0.133333333333333
spike_r10_f3	113	ancombc2	raw	0.826086956521739	0.133333333333333
spike_r10_f3	114	ancombc2	raw	1	0
spike_r10_f3	115	ancombc2	raw	0.904761904761905	0.0666666666666667
spike_r10_f3	116	ancombc2	raw	0.666666666666667	0.166666666666667
spike_r10_f3	117	ancombc2	raw	0.869565217391304	0.1
spike_r10_f3	118	ancombc2	raw	0.869565217391304	0.1
spike_r10_f3	119	ancombc2	raw	0.80952380952381	0.133333333333333
spike_r10_f3	120	ancombc2	raw	0.789473684210526	0.133333333333333
spike_r10_f3	121	ancombc2	raw	0.909090909090909	0.0333333333333333
spike_r10_f3	122	ancombc2	raw	0.871794871794872	0.166666666666667
spike_r10_f3	123	ancombc2	raw	0.923076923076923	0.0333333333333333
spike_r10_f3	124	ancombc2	raw	0.894736842105263	0.266666666666667
spike_r10_f3	125	ancombc2	raw	0.923076923076923	0.0666666666666667
spike_r10_f3	126	ancombc2	raw	0.789473684210526	0.133333333333333
spike_r10_f3	127	ancombc2	raw	0.842105263157895	0.2
spike_r10_f3	128	ancombc2	raw	0.8	0.1
spike_r10_f3	129	ancombc2	raw	0.96	0.0333333333333333
spike_r10_f3	130	ancombc2	raw	0.869565217391304	0.2
spike_r10_f3	131	ancombc2	raw	0.714285714285714	0.133333333333333
spike_r10_f3	132	ancombc2	raw	0.764705882352941	0.133333333333333
spike_r10_f3	133	ancombc2	raw	0.818181818181818	0.133333333333333
spike_r10_f3	134	ancombc2	raw	0.888888888888889	0.0333333333333333
spike_r10_f3	135	ancombc2	raw	0.827586206896552	0.166666666666667
spike_r10_f3	136	ancombc2	raw	0.8125	0.1
spike_r10_f3	137	ancombc2	raw	0.828571428571429	0.2
spike_r10_f3	138	ancombc2	raw	0.72	0.233333333333333
spike_r10_f3	139	ancombc2	raw	1	0
spike_r10_f3	140	ancombc2	raw	0.873015873015873	0.266666666666667
spike_r10_f3	141	ancombc2	raw	0.892857142857143	0.1
spike_r10_f3	142	ancombc2	raw	0.772727272727273	0.166666666666667
spike_r10_f3	143	ancombc2	raw	0.869565217391304	0.1
spike_r10_f3	144	ancombc2	raw	0.75	0.133333333333333
spike_r10_f3	145	ancombc2	raw	0.901639344262295	0.2
spike_r10_f3	146	ancombc2	raw	0.833333333333333	0.166666666666667
spike_r10_f3	147	ancombc2	raw	0.941176470588235	0.0333333333333333
spike_r10_f3	148	ancombc2	raw	0.772727272727273	0.166666666666667
spike_r10_f3	149	ancombc2	raw	0.8	0.166666666666667
spike_r10_f3	150	ancombc2	raw	0.8	0.166666666666667
spike_r10_f3	1	maaslin3	rarefied	0	0
spike_r10_f3	2	maaslin3	rarefied	1	0
spike_r10_f3	3	maaslin3	rarefied	0	0
spike_r10_f3	4	maaslin3	rarefied	0	0
spike_r10_f3	5	maaslin3	rarefied	0	0
spike_r10_f3	6	maaslin3	rarefied	0	0
spike_r10_f3	7	maaslin3	rarefied	0	0
spike_r10_f3	8	maaslin3	rarefied	0	0
spike_r10_f3	9	maaslin3	rarefied	0	0.0333333333333333
spike_r10_f3	10	maaslin3	rarefied	1	0
spike_r10_f3	11	maaslin3	rarefied	0	0
spike_r10_f3	12	maaslin3	rarefied	0	0
spike_r10_f3	13	maaslin3	rarefied	1	0
spike_r10_f3	14	maaslin3	rarefied	0	0
spike_r10_f3	15	maaslin3	rarefied	0	0
spike_r10_f3	16	maaslin3	rarefied	0	0
spike_r10_f3	17	maaslin3	rarefied	0	0
spike_r10_f3	18	maaslin3	rarefied	0	0.0666666666666667
spike_r10_f3	19	maaslin3	rarefied	0	0
spike_r10_f3	20	maaslin3	rarefied	0	0
spike_r10_f3	21	maaslin3	rarefied	0.5	0.0333333333333333
spike_r10_f3	22	maaslin3	rarefied	0	0
spike_r10_f3	23	maaslin3	rarefied	0	0
spike_r10_f3	24	maaslin3	rarefied	0	0
spike_r10_f3	25	maaslin3	rarefied	0	0.0333333333333333
spike_r10_f3	26	maaslin3	rarefied	0	0.0333333333333333
spike_r10_f3	27	maaslin3	rarefied	0.5	0.0333333333333333
spike_r10_f3	28	maaslin3	rarefied	0	0
spike_r10_f3	29	maaslin3	rarefied	0	0
spike_r10_f3	30	maaslin3	rarefied	0	0
spike_r10_f3	31	maaslin3	rarefied	0	0
spike_r10_f3	32	maaslin3	rarefied	0	0
spike_r10_f3	33	maaslin3	rarefied	0	0
spike_r10_f3	34	maaslin3	rarefied	0	0
spike_r10_f3	35	maaslin3	rarefied	0	0
spike_r10_f3	36	maaslin3	rarefied	0	0
spike_r10_f3	37	maaslin3	rarefied	0	0
spike_r10_f3	38	maaslin3	rarefied	0	0.0333333333333333
spike_r10_f3	39	maaslin3	rarefied	0.5	0.0333333333333333
spike_r10_f3	40	maaslin3	rarefied	0	0
spike_r10_f3	41	maaslin3	rarefied	0	0
spike_r10_f3	42	maaslin3	rarefied	0	0.0333333333333333
spike_r10_f3	43	maaslin3	rarefied	0	0.0333333333333333
spike_r10_f3	44	maaslin3	rarefied	0	0.0333333333333333
spike_r10_f3	45	maaslin3	rarefied	0	0
spike_r10_f3	46	maaslin3	rarefied	0	0
spike_r10_f3	47	maaslin3	rarefied	0	0
spike_r10_f3	48	maaslin3	rarefied	0	0
spike_r10_f3	49	maaslin3	rarefied	0	0
spike_r10_f3	50	maaslin3	rarefied	0	0.0333333333333333
spike_r10_f3	51	maaslin3	rarefied	0	0
spike_r10_f3	52	maaslin3	rarefied	0	0
spike_r10_f3	53	maaslin3	rarefied	0	0
spike_r10_f3	54	maaslin3	rarefied	0	0
spike_r10_f3	55	maaslin3	rarefied	0	0
spike_r10_f3	56	maaslin3	rarefied	0	0
spike_r10_f3	57	maaslin3	rarefied	0	0
spike_r10_f3	58	maaslin3	rarefied	0	0.0333333333333333
spike_r10_f3	59	maaslin3	rarefied	0	0.0333333333333333
spike_r10_f3	60	maaslin3	rarefied	0	0
spike_r10_f3	61	maaslin3	rarefied	0	0
spike_r10_f3	62	maaslin3	rarefied	0	0.0333333333333333
spike_r10_f3	63	maaslin3	rarefied	0	0
spike_r10_f3	64	maaslin3	rarefied	0	0
spike_r10_f3	65	maaslin3	rarefied	0	0
spike_r10_f3	66	maaslin3	rarefied	0	0
spike_r10_f3	67	maaslin3	rarefied	0	0.0333333333333333
spike_r10_f3	68	maaslin3	rarefied	0	0
spike_r10_f3	69	maaslin3	rarefied	1	0
spike_r10_f3	70	maaslin3	rarefied	0	0.0333333333333333
spike_r10_f3	71	maaslin3	rarefied	0	0
spike_r10_f3	72	maaslin3	rarefied	0	0
spike_r10_f3	73	maaslin3	rarefied	0	0
spike_r10_f3	74	maaslin3	rarefied	0	0.0333333333333333
spike_r10_f3	75	maaslin3	rarefied	0	0
spike_r10_f3	76	maaslin3	rarefied	0	0
spike_r10_f3	77	maaslin3	rarefied	0	0
spike_r10_f3	78	maaslin3	rarefied	0	0
spike_r10_f3	79	maaslin3	rarefied	0	0
spike_r10_f3	80	maaslin3	rarefied	0	0
spike_r10_f3	81	maaslin3	rarefied	0	0
spike_r10_f3	82	maaslin3	rarefied	0	0
spike_r10_f3	83	maaslin3	rarefied	0	0
spike_r10_f3	84	maaslin3	rarefied	0	0
spike_r10_f3	85	maaslin3	rarefied	0	0
spike_r10_f3	86	maaslin3	rarefied	0	0
spike_r10_f3	87	maaslin3	rarefied	0	0.0333333333333333
spike_r10_f3	88	maaslin3	rarefied	0	0
spike_r10_f3	89	maaslin3	rarefied	0	0
spike_r10_f3	90	maaslin3	rarefied	0	0
spike_r10_f3	91	maaslin3	rarefied	0	0.0333333333333333
spike_r10_f3	92	maaslin3	rarefied	0	0
spike_r10_f3	93	maaslin3	rarefied	0	0
spike_r10_f3	94	maaslin3	rarefied	0	0
spike_r10_f3	95	maaslin3	rarefied	0	0
spike_r10_f3	96	maaslin3	rarefied	0	0.0666666666666667
spike_r10_f3	97	maaslin3	rarefied	0.333333333333333	0.0666666666666667
spike_r10_f3	98	maaslin3	rarefied	0	0
spike_r10_f3	99	maaslin3	rarefied	0	0
spike_r10_f3	100	maaslin3	rarefied	0	0.0333333333333333
spike_r10_f3	101	maaslin3	rarefied	0	0.0333333333333333
spike_r10_f3	102	maaslin3	rarefied	0	0
spike_r10_f3	103	maaslin3	rarefied	0	0
spike_r10_f3	104	maaslin3	rarefied	0	0
spike_r10_f3	105	maaslin3	rarefied	0	0
spike_r10_f3	106	maaslin3	rarefied	0	0
spike_r10_f3	107	maaslin3	rarefied	0	0
spike_r10_f3	108	maaslin3	rarefied	0	0
spike_r10_f3	109	maaslin3	rarefied	0	0.0666666666666667
spike_r10_f3	110	maaslin3	rarefied	0	0
spike_r10_f3	111	maaslin3	rarefied	0	0
spike_r10_f3	112	maaslin3	rarefied	0	0
spike_r10_f3	113	maaslin3	rarefied	0	0
spike_r10_f3	114	maaslin3	rarefied	1	0
spike_r10_f3	115	maaslin3	rarefied	0	0.0333333333333333
spike_r10_f3	116	maaslin3	rarefied	0	0.0333333333333333
spike_r10_f3	117	maaslin3	rarefied	0	0
spike_r10_f3	118	maaslin3	rarefied	0	0
spike_r10_f3	119	maaslin3	rarefied	0	0
spike_r10_f3	120	maaslin3	rarefied	0	0
spike_r10_f3	121	maaslin3	rarefied	0	0
spike_r10_f3	122	maaslin3	rarefied	0	0.0333333333333333
spike_r10_f3	123	maaslin3	rarefied	1	0
spike_r10_f3	124	maaslin3	rarefied	0	0
spike_r10_f3	125	maaslin3	rarefied	0	0
spike_r10_f3	126	maaslin3	rarefied	0	0
spike_r10_f3	127	maaslin3	rarefied	0	0
spike_r10_f3	128	maaslin3	rarefied	0	0
spike_r10_f3	129	maaslin3	rarefied	0	0.0666666666666667
spike_r10_f3	130	maaslin3	rarefied	0	0
spike_r10_f3	131	maaslin3	rarefied	0	0
spike_r10_f3	132	maaslin3	rarefied	0	0
spike_r10_f3	133	maaslin3	rarefied	0	0.0333333333333333
spike_r10_f3	134	maaslin3	rarefied	0	0
spike_r10_f3	135	maaslin3	rarefied	0	0
spike_r10_f3	136	maaslin3	rarefied	0	0.0333333333333333
spike_r10_f3	137	maaslin3	rarefied	0	0
spike_r10_f3	138	maaslin3	rarefied	0	0
spike_r10_f3	139	maaslin3	rarefied	0	0.0333333333333333
spike_r10_f3	140	maaslin3	rarefied	0	0.0333333333333333
spike_r10_f3	141	maaslin3	rarefied	0	0.0333333333333333
spike_r10_f3	142	maaslin3	rarefied	0	0
spike_r10_f3	143	maaslin3	rarefied	0.5	0.0333333333333333
spike_r10_f3	144	maaslin3	rarefied	0	0
spike_r10_f3	145	maaslin3	rarefied	0	0
spike_r10_f3	146	maaslin3	rarefied	0	0.0333333333333333
spike_r10_f3	147	maaslin3	rarefied	0	0
spike_r10_f3	148	maaslin3	rarefied	0	0
spike_r10_f3	149	maaslin3	rarefied	0	0
spike_r10_f3	150	maaslin3	rarefied	0	0
spike_r10_f3	1	maaslin3	raw	1	0
spike_r10_f3	2	maaslin3	raw	1	0
spike_r10_f3	3	maaslin3	raw	1	0
spike_r10_f3	4	maaslin3	raw	1	0
spike_r10_f3	5	maaslin3	raw	0.75	0.0333333333333333
spike_r10_f3	6	maaslin3	raw	1	0
spike_r10_f3	7	maaslin3	raw	1	0
spike_r10_f3	8	maaslin3	raw	0.666666666666667	0.0333333333333333
spike_r10_f3	9	maaslin3	raw	0.5	0.0333333333333333
spike_r10_f3	10	maaslin3	raw	1	0
spike_r10_f3	11	maaslin3	raw	1	0
spike_r10_f3	12	maaslin3	raw	1	0
spike_r10_f3	13	maaslin3	raw	1	0
spike_r10_f3	14	maaslin3	raw	1	0
spike_r10_f3	15	maaslin3	raw	1	0
spike_r10_f3	16	maaslin3	raw	1	0
spike_r10_f3	17	maaslin3	raw	1	0
spike_r10_f3	18	maaslin3	raw	0.5	0.0333333333333333
spike_r10_f3	19	maaslin3	raw	1	0
spike_r10_f3	20	maaslin3	raw	1	0
spike_r10_f3	21	maaslin3	raw	1	0
spike_r10_f3	22	maaslin3	raw	1	0
spike_r10_f3	23	maaslin3	raw	1	0
spike_r10_f3	24	maaslin3	raw	1	0
spike_r10_f3	25	maaslin3	raw	0.5	0.0333333333333333
spike_r10_f3	26	maaslin3	raw	0.5	0.0333333333333333
spike_r10_f3	27	maaslin3	raw	0	0.0333333333333333
spike_r10_f3	28	maaslin3	raw	1	0
spike_r10_f3	29	maaslin3	raw	1	0
spike_r10_f3	30	maaslin3	raw	1	0
spike_r10_f3	31	maaslin3	raw	1	0
spike_r10_f3	32	maaslin3	raw	1	0
spike_r10_f3	33	maaslin3	raw	1	0
spike_r10_f3	34	maaslin3	raw	1	0
spike_r10_f3	35	maaslin3	raw	0.666666666666667	0.0333333333333333
spike_r10_f3	36	maaslin3	raw	1	0
spike_r10_f3	37	maaslin3	raw	0.666666666666667	0.0333333333333333
spike_r10_f3	38	maaslin3	raw	0	0
spike_r10_f3	39	maaslin3	raw	1	0
spike_r10_f3	40	maaslin3	raw	1	0
spike_r10_f3	41	maaslin3	raw	1	0
spike_r10_f3	42	maaslin3	raw	1	0
spike_r10_f3	43	maaslin3	raw	0.5	0.0333333333333333
spike_r10_f3	44	maaslin3	raw	1	0
spike_r10_f3	45	maaslin3	raw	1	0
spike_r10_f3	46	maaslin3	raw	0.5	0.0333333333333333
spike_r10_f3	47	maaslin3	raw	1	0
spike_r10_f3	48	maaslin3	raw	0.5	0.0666666666666667
spike_r10_f3	49	maaslin3	raw	1	0
spike_r10_f3	50	maaslin3	raw	1	0
spike_r10_f3	51	maaslin3	raw	0.666666666666667	0.0333333333333333
spike_r10_f3	52	maaslin3	raw	1	0
spike_r10_f3	53	maaslin3	raw	1	0
spike_r10_f3	54	maaslin3	raw	0.75	0.0333333333333333
spike_r10_f3	55	maaslin3	raw	1	0
spike_r10_f3	56	maaslin3	raw	1	0
spike_r10_f3	57	maaslin3	raw	0.666666666666667	0.0333333333333333
spike_r10_f3	58	maaslin3	raw	0.666666666666667	0.0333333333333333
spike_r10_f3	59	maaslin3	raw	0.5	0.0333333333333333
spike_r10_f3	60	maaslin3	raw	1	0
spike_r10_f3	61	maaslin3	raw	1	0
spike_r10_f3	62	maaslin3	raw	1	0
spike_r10_f3	63	maaslin3	raw	1	0
spike_r10_f3	64	maaslin3	raw	0.666666666666667	0.0333333333333333
spike_r10_f3	65	maaslin3	raw	1	0
spike_r10_f3	66	maaslin3	raw	0.5	0.0333333333333333
spike_r10_f3	67	maaslin3	raw	0.6	0.0666666666666667
spike_r10_f3	68	maaslin3	raw	1	0
spike_r10_f3	69	maaslin3	raw	1	0
spike_r10_f3	70	maaslin3	raw	1	0
spike_r10_f3	71	maaslin3	raw	1	0
spike_r10_f3	72	maaslin3	raw	1	0
spike_r10_f3	73	maaslin3	raw	1	0
spike_r10_f3	74	maaslin3	raw	1	0
spike_r10_f3	75	maaslin3	raw	1	0
spike_r10_f3	76	maaslin3	raw	1	0
spike_r10_f3	77	maaslin3	raw	1	0
spike_r10_f3	78	maaslin3	raw	1	0
spike_r10_f3	79	maaslin3	raw	1	0
spike_r10_f3	80	maaslin3	raw	1	0
spike_r10_f3	81	maaslin3	raw	0.5	0.0333333333333333
spike_r10_f3	82	maaslin3	raw	1	0
spike_r10_f3	83	maaslin3	raw	1	0
spike_r10_f3	84	maaslin3	raw	1	0
spike_r10_f3	85	maaslin3	raw	0.666666666666667	0.0333333333333333
spike_r10_f3	86	maaslin3	raw	1	0
spike_r10_f3	87	maaslin3	raw	1	0
spike_r10_f3	88	maaslin3	raw	1	0
spike_r10_f3	89	maaslin3	raw	1	0
spike_r10_f3	90	maaslin3	raw	1	0
spike_r10_f3	91	maaslin3	raw	0	0
spike_r10_f3	92	maaslin3	raw	1	0
spike_r10_f3	93	maaslin3	raw	1	0
spike_r10_f3	94	maaslin3	raw	1	0
spike_r10_f3	95	maaslin3	raw	1	0
spike_r10_f3	96	maaslin3	raw	0.5	0.0666666666666667
spike_r10_f3	97	maaslin3	raw	0	0
spike_r10_f3	98	maaslin3	raw	1	0
spike_r10_f3	99	maaslin3	raw	1	0
spike_r10_f3	100	maaslin3	raw	0	0
spike_r10_f3	101	maaslin3	raw	1	0
spike_r10_f3	102	maaslin3	raw	1	0
spike_r10_f3	103	maaslin3	raw	1	0
spike_r10_f3	104	maaslin3	raw	1	0
spike_r10_f3	105	maaslin3	raw	1	0
spike_r10_f3	106	maaslin3	raw	1	0
spike_r10_f3	107	maaslin3	raw	1	0
spike_r10_f3	108	maaslin3	raw	1	0
spike_r10_f3	109	maaslin3	raw	0.5	0.0666666666666667
spike_r10_f3	110	maaslin3	raw	0.666666666666667	0.0333333333333333
spike_r10_f3	111	maaslin3	raw	1	0
spike_r10_f3	112	maaslin3	raw	0.666666666666667	0.0333333333333333
spike_r10_f3	113	maaslin3	raw	1	0
spike_r10_f3	114	maaslin3	raw	1	0
spike_r10_f3	115	maaslin3	raw	1	0
spike_r10_f3	116	maaslin3	raw	0.5	0.0333333333333333
spike_r10_f3	117	maaslin3	raw	1	0
spike_r10_f3	118	maaslin3	raw	1	0
spike_r10_f3	119	maaslin3	raw	1	0
spike_r10_f3	120	maaslin3	raw	1	0
spike_r10_f3	121	maaslin3	raw	1	0
spike_r10_f3	122	maaslin3	raw	0.666666666666667	0.0333333333333333
spike_r10_f3	123	maaslin3	raw	1	0
spike_r10_f3	124	maaslin3	raw	1	0
spike_r10_f3	125	maaslin3	raw	1	0
spike_r10_f3	126	maaslin3	raw	1	0
spike_r10_f3	127	maaslin3	raw	1	0
spike_r10_f3	128	maaslin3	raw	1	0
spike_r10_f3	129	maaslin3	raw	1	0
spike_r10_f3	130	maaslin3	raw	0.5	0.0666666666666667
spike_r10_f3	131	maaslin3	raw	1	0
spike_r10_f3	132	maaslin3	raw	0.75	0.0333333333333333
spike_r10_f3	133	maaslin3	raw	0.666666666666667	0.0333333333333333
spike_r10_f3	134	maaslin3	raw	1	0
spike_r10_f3	135	maaslin3	raw	1	0
spike_r10_f3	136	maaslin3	raw	0	0.0333333333333333
spike_r10_f3	137	maaslin3	raw	0.666666666666667	0.0333333333333333
spike_r10_f3	138	maaslin3	raw	0.666666666666667	0.0333333333333333
spike_r10_f3	139	maaslin3	raw	1	0
spike_r10_f3	140	maaslin3	raw	0	0
spike_r10_f3	141	maaslin3	raw	0.666666666666667	0.0333333333333333
spike_r10_f3	142	maaslin3	raw	0.75	0.0333333333333333
spike_r10_f3	143	maaslin3	raw	0	0.0333333333333333
spike_r10_f3	144	maaslin3	raw	1	0
spike_r10_f3	145	maaslin3	raw	0.5	0.0333333333333333
spike_r10_f3	146	maaslin3	raw	0	0
spike_r10_f3	147	maaslin3	raw	1	0
spike_r10_f3	148	maaslin3	raw	0.666666666666667	0.0333333333333333
spike_r10_f3	149	maaslin3	raw	1	0
spike_r10_f3	150	maaslin3	raw	1	0
spike_r1_f3	1	ancombc2	rarefied	0.857142857142857	0.266666666666667
spike_r1_f3	2	ancombc2	rarefied	0.888888888888889	0.133333333333333
spike_r1_f3	3	ancombc2	rarefied	0.865384615384615	0.233333333333333
spike_r1_f3	4	ancombc2	rarefied	0.8	0.3
spike_r1_f3	5	ancombc2	rarefied	0.826923076923077	0.3
spike_r1_f3	6	ancombc2	rarefied	0.829268292682927	0.233333333333333
spike_r1_f3	7	ancombc2	rarefied	0.837209302325581	0.233333333333333
spike_r1_f3	8	ancombc2	rarefied	0.886792452830189	0.2
spike_r1_f3	9	ancombc2	rarefied	0.825	0.233333333333333
spike_r1_f3	10	ancombc2	rarefied	0.919354838709677	0.166666666666667
spike_r1_f3	11	ancombc2	rarefied	0.833333333333333	0.266666666666667
spike_r1_f3	12	ancombc2	rarefied	0.890909090909091	0.2
spike_r1_f3	13	ancombc2	rarefied	0.777777777777778	0.4
spike_r1_f3	14	ancombc2	rarefied	0.866666666666667	0.2
spike_r1_f3	15	ancombc2	rarefied	0.944444444444444	0.0666666666666667
spike_r1_f3	16	ancombc2	rarefied	0.851063829787234	0.233333333333333
spike_r1_f3	17	ancombc2	rarefied	0.831578947368421	0.533333333333333
spike_r1_f3	18	ancombc2	rarefied	0.861111111111111	0.333333333333333
spike_r1_f3	19	ancombc2	rarefied	0.729166666666667	0.433333333333333
spike_r1_f3	20	ancombc2	rarefied	0.764705882352941	0.266666666666667
spike_r1_f3	21	ancombc2	rarefied	0.885714285714286	0.266666666666667
spike_r1_f3	22	ancombc2	rarefied	0.916666666666667	0.133333333333333
spike_r1_f3	23	ancombc2	rarefied	0.821428571428571	0.333333333333333
spike_r1_f3	24	ancombc2	rarefied	0.708333333333333	0.233333333333333
spike_r1_f3	25	ancombc2	rarefied	0.761904761904762	0.333333333333333
spike_r1_f3	26	ancombc2	rarefied	0.9	0.166666666666667
spike_r1_f3	27	ancombc2	rarefied	0.862068965517241	0.133333333333333
spike_r1_f3	28	ancombc2	rarefied	0.91304347826087	0.133333333333333
spike_r1_f3	29	ancombc2	rarefied	0.862068965517241	0.266666666666667
spike_r1_f3	30	ancombc2	rarefied	0.8	0.3
spike_r1_f3	31	ancombc2	rarefied	0.827586206896552	0.333333333333333
spike_r1_f3	32	ancombc2	rarefied	0.80952380952381	0.4
spike_r1_f3	33	ancombc2	rarefied	0.9	0.133333333333333
spike_r1_f3	34	ancombc2	rarefied	0.862745098039216	0.233333333333333
spike_r1_f3	35	ancombc2	rarefied	0.857142857142857	0.366666666666667
spike_r1_f3	36	ancombc2	rarefied	0.868421052631579	0.166666666666667
spike_r1_f3	37	ancombc2	rarefied	0.885245901639344	0.233333333333333
spike_r1_f3	38	ancombc2	rarefied	0.830188679245283	0.3
spike_r1_f3	39	ancombc2	rarefied	0.850746268656716	0.333333333333333
spike_r1_f3	40	ancombc2	rarefied	0.92	0.0666666666666667
spike_r1_f3	41	ancombc2	rarefied	0.823529411764706	0.3
spike_r1_f3	42	ancombc2	rarefied	0.884057971014493	0.266666666666667
spike_r1_f3	43	ancombc2	rarefied	0.731707317073171	0.366666666666667
spike_r1_f3	44	ancombc2	rarefied	0.840909090909091	0.233333333333333
spike_r1_f3	45	ancombc2	rarefied	0.75609756097561	0.333333333333333
spike_r1_f3	46	ancombc2	rarefied	0.833333333333333	0.3
spike_r1_f3	47	ancombc2	rarefied	0.84	0.266666666666667
spike_r1_f3	48	ancombc2	rarefied	0.920634920634921	0.166666666666667
spike_r1_f3	49	ancombc2	rarefied	0.846153846153846	0.2
spike_r1_f3	50	ancombc2	rarefied	0.887096774193548	0.233333333333333
spike_r1_f3	51	ancombc2	rarefied	0.883720930232558	0.333333333333333
spike_r1_f3	52	ancombc2	rarefied	0.789473684210526	0.266666666666667
spike_r1_f3	53	ancombc2	rarefied	0.829787234042553	0.266666666666667
spike_r1_f3	54	ancombc2	rarefied	0.875	0.166666666666667
spike_r1_f3	55	ancombc2	rarefied	0.869565217391304	0.3
spike_r1_f3	56	ancombc2	rarefied	0.8	0.3
spike_r1_f3	57	ancombc2	rarefied	0.851851851851852	0.266666666666667
spike_r1_f3	58	ancombc2	rarefied	0.863636363636364	0.2
spike_r1_f3	59	ancombc2	rarefied	0.785714285714286	0.3
spike_r1_f3	60	ancombc2	rarefied	0.853658536585366	0.2
spike_r1_f3	61	ancombc2	rarefied	0.839285714285714	0.3
spike_r1_f3	62	ancombc2	rarefied	0.853932584269663	0.433333333333333
spike_r1_f3	63	ancombc2	rarefied	0.931818181818182	0.1
spike_r1_f3	64	ancombc2	rarefied	0.844444444444444	0.233333333333333
spike_r1_f3	65	ancombc2	rarefied	0.827586206896552	0.333333333333333
spike_r1_f3	66	ancombc2	rarefied	0.840579710144927	0.366666666666667
spike_r1_f3	67	ancombc2	rarefied	0.837209302325581	0.233333333333333
spike_r1_f3	68	ancombc2	rarefied	0.686274509803922	0.533333333333333
spike_r1_f3	69	ancombc2	rarefied	0.833333333333333	0.2
spike_r1_f3	70	ancombc2	rarefied	0.868421052631579	0.166666666666667
spike_r1_f3	71	ancombc2	rarefied	0.75	0.3
spike_r1_f3	72	ancombc2	rarefied	0.866666666666667	0.266666666666667
spike_r1_f3	73	ancombc2	rarefied	0.763157894736842	0.3
spike_r1_f3	74	ancombc2	rarefied	0.931034482758621	0.0666666666666667
spike_r1_f3	75	ancombc2	rarefied	0.838709677419355	0.5
spike_r1_f3	76	ancombc2	rarefied	0.842105263157895	0.2
spike_r1_f3	77	ancombc2	rarefied	0.818181818181818	0.266666666666667
spike_r1_f3	78	ancombc2	rarefied	0.933333333333333	0.1
spike_r1_f3	79	ancombc2	rarefied	0.854166666666667	0.233333333333333
spike_r1_f3	80	ancombc2	rarefied	0.869565217391304	0.2
spike_r1_f3	81	ancombc2	rarefied	0.842105263157895	0.3
spike_r1_f3	82	ancombc2	rarefied	0.875	0.3
spike_r1_f3	83	ancombc2	rarefied	0.81578947368421	0.233333333333333
spike_r1_f3	84	ancombc2	rarefied	0.883333333333333	0.233333333333333
spike_r1_f3	85	ancombc2	rarefied	0.727272727272727	0.2
spike_r1_f3	86	ancombc2	rarefied	0.916666666666667	0.1
spike_r1_f3	87	ancombc2	rarefied	0.849056603773585	0.266666666666667
spike_r1_f3	88	ancombc2	rarefied	0.823529411764706	0.2
spike_r1_f3	89	ancombc2	rarefied	0.789473684210526	0.266666666666667
spike_r1_f3	90	ancombc2	rarefied	0.846153846153846	0.266666666666667
spike_r1_f3	91	ancombc2	rarefied	0.853658536585366	0.2
spike_r1_f3	92	ancombc2	rarefied	0.764705882352941	0.266666666666667
spike_r1_f3	93	ancombc2	rarefied	0.924528301886792	0.133333333333333
spike_r1_f3	94	ancombc2	rarefied	0.784313725490196	0.366666666666667
spike_r1_f3	95	ancombc2	rarefied	0.878787878787879	0.133333333333333
spike_r1_f3	96	ancombc2	rarefied	0.833333333333333	0.233333333333333
spike_r1_f3	97	ancombc2	rarefied	0.861538461538462	0.3
spike_r1_f3	98	ancombc2	rarefied	1	0
spike_r1_f3	99	ancombc2	rarefied	0.903225806451613	0.1
spike_r1_f3	100	ancombc2	rarefied	0.842105263157895	0.2
spike_r1_f3	101	ancombc2	rarefied	0.830985915492958	0.4
spike_r1_f3	102	ancombc2	rarefied	0.816326530612245	0.3
spike_r1_f3	103	ancombc2	rarefied	0.886075949367089	0.3
spike_r1_f3	104	ancombc2	rarefied	0.769230769230769	0.3
spike_r1_f3	105	ancombc2	rarefied	0.895833333333333	0.166666666666667
spike_r1_f3	106	ancombc2	rarefied	0.84	0.133333333333333
spike_r1_f3	107	ancombc2	rarefied	0.837209302325581	0.233333333333333
spike_r1_f3	108	ancombc2	rarefied	0.81578947368421	0.233333333333333
spike_r1_f3	109	ancombc2	rarefied	0.777777777777778	0.266666666666667
spike_r1_f3	110	ancombc2	rarefied	0.865384615384615	0.233333333333333
spike_r1_f3	111	ancombc2	rarefied	0.822222222222222	0.266666666666667
spike_r1_f3	112	ancombc2	rarefied	0.90625	0.1
spike_r1_f3	113	ancombc2	rarefied	0.87037037037037	0.233333333333333
spike_r1_f3	114	ancombc2	rarefied	0.863013698630137	0.333333333333333
spike_r1_f3	115	ancombc2	rarefied	0.956521739130435	0.0333333333333333
spike_r1_f3	116	ancombc2	rarefied	0.890909090909091	0.2
spike_r1_f3	117	ancombc2	rarefied	0.773584905660377	0.4
spike_r1_f3	118	ancombc2	rarefied	0.862068965517241	0.266666666666667
spike_r1_f3	119	ancombc2	rarefied	0.857142857142857	0.4
spike_r1_f3	120	ancombc2	rarefied	0.866666666666667	0.2
spike_r1_f3	121	ancombc2	rarefied	0.90625	0.2
spike_r1_f3	122	ancombc2	rarefied	0.839285714285714	0.3
spike_r1_f3	123	ancombc2	rarefied	0.877551020408163	0.2
spike_r1_f3	124	ancombc2	rarefied	0.75	0.466666666666667
spike_r1_f3	125	ancombc2	rarefied	0.802816901408451	0.466666666666667
spike_r1_f3	126	ancombc2	rarefied	0.837209302325581	0.233333333333333
spike_r1_f3	127	ancombc2	rarefied	0.767857142857143	0.433333333333333
spike_r1_f3	128	ancombc2	rarefied	0.756756756756757	0.3
spike_r1_f3	129	ancombc2	rarefied	0.833333333333333	0.433333333333333
spike_r1_f3	130	ancombc2	rarefied	0.843137254901961	0.266666666666667
spike_r1_f3	131	ancombc2	rarefied	0.837837837837838	0.2
spike_r1_f3	132	ancombc2	rarefied	0.80952380952381	0.266666666666667
spike_r1_f3	133	ancombc2	rarefied	0.862745098039216	0.233333333333333
spike_r1_f3	134	ancombc2	rarefied	0.833333333333333	0.233333333333333
spike_r1_f3	135	ancombc2	rarefied	0.82051282051282	0.233333333333333
spike_r1_f3	136	ancombc2	rarefied	0.863636363636364	0.2
spike_r1_f3	137	ancombc2	rarefied	0.903225806451613	0.1
spike_r1_f3	138	ancombc2	rarefied	0.804878048780488	0.266666666666667
spike_r1_f3	139	ancombc2	rarefied	0.903225806451613	0.1
spike_r1_f3	140	ancombc2	rarefied	0.886363636363636	0.166666666666667
spike_r1_f3	141	ancombc2	rarefied	0.826923076923077	0.3
spike_r1_f3	142	ancombc2	rarefied	0.777777777777778	0.266666666666667
spike_r1_f3	143	ancombc2	rarefied	0.823529411764706	0.2
spike_r1_f3	144	ancombc2	rarefied	0.88	0.1
spike_r1_f3	145	ancombc2	rarefied	0.8	0.266666666666667
spike_r1_f3	146	ancombc2	rarefied	0.829787234042553	0.266666666666667
spike_r1_f3	147	ancombc2	rarefied	0.830985915492958	0.4
spike_r1_f3	148	ancombc2	rarefied	0.91304347826087	0.133333333333333
spike_r1_f3	149	ancombc2	rarefied	0.826086956521739	0.133333333333333
spike_r1_f3	150	ancombc2	rarefied	0.806451612903226	0.2
spike_r1_f3	1	ancombc2	raw	0.793103448275862	0.2
spike_r1_f3	2	ancombc2	raw	0.91304347826087	0.0666666666666667
spike_r1_f3	3	ancombc2	raw	0.851063829787234	0.233333333333333
spike_r1_f3	4	ancombc2	raw	0.894736842105263	0.2
spike_r1_f3	5	ancombc2	raw	0.833333333333333	0.166666666666667
spike_r1_f3	6	ancombc2	raw	0.866666666666667	0.133333333333333
spike_r1_f3	7	ancombc2	raw	0.82051282051282	0.233333333333333
spike_r1_f3	8	ancombc2	raw	0.894736842105263	0.133333333333333
spike_r1_f3	9	ancombc2	raw	0.814814814814815	0.166666666666667
spike_r1_f3	10	ancombc2	raw	0.877551020408163	0.2
spike_r1_f3	11	ancombc2	raw	0.870967741935484	0.133333333333333
spike_r1_f3	12	ancombc2	raw	0.886075949367089	0.3
spike_r1_f3	13	ancombc2	raw	0.818181818181818	0.2
spike_r1_f3	14	ancombc2	raw	0.805555555555556	0.233333333333333
spike_r1_f3	15	ancombc2	raw	0.866666666666667	0.133333333333333
spike_r1_f3	16	ancombc2	raw	0.875	0.2
spike_r1_f3	17	ancombc2	raw	0.754385964912281	0.466666666666667
spike_r1_f3	18	ancombc2	raw	0.823529411764706	0.2
spike_r1_f3	19	ancombc2	raw	0.75	0.133333333333333
spike_r1_f3	20	ancombc2	raw	0.75	0.166666666666667
spike_r1_f3	21	ancombc2	raw	0.865384615384615	0.233333333333333
spike_r1_f3	22	ancombc2	raw	0.885714285714286	0.133333333333333
spike_r1_f3	23	ancombc2	raw	0.795918367346939	0.333333333333333
spike_r1_f3	24	ancombc2	raw	0.909090909090909	0.1
spike_r1_f3	25	ancombc2	raw	0.8	0.2
spike_r1_f3	26	ancombc2	raw	0.933333333333333	0.1
spike_r1_f3	27	ancombc2	raw	0.916666666666667	0.1
spike_r1_f3	28	ancombc2	raw	0.92	0.0666666666666667
spike_r1_f3	29	ancombc2	raw	0.857142857142857	0.166666666666667
spike_r1_f3	30	ancombc2	raw	0.8	0.233333333333333
spike_r1_f3	31	ancombc2	raw	0.8	0.2
spike_r1_f3	32	ancombc2	raw	0.830188679245283	0.3
spike_r1_f3	33	ancombc2	raw	0.8	0.2
spike_r1_f3	34	ancombc2	raw	0.864864864864865	0.166666666666667
spike_r1_f3	35	ancombc2	raw	0.85	0.3
spike_r1_f3	36	ancombc2	raw	0.733333333333333	0.133333333333333
spike_r1_f3	37	ancombc2	raw	0.764705882352941	0.133333333333333
spike_r1_f3	38	ancombc2	raw	0.87037037037037	0.233333333333333
spike_r1_f3	39	ancombc2	raw	0.789473684210526	0.266666666666667
spike_r1_f3	40	ancombc2	raw	0.842105263157895	0.1
spike_r1_f3	41	ancombc2	raw	0.8	0.266666666666667
spike_r1_f3	42	ancombc2	raw	0.80952380952381	0.133333333333333
spike_r1_f3	43	ancombc2	raw	0.82	0.3
spike_r1_f3	44	ancombc2	raw	0.851063829787234	0.233333333333333
spike_r1_f3	45	ancombc2	raw	0.791666666666667	0.166666666666667
spike_r1_f3	46	ancombc2	raw	0.823529411764706	0.2
spike_r1_f3	47	ancombc2	raw	0.846153846153846	0.133333333333333
spike_r1_f3	48	ancombc2	raw	0.871794871794872	0.166666666666667
spike_r1_f3	49	ancombc2	raw	0.931034482758621	0.0666666666666667
spike_r1_f3	50	ancombc2	raw	0.935483870967742	0.0666666666666667
spike_r1_f3	51	ancombc2	raw	0.891304347826087	0.166666666666667
spike_r1_f3	52	ancombc2	raw	0.827586206896552	0.166666666666667
spike_r1_f3	53	ancombc2	raw	0.851851851851852	0.266666666666667
spike_r1_f3	54	ancombc2	raw	0.827586206896552	0.166666666666667
spike_r1_f3	55	ancombc2	raw	0.865384615384615	0.233333333333333
spike_r1_f3	56	ancombc2	raw	0.857142857142857	0.266666666666667
spike_r1_f3	57	ancombc2	raw	0.823529411764706	0.2
spike_r1_f3	58	ancombc2	raw	0.837837837837838	0.2
spike_r1_f3	59	ancombc2	raw	0.80952380952381	0.133333333333333
spike_r1_f3	60	ancombc2	raw	0.903846153846154	0.166666666666667
spike_r1_f3	61	ancombc2	raw	0.777777777777778	0.2
spike_r1_f3	62	ancombc2	raw	0.861111111111111	0.166666666666667
spike_r1_f3	63	ancombc2	raw	0.851063829787234	0.233333333333333
spike_r1_f3	64	ancombc2	raw	0.868421052631579	0.166666666666667
spike_r1_f3	65	ancombc2	raw	0.890909090909091	0.2
spike_r1_f3	66	ancombc2	raw	0.75	0.2
spike_r1_f3	67	ancombc2	raw	0.884615384615385	0.1
spike_r1_f3	68	ancombc2	raw	0.689655172413793	0.3
spike_r1_f3	69	ancombc2	raw	0.857142857142857	0.166666666666667
spike_r1_f3	70	ancombc2	raw	0.847826086956522	0.233333333333333
spike_r1_f3	71	ancombc2	raw	0.805555555555556	0.233333333333333
spike_r1_f3	72	ancombc2	raw	0.861111111111111	0.166666666666667
spike_r1_f3	73	ancombc2	raw	0.725	0.366666666666667
spike_r1_f3	74	ancombc2	raw	0.90625	0.1
spike_r1_f3	75	ancombc2	raw	0.767441860465116	0.333333333333333
spike_r1_f3	76	ancombc2	raw	0.894736842105263	0.0666666666666667
spike_r1_f3	77	ancombc2	raw	0.857142857142857	0.166666666666667
spike_r1_f3	78	ancombc2	raw	0.928571428571429	0.0666666666666667
spike_r1_f3	79	ancombc2	raw	0.821428571428571	0.166666666666667
spike_r1_f3	80	ancombc2	raw	0.911111111111111	0.133333333333333
spike_r1_f3	81	ancombc2	raw	0.92	0.0666666666666667
spike_r1_f3	82	ancombc2	raw	0.80952380952381	0.133333333333333
spike_r1_f3	83	ancombc2	raw	0.821428571428571	0.166666666666667
spike_r1_f3	84	ancombc2	raw	0.82051282051282	0.233333333333333
spike_r1_f3	85	ancombc2	raw	0.714285714285714	0.2
spike_r1_f3	86	ancombc2	raw	0.830985915492958	0.4
spike_r1_f3	87	ancombc2	raw	0.836065573770492	0.333333333333333
spike_r1_f3	88	ancombc2	raw	0.833333333333333	0.0666666666666667
spike_r1_f3	89	ancombc2	raw	0.764705882352941	0.266666666666667
spike_r1_f3	90	ancombc2	raw	0.888888888888889	0.0666666666666667
spike_r1_f3	91	ancombc2	raw	0.884615384615385	0.1
spike_r1_f3	92	ancombc2	raw	0.758620689655172	0.233333333333333
spike_r1_f3	93	ancombc2	raw	0.9375	0.0666666666666667
spike_r1_f3	94	ancombc2	raw	0.81578947368421	0.233333333333333
spike_r1_f3	95	ancombc2	raw	0.862068965517241	0.133333333333333
spike_r1_f3	96	ancombc2	raw	0.892857142857143	0.1
spike_r1_f3	97	ancombc2	raw	0.866666666666667	0.133333333333333
spike_r1_f3	98	ancombc2	raw	1	0
spike_r1_f3	99	ancombc2	raw	0.875	0.133333333333333
spike_r1_f3	100	ancombc2	raw	0.842105263157895	0.1
spike_r1_f3	101	ancombc2	raw	0.85	0.2
spike_r1_f3	102	ancombc2	raw	0.771428571428571	0.266666666666667
spike_r1_f3	103	ancombc2	raw	0.89873417721519	0.266666666666667
spike_r1_f3	104	ancombc2	raw	0.795454545454545	0.3
spike_r1_f3	105	ancombc2	raw	0.854545454545454	0.266666666666667
spike_r1_f3	106	ancombc2	raw	0.854166666666667	0.233333333333333
spike_r1_f3	107	ancombc2	raw	0.84	0.133333333333333
spike_r1_f3	108	ancombc2	raw	0.828571428571429	0.2
spike_r1_f3	109	ancombc2	raw	0.75609756097561	0.333333333333333
spike_r1_f3	110	ancombc2	raw	0.84	0.133333333333333
spike_r1_f3	111	ancombc2	raw	0.88	0.1
spike_r1_f3	112	ancombc2	raw	0.857142857142857	0.1
spike_r1_f3	113	ancombc2	raw	0.870967741935484	0.266666666666667
spike_r1_f3	114	ancombc2	raw	0.84	0.133333333333333
spike_r1_f3	115	ancombc2	raw	0.952380952380952	0.0333333333333333
spike_r1_f3	116	ancombc2	raw	0.868421052631579	0.166666666666667
spike_r1_f3	117	ancombc2	raw	0.82	0.3
spike_r1_f3	118	ancombc2	raw	0.829787234042553	0.266666666666667
spike_r1_f3	119	ancombc2	raw	0.787878787878788	0.233333333333333
spike_r1_f3	120	ancombc2	raw	0.826086956521739	0.133333333333333
spike_r1_f3	121	ancombc2	raw	0.93939393939394	0.0666666666666667
spike_r1_f3	122	ancombc2	raw	0.885714285714286	0.133333333333333
spike_r1_f3	123	ancombc2	raw	0.888888888888889	0.1
spike_r1_f3	124	ancombc2	raw	0.75	0.333333333333333
spike_r1_f3	125	ancombc2	raw	0.760869565217391	0.366666666666667
spike_r1_f3	126	ancombc2	raw	0.84	0.133333333333333
spike_r1_f3	127	ancombc2	raw	0.722222222222222	0.333333333333333
spike_r1_f3	128	ancombc2	raw	0.852941176470588	0.166666666666667
spike_r1_f3	129	ancombc2	raw	0.878048780487805	0.166666666666667
spike_r1_f3	130	ancombc2	raw	0.8	0.266666666666667
spike_r1_f3	131	ancombc2	raw	0.769230769230769	0.4
spike_r1_f3	132	ancombc2	raw	0.846153846153846	0.133333333333333
spike_r1_f3	133	ancombc2	raw	0.821428571428571	0.166666666666667
spike_r1_f3	134	ancombc2	raw	0.918367346938776	0.133333333333333
spike_r1_f3	135	ancombc2	raw	0.814814814814815	0.166666666666667
spike_r1_f3	136	ancombc2	raw	0.794117647058823	0.233333333333333
spike_r1_f3	137	ancombc2	raw	0.84	0.133333333333333
spike_r1_f3	138	ancombc2	raw	0.818181818181818	0.2
spike_r1_f3	139	ancombc2	raw	0.833333333333333	0.0666666666666667
spike_r1_f3	140	ancombc2	raw	0.863636363636364	0.2
spike_r1_f3	141	ancombc2	raw	0.914285714285714	0.1
spike_r1_f3	142	ancombc2	raw	0.727272727272727	0.2
spike_r1_f3	143	ancombc2	raw	0.88	0.1
spike_r1_f3	144	ancombc2	raw	0.833333333333333	0.166666666666667
spike_r1_f3	145	ancombc2	raw	0.821428571428571	0.166666666666667
spike_r1_f3	146	ancombc2	raw	0.848484848484849	0.166666666666667
spike_r1_f3	147	ancombc2	raw	0.837837837837838	0.2
spike_r1_f3	148	ancombc2	raw	0.971428571428571	0.0333333333333333
spike_r1_f3	149	ancombc2	raw	0.842105263157895	0.2
spike_r1_f3	150	ancombc2	raw	0.736842105263158	0.166666666666667
spike_r1_f3	1	maaslin3	rarefied	0	0.0333333333333333
spike_r1_f3	2	maaslin3	rarefied	0	0
spike_r1_f3	3	maaslin3	rarefied	0	0
spike_r1_f3	4	maaslin3	rarefied	0	0.0333333333333333
spike_r1_f3	5	maaslin3	rarefied	0	0
spike_r1_f3	6	maaslin3	rarefied	0	0
spike_r1_f3	7	maaslin3	rarefied	0	0
spike_r1_f3	8	maaslin3	rarefied	0	0
spike_r1_f3	9	maaslin3	rarefied	0	0
spike_r1_f3	10	maaslin3	rarefied	1	0
spike_r1_f3	11	maaslin3	rarefied	0	0
spike_r1_f3	12	maaslin3	rarefied	0	0
spike_r1_f3	13	maaslin3	rarefied	0	0
spike_r1_f3	14	maaslin3	rarefied	0	0
spike_r1_f3	15	maaslin3	rarefied	0	0
spike_r1_f3	16	maaslin3	rarefied	0	0.0333333333333333
spike_r1_f3	17	maaslin3	rarefied	0	0
spike_r1_f3	18	maaslin3	rarefied	0	0
spike_r1_f3	19	maaslin3	rarefied	0	0
spike_r1_f3	20	maaslin3	rarefied	0	0
spike_r1_f3	21	maaslin3	rarefied	0	0.0333333333333333
spike_r1_f3	22	maaslin3	rarefied	0	0
spike_r1_f3	23	maaslin3	rarefied	0	0.0333333333333333
spike_r1_f3	24	maaslin3	rarefied	0	0
spike_r1_f3	25	maaslin3	rarefied	0	0
spike_r1_f3	26	maaslin3	rarefied	0	0
spike_r1_f3	27	maaslin3	rarefied	0	0.0333333333333333
spike_r1_f3	28	maaslin3	rarefied	0	0
spike_r1_f3	29	maaslin3	rarefied	0	0
spike_r1_f3	30	maaslin3	rarefied	0	0
spike_r1_f3	31	maaslin3	rarefied	0	0
spike_r1_f3	32	maaslin3	rarefied	0	0
spike_r1_f3	33	maaslin3	rarefied	0	0
spike_r1_f3	34	maaslin3	rarefied	0	0
spike_r1_f3	35	maaslin3	rarefied	0	0
spike_r1_f3	36	maaslin3	rarefied	0	0.0333333333333333
spike_r1_f3	37	maaslin3	rarefied	0	0.0333333333333333
spike_r1_f3	38	maaslin3	rarefied	0	0
spike_r1_f3	39	maaslin3	rarefied	0	0
spike_r1_f3	40	maaslin3	rarefied	0	0
spike_r1_f3	41	maaslin3	rarefied	0	0
spike_r1_f3	42	maaslin3	rarefied	0	0
spike_r1_f3	43	maaslin3	rarefied	0	0.0333333333333333
spike_r1_f3	44	maaslin3	rarefied	0	0
spike_r1_f3	45	maaslin3	rarefied	0	0.0333333333333333
spike_r1_f3	46	maaslin3	rarefied	0	0.0333333333333333
spike_r1_f3	47	maaslin3	rarefied	0	0
spike_r1_f3	48	maaslin3	rarefied	0	0
spike_r1_f3	49	maaslin3	rarefied	0	0
spike_r1_f3	50	maaslin3	rarefied	0	0
spike_r1_f3	51	maaslin3	rarefied	0	0.0333333333333333
spike_r1_f3	52	maaslin3	rarefied	0	0
spike_r1_f3	53	maaslin3	rarefied	0	0
spike_r1_f3	54	maaslin3	rarefied	0	0.0333333333333333
spike_r1_f3	55	maaslin3	rarefied	0	0.0333333333333333
spike_r1_f3	56	maaslin3	rarefied	0	0.0333333333333333
spike_r1_f3	57	maaslin3	rarefied	0	0
spike_r1_f3	58	maaslin3	rarefied	0	0
spike_r1_f3	59	maaslin3	rarefied	0	0
spike_r1_f3	60	maaslin3	rarefied	0	0
spike_r1_f3	61	maaslin3	rarefied	0	0
spike_r1_f3	62	maaslin3	rarefied	0	0
spike_r1_f3	63	maaslin3	rarefied	0	0
spike_r1_f3	64	maaslin3	rarefied	0	0
spike_r1_f3	65	maaslin3	rarefied	0	0
spike_r1_f3	66	maaslin3	rarefied	0	0
spike_r1_f3	67	maaslin3	rarefied	0	0
spike_r1_f3	68	maaslin3	rarefied	0	0.0333333333333333
spike_r1_f3	69	maaslin3	rarefied	0	0
spike_r1_f3	70	maaslin3	rarefied	0	0
spike_r1_f3	71	maaslin3	rarefied	0	0
spike_r1_f3	72	maaslin3	rarefied	0	0
spike_r1_f3	73	maaslin3	rarefied	0	0
spike_r1_f3	74	maaslin3	rarefied	0	0
spike_r1_f3	75	maaslin3	rarefied	0	0.0333333333333333
spike_r1_f3	76	maaslin3	rarefied	0	0.0333333333333333
spike_r1_f3	77	maaslin3	rarefied	0	0
spike_r1_f3	78	maaslin3	rarefied	0	0
spike_r1_f3	79	maaslin3	rarefied	0	0
spike_r1_f3	80	maaslin3	rarefied	0	0.0333333333333333
spike_r1_f3	81	maaslin3	rarefied	0	0
spike_r1_f3	82	maaslin3	rarefied	0	0
spike_r1_f3	83	maaslin3	rarefied	0	0
spike_r1_f3	84	maaslin3	rarefied	0	0
spike_r1_f3	85	maaslin3	rarefied	0	0
spike_r1_f3	86	maaslin3	rarefied	0	0.0333333333333333
spike_r1_f3	87	maaslin3	rarefied	0	0
spike_r1_f3	88	maaslin3	rarefied	0	0
spike_r1_f3	89	maaslin3	rarefied	0	0
spike_r1_f3	90	maaslin3	rarefied	0	0
spike_r1_f3	91	maaslin3	rarefied	0	0
spike_r1_f3	92	maaslin3	rarefied	0	0
spike_r1_f3	93	maaslin3	rarefied	0	0
spike_r1_f3	94	maaslin3	rarefied	0	0
spike_r1_f3	95	maaslin3	rarefied	0	0
spike_r1_f3	96	maaslin3	rarefied	0	0
spike_r1_f3	97	maaslin3	rarefied	0	0
spike_r1_f3	98	maaslin3	rarefied	0	0
spike_r1_f3	99	maaslin3	rarefied	0	0
spike_r1_f3	100	maaslin3	rarefied	0	0.0333333333333333
spike_r1_f3	101	maaslin3	rarefied	0	0
spike_r1_f3	102	maaslin3	rarefied	0	0.0333333333333333
spike_r1_f3	103	maaslin3	rarefied	0	0.0333333333333333
spike_r1_f3	104	maaslin3	rarefied	0.5	0.0333333333333333
spike_r1_f3	105	maaslin3	rarefied	0	0
spike_r1_f3	106	maaslin3	rarefied	0	0
spike_r1_f3	107	maaslin3	rarefied	0	0
spike_r1_f3	108	maaslin3	rarefied	0	0
spike_r1_f3	109	maaslin3	rarefied	0	0
spike_r1_f3	110	maaslin3	rarefied	0	0
spike_r1_f3	111	maaslin3	rarefied	0	0
spike_r1_f3	112	maaslin3	rarefied	0	0.0333333333333333
spike_r1_f3	113	maaslin3	rarefied	0	0
spike_r1_f3	114	maaslin3	rarefied	1	0
spike_r1_f3	115	maaslin3	rarefied	0	0
spike_r1_f3	116	maaslin3	rarefied	0	0
spike_r1_f3	117	maaslin3	rarefied	0	0
spike_r1_f3	118	maaslin3	rarefied	0	0.0333333333333333
spike_r1_f3	119	maaslin3	rarefied	0	0.0333333333333333
spike_r1_f3	120	maaslin3	rarefied	0	0
spike_r1_f3	121	maaslin3	rarefied	0	0
spike_r1_f3	122	maaslin3	rarefied	0	0.0333333333333333
spike_r1_f3	123	maaslin3	rarefied	0	0.0333333333333333
spike_r1_f3	124	maaslin3	rarefied	0	0.0333333333333333
spike_r1_f3	125	maaslin3	rarefied	0	0.0666666666666667
spike_r1_f3	126	maaslin3	rarefied	0	0
spike_r1_f3	127	maaslin3	rarefied	0	0
spike_r1_f3	128	maaslin3	rarefied	0	0.0666666666666667
spike_r1_f3	129	maaslin3	rarefied	0	0
spike_r1_f3	130	maaslin3	rarefied	0	0
spike_r1_f3	131	maaslin3	rarefied	0	0
spike_r1_f3	132	maaslin3	rarefied	0	0.0333333333333333
spike_r1_f3	133	maaslin3	rarefied	0	0
spike_r1_f3	134	maaslin3	rarefied	0	0
spike_r1_f3	135	maaslin3	rarefied	0	0
spike_r1_f3	136	maaslin3	rarefied	0	0
spike_r1_f3	137	maaslin3	rarefied	0	0
spike_r1_f3	138	maaslin3	rarefied	0	0.0666666666666667
spike_r1_f3	139	maaslin3	rarefied	0	0
spike_r1_f3	140	maaslin3	rarefied	0	0
spike_r1_f3	141	maaslin3	rarefied	0	0
spike_r1_f3	142	maaslin3	rarefied	0.5	0.0333333333333333
spike_r1_f3	143	maaslin3	rarefied	0	0
spike_r1_f3	144	maaslin3	rarefied	0	0
spike_r1_f3	145	maaslin3	rarefied	0	0.0333333333333333
spike_r1_f3	146	maaslin3	rarefied	0	0
spike_r1_f3	147	maaslin3	rarefied	0	0
spike_r1_f3	148	maaslin3	rarefied	0	0
spike_r1_f3	149	maaslin3	rarefied	0	0
spike_r1_f3	150	maaslin3	rarefied	0	0
spike_r1_f3	1	maaslin3	raw	0	0.0333333333333333
spike_r1_f3	2	maaslin3	raw	0	0
spike_r1_f3	3	maaslin3	raw	0	0
spike_r1_f3	4	maaslin3	raw	0	0.0333333333333333
spike_r1_f3	5	maaslin3	raw	0	0
spike_r1_f3	6	maaslin3	raw	0	0
spike_r1_f3	7	maaslin3	raw	0	0
spike_r1_f3	8	maaslin3	raw	0.5	0.0333333333333333
spike_r1_f3	9	maaslin3	raw	0	0
spike_r1_f3	10	maaslin3	raw	0	0
spike_r1_f3	11	maaslin3	raw	0	0
spike_r1_f3	12	maaslin3	raw	0	0.0333333333333333
spike_r1_f3	13	maaslin3	raw	0	0
spike_r1_f3	14	maaslin3	raw	0	0
spike_r1_f3	15	maaslin3	raw	0	0
spike_r1_f3	16	maaslin3	raw	0	0.0333333333333333
spike_r1_f3	17	maaslin3	raw	0	0
spike_r1_f3	18	maaslin3	raw	0	0
spike_r1_f3	19	maaslin3	raw	0	0
spike_r1_f3	20	maaslin3	raw	0	0
spike_r1_f3	21	maaslin3	raw	0	0.0333333333333333
spike_r1_f3	22	maaslin3	raw	0	0
spike_r1_f3	23	maaslin3	raw	0	0.0333333333333333
spike_r1_f3	24	maaslin3	raw	0	0
spike_r1_f3	25	maaslin3	raw	0	0
spike_r1_f3	26	maaslin3	raw	0	0
spike_r1_f3	27	maaslin3	raw	0	0
spike_r1_f3	28	maaslin3	raw	0	0
spike_r1_f3	29	maaslin3	raw	1	0
spike_r1_f3	30	maaslin3	raw	0	0
spike_r1_f3	31	maaslin3	raw	1	0
spike_r1_f3	32	maaslin3	raw	0	0
spike_r1_f3	33	maaslin3	raw	0	0
spike_r1_f3	34	maaslin3	raw	0	0
spike_r1_f3	35	maaslin3	raw	0	0
spike_r1_f3	36	maaslin3	raw	0	0.0333333333333333
spike_r1_f3	37	maaslin3	raw	0	0.0666666666666667
spike_r1_f3	38	maaslin3	raw	0	0
spike_r1_f3	39	maaslin3	raw	0	0
spike_r1_f3	40	maaslin3	raw	0	0
spike_r1_f3	41	maaslin3	raw	0	0
spike_r1_f3	42	maaslin3	raw	0	0
spike_r1_f3	43	maaslin3	raw	0	0.0333333333333333
spike_r1_f3	44	maaslin3	raw	0	0
spike_r1_f3	45	maaslin3	raw	0	0.0333333333333333
spike_r1_f3	46	maaslin3	raw	0	0.0333333333333333
spike_r1_f3	47	maaslin3	raw	0	0
spike_r1_f3	48	maaslin3	raw	0	0
spike_r1_f3	49	maaslin3	raw	0	0
spike_r1_f3	50	maaslin3	raw	0	0
spike_r1_f3	51	maaslin3	raw	0	0.0333333333333333
spike_r1_f3	52	maaslin3	raw	0	0
spike_r1_f3	53	maaslin3	raw	0	0
spike_r1_f3	54	maaslin3	raw	0	0.0333333333333333
spike_r1_f3	55	maaslin3	raw	0	0.0333333333333333
spike_r1_f3	56	maaslin3	raw	0	0
spike_r1_f3	57	maaslin3	raw	0	0
spike_r1_f3	58	maaslin3	raw	0	0
spike_r1_f3	59	maaslin3	raw	0	0
spike_r1_f3	60	maaslin3	raw	0	0
spike_r1_f3	61	maaslin3	raw	0	0
spike_r1_f3	62	maaslin3	raw	0	0
spike_r1_f3	63	maaslin3	raw	0	0
spike_r1_f3	64	maaslin3	raw	0	0
spike_r1_f3	65	maaslin3	raw	0	0
spike_r1_f3	66	maaslin3	raw	0	0
spike_r1_f3	67	maaslin3	raw	0	0
spike_r1_f3	68	maaslin3	raw	0	0.0333333333333333
spike_r1_f3	69	maaslin3	raw	0	0
spike_r1_f3	70	maaslin3	raw	0	0
spike_r1_f3	71	maaslin3	raw	0	0
spike_r1_f3	72	maaslin3	raw	0	0
spike_r1_f3	73	maaslin3	raw	0	0
spike_r1_f3	74	maaslin3	raw	0	0
spike_r1_f3	75	maaslin3	raw	0	0.0333333333333333
spike_r1_f3	76	maaslin3	raw	0.5	0.0333333333333333
spike_r1_f3	77	maaslin3	raw	0	0
spike_r1_f3	78	maaslin3	raw	0	0
spike_r1_f3	79	maaslin3	raw	0	0
spike_r1_f3	80	maaslin3	raw	0	0.0333333333333333
spike_r1_f3	81	maaslin3	raw	0	0
spike_r1_f3	82	maaslin3	raw	0	0
spike_r1_f3	83	maaslin3	raw	0	0
spike_r1_f3	84	maaslin3	raw	0	0
spike_r1_f3	85	maaslin3	raw	0	0
spike_r1_f3	86	maaslin3	raw	0	0.0333333333333333
spike_r1_f3	87	maaslin3	raw	0	0
spike_r1_f3	88	maaslin3	raw	0	0
spike_r1_f3	89	maaslin3	raw	0	0
spike_r1_f3	90	maaslin3	raw	0	0
spike_r1_f3	91	maaslin3	raw	0	0
spike_r1_f3	92	maaslin3	raw	0	0
spike_r1_f3	93	maaslin3	raw	0	0
spike_r1_f3	94	maaslin3	raw	0	0
spike_r1_f3	95	maaslin3	raw	0	0
spike_r1_f3	96	maaslin3	raw	0	0
spike_r1_f3	97	maaslin3	raw	0	0
spike_r1_f3	98	maaslin3	raw	0	0
spike_r1_f3	99	maaslin3	raw	0	0
spike_r1_f3	100	maaslin3	raw	0	0.0333333333333333
spike_r1_f3	101	maaslin3	raw	0	0
spike_r1_f3	102	maaslin3	raw	0	0.0666666666666667
spike_r1_f3	103	maaslin3	raw	0	0.0333333333333333
spike_r1_f3	104	maaslin3	raw	0.5	0.0333333333333333
spike_r1_f3	105	maaslin3	raw	0	0
spike_r1_f3	106	maaslin3	raw	0	0
spike_r1_f3	107	maaslin3	raw	0	0
spike_r1_f3	108	maaslin3	raw	0	0
spike_r1_f3	109	maaslin3	raw	0	0
spike_r1_f3	110	maaslin3	raw	0	0
spike_r1_f3	111	maaslin3	raw	0	0
spike_r1_f3	112	maaslin3	raw	0	0.0333333333333333
spike_r1_f3	113	maaslin3	raw	0	0.0333333333333333
spike_r1_f3	114	maaslin3	raw	0.5	0.0333333333333333
spike_r1_f3	115	maaslin3	raw	0	0
spike_r1_f3	116	maaslin3	raw	0	0
spike_r1_f3	117	maaslin3	raw	0	0.0333333333333333
spike_r1_f3	118	maaslin3	raw	0	0.0333333333333333
spike_r1_f3	119	maaslin3	raw	0	0.0333333333333333
spike_r1_f3	120	maaslin3	raw	0	0
spike_r1_f3	121	maaslin3	raw	0	0
spike_r1_f3	122	maaslin3	raw	0	0.0333333333333333
spike_r1_f3	123	maaslin3	raw	0	0.0333333333333333
spike_r1_f3	124	maaslin3	raw	0	0.0666666666666667
spike_r1_f3	125	maaslin3	raw	0	0.0333333333333333
spike_r1_f3	126	maaslin3	raw	0	0
spike_r1_f3	127	maaslin3	raw	0	0
spike_r1_f3	128	maaslin3	raw	0.333333333333333	0.0666666666666667
spike_r1_f3	129	maaslin3	raw	0	0
spike_r1_f3	130	maaslin3	raw	0	0
spike_r1_f3	131	maaslin3	raw	0	0
spike_r1_f3	132	maaslin3	raw	0	0.0333333333333333
spike_r1_f3	133	maaslin3	raw	0	0
spike_r1_f3	134	maaslin3	raw	0	0
spike_r1_f3	135	maaslin3	raw	0	0
spike_r1_f3	136	maaslin3	raw	1	0
spike_r1_f3	137	maaslin3	raw	0	0
spike_r1_f3	138	maaslin3	raw	0	0.0666666666666667
spike_r1_f3	139	maaslin3	raw	0	0
spike_r1_f3	140	maaslin3	raw	0	0
spike_r1_f3	141	maaslin3	raw	0	0
spike_r1_f3	142	maaslin3	raw	0.5	0.0333333333333333
spike_r1_f3	143	maaslin3	raw	0	0
spike_r1_f3	144	maaslin3	raw	0	0
spike_r1_f3	145	maaslin3	raw	0	0
spike_r1_f3	146	maaslin3	raw	0	0
spike_r1_f3	147	maaslin3	raw	0	0
spike_r1_f3	148	maaslin3	raw	0	0
spike_r1_f3	149	maaslin3	raw	0	0
spike_r1_f3	150	maaslin3	raw	0	0
