cell_id	method	condition	scenario	rep	n_tested	n_detected	frac_detected	any_detected	achieved_ratio_depth	achieved_ratio_perm	raref_depth	n_sub
rice_strat_x25	ancombc2	rarefied	real_depth	1	2769	1725	0.62296858071506	1	2.5448331322879	0.605522818889022	10382	192
rice_strat_x25	ancombc2	rarefied	real_depth	2	2854	1515	0.53083391730904	1	2.52703263848518	1.00712344737135	2112	192
rice_strat_x25	ancombc2	rarefied	real_depth	3	2775	1760	0.634234234234234	1	2.51263418662263	1.56745106804176	14853	192
rice_strat_x25	ancombc2	rarefied	real_depth	4	2692	1430	0.531203566121842	1	2.54152629673971	1.64403904177986	2112	192
rice_strat_x25	ancombc2	rarefied	real_depth	5	2783	1513	0.543657923104563	1	2.55664428970521	1.59275576151784	2112	192
rice_strat_x25	ancombc2	rarefied	real_depth	6	2810	1474	0.524555160142349	1	2.4915293351071	0.690102436323367	2112	192
rice_strat_x25	ancombc2	rarefied	real_depth	7	2758	1493	0.541334300217549	1	2.59931666407827	1.37532715429876	2112	192
rice_strat_x25	ancombc2	rarefied	real_depth	8	2756	1416	0.513788098693759	1	2.57509625903982	1.82676976494506	2112	192
rice_strat_x25	ancombc2	rarefied	real_depth	9	2760	1434	0.519565217391304	1	2.49495003905303	0.64327685025309	2112	192
rice_strat_x25	ancombc2	rarefied	real_depth	10	2821	1506	0.533853243530663	1	2.60175595926869	1.61637770072019	2112	192
rice_strat_x25	ancombc2	rarefied	real_depth	11	2736	1752	0.640350877192982	1	2.59132558697709	0.637220719839766	10382	192
rice_strat_x25	ancombc2	rarefied	real_depth	12	2778	1463	0.526637868970482	1	2.54954037540596	1.00590834574641	2112	192
rice_strat_x25	ancombc2	rarefied	real_depth	13	2763	1764	0.63843648208469	1	2.62655492084671	0.635944484908421	10382	192
rice_strat_x25	ancombc2	rarefied	real_depth	14	2717	1485	0.546558704453441	1	2.57663658501647	1.68922308416853	2112	192
rice_strat_x25	ancombc2	rarefied	real_depth	15	2659	1457	0.547950357277172	1	2.50911824484228	1.54580614223464	2112	192
rice_strat_x25	ancombc2	rarefied	real_depth	16	2704	1466	0.54215976331361	1	2.45389427373342	1.53573481309632	2112	192
rice_strat_x25	ancombc2	rarefied	real_depth	17	2724	1415	0.519456681350954	1	2.41667008434838	0.662599802637481	2112	192
rice_strat_x25	ancombc2	rarefied	real_depth	18	2849	1727	0.606177606177606	1	2.4963413653542	0.629919246298789	10382	192
rice_strat_x25	ancombc2	rarefied	real_depth	19	2850	1773	0.622105263157895	1	2.5607372553387	0.594757047134197	14853	192
rice_strat_x25	ancombc2	rarefied	real_depth	20	2726	1651	0.60564930300807	1	2.4644314947097	0.62741518230079	10382	192
rice_strat_x25	ancombc2	rarefied	real_depth	21	2739	1480	0.540343190945601	1	2.49495003905303	0.66108903345219	2112	192
rice_strat_x25	ancombc2	rarefied	real_depth	22	2764	1502	0.543415340086831	1	2.41895822672305	0.64672300851916	2112	192
rice_strat_x25	ancombc2	rarefied	real_depth	23	2739	1748	0.638189120116831	1	2.4084812410784	0.64456027654536	10382	192
rice_strat_x25	ancombc2	rarefied	real_depth	24	2726	1680	0.616287600880411	1	2.56556783695743	1.50903176186913	10382	192
rice_strat_x25	ancombc2	rarefied	real_depth	25	2688	1527	0.568080357142857	1	2.49412396102824	0.993256086877469	2112	192
rice_strat_x25	ancombc2	rarefied	real_depth	26	2704	1520	0.562130177514793	1	2.5509370761011	1.43792556759284	2112	192
rice_strat_x25	ancombc2	rarefied	real_depth	27	2720	1498	0.550735294117647	1	2.54719186086478	1.51388176100629	2112	192
rice_strat_x25	ancombc2	rarefied	real_depth	28	2796	1446	0.517167381974249	1	2.55047626970592	1.61448528788264	2112	192
rice_strat_x25	ancombc2	rarefied	real_depth	29	2732	1458	0.533674963396779	1	2.46989634244589	0.675407890437995	2112	192
rice_strat_x25	ancombc2	rarefied	real_depth	30	2637	1505	0.570724307925673	1	2.55671107291219	1.63725888108004	2112	192
rice_strat_x25	ancombc2	rarefied	real_depth	31	2670	1501	0.562172284644195	1	2.46459239280013	1.52403163870106	2112	192
rice_strat_x25	ancombc2	rarefied	real_depth	32	2679	1410	0.526315789473684	1	2.51992827796524	1.48787796807691	2112	192
rice_strat_x25	ancombc2	rarefied	real_depth	33	2725	1495	0.548623853211009	1	2.59996395447173	0.629919246298789	2112	192
rice_strat_x25	ancombc2	rarefied	real_depth	34	2770	1471	0.531046931407942	1	2.50403708550269	0.996057971980765	2112	192
rice_strat_x25	ancombc2	rarefied	real_depth	35	2746	1479	0.538601602330663	1	2.4609098755464	1.52008232440436	2112	192
rice_strat_x25	ancombc2	rarefied	real_depth	36	2834	1826	0.644318983768525	1	2.6447082798033	1.75155872605741	10382	192
rice_strat_x25	ancombc2	rarefied	real_depth	37	2693	1485	0.551429632380245	1	2.56450041649607	1.65852173169794	2112	192
rice_strat_x25	ancombc2	rarefied	real_depth	38	2816	1502	0.533380681818182	1	2.57758827598865	0.623196979566876	2112	192
rice_strat_x25	ancombc2	rarefied	real_depth	39	2895	1484	0.512607944732297	1	2.62650906137083	1.65081305249372	2112	192
rice_strat_x25	ancombc2	rarefied	real_depth	40	2688	1472	0.547619047619048	1	2.46257421975842	0.626056934401668	2112	192
rice_strat_x25	ancombc2	rarefied	real_depth	41	2654	1662	0.626224566691786	1	2.52457991077013	1.57783897111744	10382	192
rice_strat_x25	ancombc2	rarefied	real_depth	42	2817	1505	0.534256301029464	1	2.54152629673971	1.53201418899829	2112	192
rice_strat_x25	ancombc2	rarefied	real_depth	43	2802	1539	0.549250535331906	1	2.50795614047278	0.683029278030387	2112	192
rice_strat_x25	ancombc2	rarefied	real_depth	44	2710	1469	0.542066420664207	1	2.47471680323891	0.642081333670119	2112	192
rice_strat_x25	ancombc2	rarefied	real_depth	45	2793	1749	0.626208378088077	1	2.54050051213908	1.57695236307121	10382	192
rice_strat_x25	ancombc2	rarefied	real_depth	46	2753	1685	0.61205957137668	1	2.44201170604812	1.65580336439142	14853	192
rice_strat_x25	ancombc2	rarefied	real_depth	47	2798	1507	0.538598999285204	1	2.59251841685107	0.644673201071229	2112	192
rice_strat_x25	ancombc2	rarefied	real_depth	48	2756	1462	0.530478955007257	1	2.51420147828253	1.54558219356181	2112	192
rice_strat_x25	ancombc2	rarefied	real_depth	49	2755	1478	0.536479128856624	1	2.50152867294662	1.43425773584158	2112	192
rice_strat_x25	ancombc2	rarefied	real_depth	50	2789	1457	0.522409465758336	1	2.54392033836587	0.658174402770079	2112	192
rice_strat_x25	ancombc2	rarefied	real_depth	51	2743	1503	0.54794021144732	1	2.52745021147867	0.629601477540189	2112	192
rice_strat_x25	ancombc2	rarefied	real_depth	52	2793	1438	0.514858575008951	1	2.48182014059091	0.983332655137335	2112	192
rice_strat_x25	ancombc2	rarefied	real_depth	53	2748	1490	0.542212518195051	1	2.5336653136377	1.5223260426998	2112	192
rice_strat_x25	ancombc2	rarefied	real_depth	54	2772	1485	0.535714285714286	1	2.55690316797849	0.615765544196434	2112	192
rice_strat_x25	ancombc2	rarefied	real_depth	55	2768	1471	0.53143063583815	1	2.48140305526146	0.658852675090228	2112	192
rice_strat_x25	ancombc2	rarefied	real_depth	56	2782	1524	0.547807332854062	1	2.54457499234346	1.01791637350487	2112	192
rice_strat_x25	ancombc2	rarefied	real_depth	57	2779	1515	0.545160129543001	1	2.53134229025415	0.641318275672051	2112	192
rice_strat_x25	ancombc2	rarefied	real_depth	58	2696	1454	0.539317507418398	1	2.41275389442396	1.57738863612316	2112	192
rice_strat_x25	ancombc2	rarefied	real_depth	59	2738	1445	0.527757487216947	1	2.55671107291219	1.46803278688525	2112	192
rice_strat_x25	ancombc2	rarefied	real_depth	60	2754	1752	0.636165577342048	1	2.55690316797849	1.71523518498308	10382	192
rice_strat_x25	ancombc2	rarefied	real_depth	61	2687	1439	0.535541496092296	1	2.54613404202309	0.64515135124032	2112	192
rice_strat_x25	ancombc2	rarefied	real_depth	62	2776	1470	0.529538904899135	1	2.44072019176385	0.642062370518748	2112	192
rice_strat_x25	ancombc2	rarefied	real_depth	63	2714	1721	0.634119380987472	1	2.52548932260489	1.46688145258412	10382	192
rice_strat_x25	ancombc2	rarefied	real_depth	64	2708	1465	0.540989660265879	1	2.56450041649607	0.580645757708355	2112	192
rice_strat_x25	ancombc2	rarefied	real_depth	65	2763	1488	0.538545059717698	1	2.57758827598865	1.52828276429974	2112	192
rice_strat_x25	ancombc2	rarefied	real_depth	66	2732	1482	0.542459736456808	1	2.47052951208352	0.666588457743028	2112	192
rice_strat_x25	ancombc2	rarefied	real_depth	67	2779	1773	0.637999280316661	1	2.59132558697709	0.668544626807077	10382	192
rice_strat_x25	ancombc2	rarefied	real_depth	68	2841	1485	0.522703273495248	1	2.47417624105788	1.49634915366744	2112	192
rice_strat_x25	ancombc2	rarefied	real_depth	69	2838	1505	0.53030303030303	1	2.64199643493761	0.655333971603756	2112	192
rice_strat_x25	ancombc2	rarefied	real_depth	70	2727	1475	0.540887422075541	1	2.57053023724826	0.662313122923588	2112	192
rice_strat_x25	ancombc2	rarefied	real_depth	71	2815	1502	0.533570159857904	1	2.56332911322728	0.606329573001966	2112	192
rice_strat_x25	ancombc2	rarefied	real_depth	72	2699	1435	0.531678399407188	1	2.48940985805298	1.47425399735207	2112	192
rice_strat_x25	ancombc2	rarefied	real_depth	73	2800	1476	0.527142857142857	1	2.43427859229676	0.585779675753081	2112	192
rice_strat_x25	ancombc2	rarefied	real_depth	74	2703	1501	0.555308916019238	1	2.50869252276943	0.63791202809004	2112	192
rice_strat_x25	ancombc2	rarefied	real_depth	75	2866	1467	0.511863224005583	1	2.4915293351071	0.681296779254924	2112	192
rice_strat_x25	ancombc2	rarefied	real_depth	76	2802	1484	0.529621698786581	1	2.54827036995641	1.55705480243193	2112	192
rice_strat_x25	ancombc2	rarefied	real_depth	77	2793	1521	0.544575725026853	1	2.5091388809143	0.669588578233836	2112	192
rice_strat_x25	ancombc2	rarefied	real_depth	78	2697	1441	0.53429736744531	1	2.54472038289401	0.998516530681979	2112	192
rice_strat_x25	ancombc2	rarefied	real_depth	79	2781	1447	0.520316432937792	1	2.5021934726724	0.588088055965599	2112	192
rice_strat_x25	ancombc2	rarefied	real_depth	80	2724	1708	0.627019089574156	1	2.49439856867603	1.50438140349071	10382	192
rice_strat_x25	ancombc2	rarefied	real_depth	81	2771	1497	0.540238181162035	1	2.52703263848518	1.53647919755228	2112	192
rice_strat_x25	ancombc2	rarefied	real_depth	82	2770	1477	0.533212996389892	1	2.54392033836587	0.630634744601735	2112	192
rice_strat_x25	ancombc2	rarefied	real_depth	83	2783	1783	0.640675530003593	1	2.48032146199152	1.56432967220821	10382	192
rice_strat_x25	ancombc2	rarefied	real_depth	84	2829	1550	0.547896783315659	1	2.55268083690362	1.51243614437652	2112	192
rice_strat_x25	ancombc2	rarefied	real_depth	85	2776	1453	0.523414985590778	1	2.42010849132606	0.596525059421228	2112	192
rice_strat_x25	ancombc2	rarefied	real_depth	86	2887	1528	0.529269137512989	1	2.48488787353605	1.52631470597318	2112	192
rice_strat_x25	ancombc2	rarefied	real_depth	87	2813	1486	0.528261642374689	1	2.42783645100861	0.972391156657472	2112	192
rice_strat_x25	ancombc2	rarefied	real_depth	88	2806	1521	0.542052744119743	1	2.47714724339465	1.02450374524068	2112	192
rice_strat_x25	ancombc2	rarefied	real_depth	89	2760	1753	0.635144927536232	1	2.54152629673971	1.50959167467714	10382	192
rice_strat_x25	ancombc2	rarefied	real_depth	90	2771	1508	0.544207867195958	1	2.5819207450026	0.574942362077186	2112	192
rice_strat_x25	ancombc2	rarefied	real_depth	91	2695	1744	0.647124304267161	1	2.58633387888707	0.999052337567334	10382	192
rice_strat_x25	ancombc2	rarefied	real_depth	92	2729	1490	0.545987541223891	1	2.4789884561083	0.600493858833339	2112	192
rice_strat_x25	ancombc2	rarefied	real_depth	93	2793	1519	0.543859649122807	1	2.5091388809143	0.659716755765163	2112	192
rice_strat_x25	ancombc2	rarefied	real_depth	94	2870	1798	0.626480836236934	1	2.56762225047506	1.5938242280285	10382	192
rice_strat_x25	ancombc2	rarefied	real_depth	95	2895	1512	0.522279792746114	1	2.5182356179466	0.655479258641946	2112	192
rice_strat_x25	ancombc2	rarefied	real_depth	96	2875	1497	0.520695652173913	1	2.48316449985646	0.677025161683612	2112	192
rice_strat_x25	ancombc2	rarefied	real_depth	97	2801	1760	0.628347018921814	1	2.51848924753546	1.51019325580912	16016	192
rice_strat_x25	ancombc2	rarefied	real_depth	98	2745	1644	0.598907103825137	1	2.47641785227051	0.676706177295049	10382	192
rice_strat_x25	ancombc2	rarefied	real_depth	99	2772	1469	0.52994227994228	1	2.61734046345811	0.604379665562188	2112	192
rice_strat_x25	ancombc2	rarefied	real_depth	100	2855	1527	0.534851138353765	1	2.57830191290867	0.658220437624403	2112	192
rice_strat_x25	ancombc2	rarefied	real_perm	1	2769	1385	0.500180570603106	1	2.5448331322879	0.605522818889022	10382	192
rice_strat_x25	ancombc2	rarefied	real_perm	2	2854	1290	0.451997196916608	1	2.52703263848518	1.00712344737135	2112	192
rice_strat_x25	ancombc2	rarefied	real_perm	3	2775	1259	0.453693693693694	1	2.51263418662263	1.56745106804176	14853	192
rice_strat_x25	ancombc2	rarefied	real_perm	4	2692	1185	0.440193164933135	1	2.54152629673971	1.64403904177986	2112	192
rice_strat_x25	ancombc2	rarefied	real_perm	5	2783	1255	0.45095220984549	1	2.55664428970521	1.59275576151784	2112	192
rice_strat_x25	ancombc2	rarefied	real_perm	6	2810	1284	0.456939501779359	1	2.4915293351071	0.690102436323367	2112	192
rice_strat_x25	ancombc2	rarefied	real_perm	7	2758	1138	0.412617839013778	1	2.59931666407827	1.37532715429876	2112	192
rice_strat_x25	ancombc2	rarefied	real_perm	8	2756	1263	0.458272859216255	1	2.57509625903982	1.82676976494506	2112	192
rice_strat_x25	ancombc2	rarefied	real_perm	9	2760	1209	0.43804347826087	1	2.49495003905303	0.64327685025309	2112	192
rice_strat_x25	ancombc2	rarefied	real_perm	10	2821	1256	0.445232187167671	1	2.60175595926869	1.61637770072019	2112	192
rice_strat_x25	ancombc2	rarefied	real_perm	11	2736	1269	0.463815789473684	1	2.59132558697709	0.637220719839766	10382	192
rice_strat_x25	ancombc2	rarefied	real_perm	12	2778	1261	0.453923686105112	1	2.54954037540596	1.00590834574641	2112	192
rice_strat_x25	ancombc2	rarefied	real_perm	13	2763	1417	0.512848353239233	1	2.62655492084671	0.635944484908421	10382	192
rice_strat_x25	ancombc2	rarefied	real_perm	14	2717	1240	0.456385719543614	1	2.57663658501647	1.68922308416853	2112	192
rice_strat_x25	ancombc2	rarefied	real_perm	15	2659	1241	0.46671681083114	1	2.50911824484228	1.54580614223464	2112	192
rice_strat_x25	ancombc2	rarefied	real_perm	16	2704	1251	0.462647928994083	1	2.45389427373342	1.53573481309632	2112	192
rice_strat_x25	ancombc2	rarefied	real_perm	17	2724	1175	0.431350954478708	1	2.41667008434838	0.662599802637481	2112	192
rice_strat_x25	ancombc2	rarefied	real_perm	18	2849	1344	0.471744471744472	1	2.4963413653542	0.629919246298789	10382	192
rice_strat_x25	ancombc2	rarefied	real_perm	19	2850	1353	0.474736842105263	1	2.5607372553387	0.594757047134197	14853	192
rice_strat_x25	ancombc2	rarefied	real_perm	20	2726	1224	0.449009537784299	1	2.4644314947097	0.62741518230079	10382	192
rice_strat_x25	ancombc2	rarefied	real_perm	21	2739	1257	0.458926615553122	1	2.49495003905303	0.66108903345219	2112	192
rice_strat_x25	ancombc2	rarefied	real_perm	22	2764	1237	0.44753979739508	1	2.41895822672305	0.64672300851916	2112	192
rice_strat_x25	ancombc2	rarefied	real_perm	23	2739	1232	0.449799196787149	1	2.4084812410784	0.64456027654536	10382	192
rice_strat_x25	ancombc2	rarefied	real_perm	24	2726	1474	0.540719002201027	1	2.56556783695743	1.50903176186913	10382	192
rice_strat_x25	ancombc2	rarefied	real_perm	25	2688	1227	0.456473214285714	1	2.49412396102824	0.993256086877469	2112	192
rice_strat_x25	ancombc2	rarefied	real_perm	26	2704	1178	0.435650887573964	1	2.5509370761011	1.43792556759284	2112	192
rice_strat_x25	ancombc2	rarefied	real_perm	27	2720	1251	0.459926470588235	1	2.54719186086478	1.51388176100629	2112	192
rice_strat_x25	ancombc2	rarefied	real_perm	28	2796	1203	0.430257510729614	1	2.55047626970592	1.61448528788264	2112	192
rice_strat_x25	ancombc2	rarefied	real_perm	29	2732	1246	0.456076134699854	1	2.46989634244589	0.675407890437995	2112	192
rice_strat_x25	ancombc2	rarefied	real_perm	30	2637	1153	0.437239287068639	1	2.55671107291219	1.63725888108004	2112	192
rice_strat_x25	ancombc2	rarefied	real_perm	31	2670	1207	0.452059925093633	1	2.46459239280013	1.52403163870106	2112	192
rice_strat_x25	ancombc2	rarefied	real_perm	32	2679	1229	0.458753266144084	1	2.51992827796524	1.48787796807691	2112	192
rice_strat_x25	ancombc2	rarefied	real_perm	33	2725	1248	0.457981651376147	1	2.59996395447173	0.629919246298789	2112	192
rice_strat_x25	ancombc2	rarefied	real_perm	34	2770	1284	0.463537906137184	1	2.50403708550269	0.996057971980765	2112	192
rice_strat_x25	ancombc2	rarefied	real_perm	35	2746	1222	0.445010924981792	1	2.4609098755464	1.52008232440436	2112	192
rice_strat_x25	ancombc2	rarefied	real_perm	36	2834	1276	0.450247000705716	1	2.6447082798033	1.75155872605741	10382	192
rice_strat_x25	ancombc2	rarefied	real_perm	37	2693	1229	0.456368362421092	1	2.56450041649607	1.65852173169794	2112	192
rice_strat_x25	ancombc2	rarefied	real_perm	38	2816	1241	0.440696022727273	1	2.57758827598865	0.623196979566876	2112	192
rice_strat_x25	ancombc2	rarefied	real_perm	39	2895	1296	0.447668393782383	1	2.62650906137083	1.65081305249372	2112	192
rice_strat_x25	ancombc2	rarefied	real_perm	40	2688	1229	0.457217261904762	1	2.46257421975842	0.626056934401668	2112	192
rice_strat_x25	ancombc2	rarefied	real_perm	41	2654	1246	0.46948003014318	1	2.52457991077013	1.57783897111744	10382	192
rice_strat_x25	ancombc2	rarefied	real_perm	42	2817	1188	0.421725239616613	1	2.54152629673971	1.53201418899829	2112	192
rice_strat_x25	ancombc2	rarefied	real_perm	43	2802	1182	0.421841541755889	1	2.50795614047278	0.683029278030387	2112	192
rice_strat_x25	ancombc2	rarefied	real_perm	44	2710	1138	0.419926199261993	1	2.47471680323891	0.642081333670119	2112	192
rice_strat_x25	ancombc2	rarefied	real_perm	45	2793	1312	0.469745793054064	1	2.54050051213908	1.57695236307121	10382	192
rice_strat_x25	ancombc2	rarefied	real_perm	46	2753	1257	0.456592807845986	1	2.44201170604812	1.65580336439142	14853	192
rice_strat_x25	ancombc2	rarefied	real_perm	47	2798	1251	0.44710507505361	1	2.59251841685107	0.644673201071229	2112	192
rice_strat_x25	ancombc2	rarefied	real_perm	48	2756	1174	0.425979680696662	1	2.51420147828253	1.54558219356181	2112	192
rice_strat_x25	ancombc2	rarefied	real_perm	49	2755	1239	0.4497277676951	1	2.50152867294662	1.43425773584158	2112	192
rice_strat_x25	ancombc2	rarefied	real_perm	50	2789	1257	0.45069917533166	1	2.54392033836587	0.658174402770079	2112	192
rice_strat_x25	ancombc2	rarefied	real_perm	51	2743	1257	0.458257382427999	1	2.52745021147867	0.629601477540189	2112	192
rice_strat_x25	ancombc2	rarefied	real_perm	52	2793	1267	0.453634085213033	1	2.48182014059091	0.983332655137335	2112	192
rice_strat_x25	ancombc2	rarefied	real_perm	53	2748	1184	0.430858806404658	1	2.5336653136377	1.5223260426998	2112	192
rice_strat_x25	ancombc2	rarefied	real_perm	54	2772	1213	0.437590187590188	1	2.55690316797849	0.615765544196434	2112	192
rice_strat_x25	ancombc2	rarefied	real_perm	55	2768	1160	0.41907514450867	1	2.48140305526146	0.658852675090228	2112	192
rice_strat_x25	ancombc2	rarefied	real_perm	56	2782	1245	0.447519769949677	1	2.54457499234346	1.01791637350487	2112	192
rice_strat_x25	ancombc2	rarefied	real_perm	57	2779	1242	0.446923353724361	1	2.53134229025415	0.641318275672051	2112	192
rice_strat_x25	ancombc2	rarefied	real_perm	58	2696	1208	0.448071216617211	1	2.41275389442396	1.57738863612316	2112	192
rice_strat_x25	ancombc2	rarefied	real_perm	59	2738	1244	0.454346238130022	1	2.55671107291219	1.46803278688525	2112	192
rice_strat_x25	ancombc2	rarefied	real_perm	60	2754	1391	0.505083514887436	1	2.55690316797849	1.71523518498308	10382	192
rice_strat_x25	ancombc2	rarefied	real_perm	61	2687	1167	0.434313360625233	1	2.54613404202309	0.64515135124032	2112	192
rice_strat_x25	ancombc2	rarefied	real_perm	62	2776	1293	0.465778097982709	1	2.44072019176385	0.642062370518748	2112	192
rice_strat_x25	ancombc2	rarefied	real_perm	63	2714	1251	0.460943257184967	1	2.52548932260489	1.46688145258412	10382	192
rice_strat_x25	ancombc2	rarefied	real_perm	64	2708	1245	0.459748892171344	1	2.56450041649607	0.580645757708355	2112	192
rice_strat_x25	ancombc2	rarefied	real_perm	65	2763	1219	0.441187115454216	1	2.57758827598865	1.52828276429974	2112	192
rice_strat_x25	ancombc2	rarefied	real_perm	66	2732	1237	0.452781844802343	1	2.47052951208352	0.666588457743028	2112	192
rice_strat_x25	ancombc2	rarefied	real_perm	67	2779	1265	0.455199712126664	1	2.59132558697709	0.668544626807077	10382	192
rice_strat_x25	ancombc2	rarefied	real_perm	68	2841	1283	0.45160154875044	1	2.47417624105788	1.49634915366744	2112	192
rice_strat_x25	ancombc2	rarefied	real_perm	69	2838	1203	0.423890063424947	1	2.64199643493761	0.655333971603756	2112	192
rice_strat_x25	ancombc2	rarefied	real_perm	70	2727	1219	0.447011367803447	1	2.57053023724826	0.662313122923588	2112	192
rice_strat_x25	ancombc2	rarefied	real_perm	71	2815	1269	0.450799289520426	1	2.56332911322728	0.606329573001966	2112	192
rice_strat_x25	ancombc2	rarefied	real_perm	72	2699	1232	0.45646535753983	1	2.48940985805298	1.47425399735207	2112	192
rice_strat_x25	ancombc2	rarefied	real_perm	73	2800	1259	0.449642857142857	1	2.43427859229676	0.585779675753081	2112	192
rice_strat_x25	ancombc2	rarefied	real_perm	74	2703	1244	0.460229374768775	1	2.50869252276943	0.63791202809004	2112	192
rice_strat_x25	ancombc2	rarefied	real_perm	75	2866	1299	0.45324494068388	1	2.4915293351071	0.681296779254924	2112	192
rice_strat_x25	ancombc2	rarefied	real_perm	76	2802	1269	0.452890792291221	1	2.54827036995641	1.55705480243193	2112	192
rice_strat_x25	ancombc2	rarefied	real_perm	77	2793	1244	0.445399212316506	1	2.5091388809143	0.669588578233836	2112	192
rice_strat_x25	ancombc2	rarefied	real_perm	78	2697	1261	0.467556544308491	1	2.54472038289401	0.998516530681979	2112	192
rice_strat_x25	ancombc2	rarefied	real_perm	79	2781	1305	0.469255663430421	1	2.5021934726724	0.588088055965599	2112	192
rice_strat_x25	ancombc2	rarefied	real_perm	80	2724	1291	0.473935389133627	1	2.49439856867603	1.50438140349071	10382	192
rice_strat_x25	ancombc2	rarefied	real_perm	81	2771	1264	0.45615301335258	1	2.52703263848518	1.53647919755228	2112	192
rice_strat_x25	ancombc2	rarefied	real_perm	82	2770	1171	0.422743682310469	1	2.54392033836587	0.630634744601735	2112	192
rice_strat_x25	ancombc2	rarefied	real_perm	83	2783	1258	0.45203018325548	1	2.48032146199152	1.56432967220821	10382	192
rice_strat_x25	ancombc2	rarefied	real_perm	84	2829	1330	0.470130788264404	1	2.55268083690362	1.51243614437652	2112	192
rice_strat_x25	ancombc2	rarefied	real_perm	85	2776	1308	0.471181556195965	1	2.42010849132606	0.596525059421228	2112	192
rice_strat_x25	ancombc2	rarefied	real_perm	86	2887	1233	0.427086941461725	1	2.48488787353605	1.52631470597318	2112	192
rice_strat_x25	ancombc2	rarefied	real_perm	87	2813	1280	0.455030216850338	1	2.42783645100861	0.972391156657472	2112	192
rice_strat_x25	ancombc2	rarefied	real_perm	88	2806	1338	0.476835352815396	1	2.47714724339465	1.02450374524068	2112	192
rice_strat_x25	ancombc2	rarefied	real_perm	89	2760	1354	0.490579710144928	1	2.54152629673971	1.50959167467714	10382	192
rice_strat_x25	ancombc2	rarefied	real_perm	90	2771	1195	0.431252255503428	1	2.5819207450026	0.574942362077186	2112	192
rice_strat_x25	ancombc2	rarefied	real_perm	91	2695	1282	0.47569573283859	1	2.58633387888707	0.999052337567334	10382	192
rice_strat_x25	ancombc2	rarefied	real_perm	92	2729	1143	0.418834737999267	1	2.4789884561083	0.600493858833339	2112	192
rice_strat_x25	ancombc2	rarefied	real_perm	93	2793	1267	0.453634085213033	1	2.5091388809143	0.659716755765163	2112	192
rice_strat_x25	ancombc2	rarefied	real_perm	94	2870	1346	0.468989547038328	1	2.56762225047506	1.5938242280285	10382	192
rice_strat_x25	ancombc2	rarefied	real_perm	95	2895	1328	0.458721934369603	1	2.5182356179466	0.655479258641946	2112	192
rice_strat_x25	ancombc2	rarefied	real_perm	96	2875	1267	0.440695652173913	1	2.48316449985646	0.677025161683612	2112	192
rice_strat_x25	ancombc2	rarefied	real_perm	97	2801	1228	0.438414851838629	1	2.51848924753546	1.51019325580912	16016	192
rice_strat_x25	ancombc2	rarefied	real_perm	98	2745	1302	0.47431693989071	1	2.47641785227051	0.676706177295049	10382	192
rice_strat_x25	ancombc2	rarefied	real_perm	99	2772	1220	0.44011544011544	1	2.61734046345811	0.604379665562188	2112	192
rice_strat_x25	ancombc2	rarefied	real_perm	100	2855	1247	0.43677758318739	1	2.57830191290867	0.658220437624403	2112	192
rice_strat_x25	ancombc2	raw	real_depth	1	2769	1720	0.621162874684001	1	2.5448331322879	0.605522818889022	10382	192
rice_strat_x25	ancombc2	raw	real_depth	2	2854	1882	0.659425367904695	1	2.52703263848518	1.00712344737135	2112	192
rice_strat_x25	ancombc2	raw	real_depth	3	2775	1851	0.667027027027027	1	2.51263418662263	1.56745106804176	14853	192
rice_strat_x25	ancombc2	raw	real_depth	4	2692	1699	0.63112927191679	1	2.54152629673971	1.64403904177986	2112	192
rice_strat_x25	ancombc2	raw	real_depth	5	2783	1761	0.632770391663672	1	2.55664428970521	1.59275576151784	2112	192
rice_strat_x25	ancombc2	raw	real_depth	6	2810	1853	0.659430604982206	1	2.4915293351071	0.690102436323367	2112	192
rice_strat_x25	ancombc2	raw	real_depth	7	2758	1821	0.660261058738216	1	2.59931666407827	1.37532715429876	2112	192
rice_strat_x25	ancombc2	raw	real_depth	8	2756	1782	0.646589259796807	1	2.57509625903982	1.82676976494506	2112	192
rice_strat_x25	ancombc2	raw	real_depth	9	2760	1759	0.63731884057971	1	2.49495003905303	0.64327685025309	2112	192
rice_strat_x25	ancombc2	raw	real_depth	10	2821	1850	0.65579581708614	1	2.60175595926869	1.61637770072019	2112	192
rice_strat_x25	ancombc2	raw	real_depth	11	2736	1739	0.635599415204678	1	2.59132558697709	0.637220719839766	10382	192
rice_strat_x25	ancombc2	raw	real_depth	12	2778	1768	0.636429085673146	1	2.54954037540596	1.00590834574641	2112	192
rice_strat_x25	ancombc2	raw	real_depth	13	2763	1816	0.657256605139341	1	2.62655492084671	0.635944484908421	10382	192
rice_strat_x25	ancombc2	raw	real_depth	14	2717	1757	0.646669120353331	1	2.57663658501647	1.68922308416853	2112	192
rice_strat_x25	ancombc2	raw	real_depth	15	2659	1637	0.615644979315532	1	2.50911824484228	1.54580614223464	2112	192
rice_strat_x25	ancombc2	raw	real_depth	16	2704	1723	0.637204142011834	1	2.45389427373342	1.53573481309632	2112	192
rice_strat_x25	ancombc2	raw	real_depth	17	2724	1691	0.620778267254038	1	2.41667008434838	0.662599802637481	2112	192
rice_strat_x25	ancombc2	raw	real_depth	18	2849	1792	0.628992628992629	1	2.4963413653542	0.629919246298789	10382	192
rice_strat_x25	ancombc2	raw	real_depth	19	2850	1814	0.636491228070175	1	2.5607372553387	0.594757047134197	14853	192
rice_strat_x25	ancombc2	raw	real_depth	20	2726	1658	0.608217168011739	1	2.4644314947097	0.62741518230079	10382	192
rice_strat_x25	ancombc2	raw	real_depth	21	2739	1828	0.667396860167945	1	2.49495003905303	0.66108903345219	2112	192
rice_strat_x25	ancombc2	raw	real_depth	22	2764	1838	0.664978292329957	1	2.41895822672305	0.64672300851916	2112	192
rice_strat_x25	ancombc2	raw	real_depth	23	2739	1712	0.62504563709383	1	2.4084812410784	0.64456027654536	10382	192
rice_strat_x25	ancombc2	raw	real_depth	24	2726	1733	0.635730007336757	1	2.56556783695743	1.50903176186913	10382	192
rice_strat_x25	ancombc2	raw	real_depth	25	2688	1801	0.670014880952381	1	2.49412396102824	0.993256086877469	2112	192
rice_strat_x25	ancombc2	raw	real_depth	26	2704	1751	0.647559171597633	1	2.5509370761011	1.43792556759284	2112	192
rice_strat_x25	ancombc2	raw	real_depth	27	2720	1706	0.627205882352941	1	2.54719186086478	1.51388176100629	2112	192
rice_strat_x25	ancombc2	raw	real_depth	28	2796	1733	0.619814020028612	1	2.55047626970592	1.61448528788264	2112	192
rice_strat_x25	ancombc2	raw	real_depth	29	2732	1669	0.61090775988287	1	2.46989634244589	0.675407890437995	2112	192
rice_strat_x25	ancombc2	raw	real_depth	30	2637	1643	0.623056503602579	1	2.55671107291219	1.63725888108004	2112	192
rice_strat_x25	ancombc2	raw	real_depth	31	2670	1765	0.661048689138577	1	2.46459239280013	1.52403163870106	2112	192
rice_strat_x25	ancombc2	raw	real_depth	32	2679	1763	0.658081373646883	1	2.51992827796524	1.48787796807691	2112	192
rice_strat_x25	ancombc2	raw	real_depth	33	2725	1733	0.635963302752294	1	2.59996395447173	0.629919246298789	2112	192
rice_strat_x25	ancombc2	raw	real_depth	34	2770	1760	0.635379061371841	1	2.50403708550269	0.996057971980765	2112	192
rice_strat_x25	ancombc2	raw	real_depth	35	2746	1790	0.651857246904588	1	2.4609098755464	1.52008232440436	2112	192
rice_strat_x25	ancombc2	raw	real_depth	36	2834	1783	0.629146083274524	1	2.6447082798033	1.75155872605741	10382	192
rice_strat_x25	ancombc2	raw	real_depth	37	2693	1755	0.65168956554029	1	2.56450041649607	1.65852173169794	2112	192
rice_strat_x25	ancombc2	raw	real_depth	38	2816	1802	0.639914772727273	1	2.57758827598865	0.623196979566876	2112	192
rice_strat_x25	ancombc2	raw	real_depth	39	2895	1877	0.648359240069085	1	2.62650906137083	1.65081305249372	2112	192
rice_strat_x25	ancombc2	raw	real_depth	40	2688	1695	0.630580357142857	1	2.46257421975842	0.626056934401668	2112	192
rice_strat_x25	ancombc2	raw	real_depth	41	2654	1680	0.633006782215524	1	2.52457991077013	1.57783897111744	10382	192
rice_strat_x25	ancombc2	raw	real_depth	42	2817	1764	0.626198083067093	1	2.54152629673971	1.53201418899829	2112	192
rice_strat_x25	ancombc2	raw	real_depth	43	2802	1729	0.617059243397573	1	2.50795614047278	0.683029278030387	2112	192
rice_strat_x25	ancombc2	raw	real_depth	44	2710	1680	0.619926199261993	1	2.47471680323891	0.642081333670119	2112	192
rice_strat_x25	ancombc2	raw	real_depth	45	2793	1749	0.626208378088077	1	2.54050051213908	1.57695236307121	10382	192
rice_strat_x25	ancombc2	raw	real_depth	46	2753	1691	0.614239011986923	1	2.44201170604812	1.65580336439142	14853	192
rice_strat_x25	ancombc2	raw	real_depth	47	2798	1836	0.656182987848463	1	2.59251841685107	0.644673201071229	2112	192
rice_strat_x25	ancombc2	raw	real_depth	48	2756	1665	0.604136429608128	1	2.51420147828253	1.54558219356181	2112	192
rice_strat_x25	ancombc2	raw	real_depth	49	2755	1814	0.658439201451906	1	2.50152867294662	1.43425773584158	2112	192
rice_strat_x25	ancombc2	raw	real_depth	50	2789	1817	0.651487988526353	1	2.54392033836587	0.658174402770079	2112	192
rice_strat_x25	ancombc2	raw	real_depth	51	2743	1761	0.641997812613926	1	2.52745021147867	0.629601477540189	2112	192
rice_strat_x25	ancombc2	raw	real_depth	52	2793	1657	0.593268886501969	1	2.48182014059091	0.983332655137335	2112	192
rice_strat_x25	ancombc2	raw	real_depth	53	2748	1748	0.636098981077147	1	2.5336653136377	1.5223260426998	2112	192
rice_strat_x25	ancombc2	raw	real_depth	54	2772	1782	0.642857142857143	1	2.55690316797849	0.615765544196434	2112	192
rice_strat_x25	ancombc2	raw	real_depth	55	2768	1728	0.624277456647399	1	2.48140305526146	0.658852675090228	2112	192
rice_strat_x25	ancombc2	raw	real_depth	56	2782	1738	0.624730409777139	1	2.54457499234346	1.01791637350487	2112	192
rice_strat_x25	ancombc2	raw	real_depth	57	2779	1753	0.630802446923354	1	2.53134229025415	0.641318275672051	2112	192
rice_strat_x25	ancombc2	raw	real_depth	58	2696	1698	0.629821958456973	1	2.41275389442396	1.57738863612316	2112	192
rice_strat_x25	ancombc2	raw	real_depth	59	2738	1746	0.637691745799854	1	2.55671107291219	1.46803278688525	2112	192
rice_strat_x25	ancombc2	raw	real_depth	60	2754	1759	0.638707334785766	1	2.55690316797849	1.71523518498308	10382	192
rice_strat_x25	ancombc2	raw	real_depth	61	2687	1712	0.637141793822106	1	2.54613404202309	0.64515135124032	2112	192
rice_strat_x25	ancombc2	raw	real_depth	62	2776	1808	0.651296829971182	1	2.44072019176385	0.642062370518748	2112	192
rice_strat_x25	ancombc2	raw	real_depth	63	2714	1722	0.63448784082535	1	2.52548932260489	1.46688145258412	10382	192
rice_strat_x25	ancombc2	raw	real_depth	64	2708	1767	0.652511078286558	1	2.56450041649607	0.580645757708355	2112	192
rice_strat_x25	ancombc2	raw	real_depth	65	2763	1807	0.653999276149113	1	2.57758827598865	1.52828276429974	2112	192
rice_strat_x25	ancombc2	raw	real_depth	66	2732	1767	0.646778916544656	1	2.47052951208352	0.666588457743028	2112	192
rice_strat_x25	ancombc2	raw	real_depth	67	2779	1815	0.653112630442605	1	2.59132558697709	0.668544626807077	10382	192
rice_strat_x25	ancombc2	raw	real_depth	68	2841	1812	0.637803590285111	1	2.47417624105788	1.49634915366744	2112	192
rice_strat_x25	ancombc2	raw	real_depth	69	2838	1817	0.640239605355884	1	2.64199643493761	0.655333971603756	2112	192
rice_strat_x25	ancombc2	raw	real_depth	70	2727	1848	0.677667766776678	1	2.57053023724826	0.662313122923588	2112	192
rice_strat_x25	ancombc2	raw	real_depth	71	2815	1761	0.625577264653641	1	2.56332911322728	0.606329573001966	2112	192
rice_strat_x25	ancombc2	raw	real_depth	72	2699	1755	0.650240829937014	1	2.48940985805298	1.47425399735207	2112	192
rice_strat_x25	ancombc2	raw	real_depth	73	2800	1699	0.606785714285714	1	2.43427859229676	0.585779675753081	2112	192
rice_strat_x25	ancombc2	raw	real_depth	74	2703	1745	0.645578986311506	1	2.50869252276943	0.63791202809004	2112	192
rice_strat_x25	ancombc2	raw	real_depth	75	2866	1808	0.630844382414515	1	2.4915293351071	0.681296779254924	2112	192
rice_strat_x25	ancombc2	raw	real_depth	76	2802	1823	0.650606709493219	1	2.54827036995641	1.55705480243193	2112	192
rice_strat_x25	ancombc2	raw	real_depth	77	2793	1785	0.639097744360902	1	2.5091388809143	0.669588578233836	2112	192
rice_strat_x25	ancombc2	raw	real_depth	78	2697	1742	0.645902855024101	1	2.54472038289401	0.998516530681979	2112	192
rice_strat_x25	ancombc2	raw	real_depth	79	2781	1771	0.636821287306724	1	2.5021934726724	0.588088055965599	2112	192
rice_strat_x25	ancombc2	raw	real_depth	80	2724	1723	0.632525697503671	1	2.49439856867603	1.50438140349071	10382	192
rice_strat_x25	ancombc2	raw	real_depth	81	2771	1756	0.63370624323349	1	2.52703263848518	1.53647919755228	2112	192
rice_strat_x25	ancombc2	raw	real_depth	82	2770	1803	0.650902527075812	1	2.54392033836587	0.630634744601735	2112	192
rice_strat_x25	ancombc2	raw	real_depth	83	2783	1814	0.651814588573482	1	2.48032146199152	1.56432967220821	10382	192
rice_strat_x25	ancombc2	raw	real_depth	84	2829	1818	0.642629904559915	1	2.55268083690362	1.51243614437652	2112	192
rice_strat_x25	ancombc2	raw	real_depth	85	2776	1741	0.627161383285303	1	2.42010849132606	0.596525059421228	2112	192
rice_strat_x25	ancombc2	raw	real_depth	86	2887	1813	0.627987530308278	1	2.48488787353605	1.52631470597318	2112	192
rice_strat_x25	ancombc2	raw	real_depth	87	2813	1726	0.613579808034127	1	2.42783645100861	0.972391156657472	2112	192
rice_strat_x25	ancombc2	raw	real_depth	88	2806	1776	0.632929436920884	1	2.47714724339465	1.02450374524068	2112	192
rice_strat_x25	ancombc2	raw	real_depth	89	2760	1794	0.65	1	2.54152629673971	1.50959167467714	10382	192
rice_strat_x25	ancombc2	raw	real_depth	90	2771	1759	0.634788884879105	1	2.5819207450026	0.574942362077186	2112	192
rice_strat_x25	ancombc2	raw	real_depth	91	2695	1744	0.647124304267161	1	2.58633387888707	0.999052337567334	10382	192
rice_strat_x25	ancombc2	raw	real_depth	92	2729	1754	0.642726273360205	1	2.4789884561083	0.600493858833339	2112	192
rice_strat_x25	ancombc2	raw	real_depth	93	2793	1703	0.609738632295023	1	2.5091388809143	0.659716755765163	2112	192
rice_strat_x25	ancombc2	raw	real_depth	94	2870	1819	0.633797909407666	1	2.56762225047506	1.5938242280285	10382	192
rice_strat_x25	ancombc2	raw	real_depth	95	2895	1914	0.661139896373057	1	2.5182356179466	0.655479258641946	2112	192
rice_strat_x25	ancombc2	raw	real_depth	96	2875	1855	0.645217391304348	1	2.48316449985646	0.677025161683612	2112	192
rice_strat_x25	ancombc2	raw	real_depth	97	2801	1786	0.637629418064977	1	2.51848924753546	1.51019325580912	16016	192
rice_strat_x25	ancombc2	raw	real_depth	98	2745	1731	0.630601092896175	1	2.47641785227051	0.676706177295049	10382	192
rice_strat_x25	ancombc2	raw	real_depth	99	2772	1730	0.624098124098124	1	2.61734046345811	0.604379665562188	2112	192
rice_strat_x25	ancombc2	raw	real_depth	100	2855	1808	0.633274956217163	1	2.57830191290867	0.658220437624403	2112	192
rice_strat_x25	ancombc2	raw	real_perm	1	2769	1250	0.451426507764536	1	2.5448331322879	0.605522818889022	10382	192
rice_strat_x25	ancombc2	raw	real_perm	2	2854	1255	0.439733707077786	1	2.52703263848518	1.00712344737135	2112	192
rice_strat_x25	ancombc2	raw	real_perm	3	2775	1148	0.413693693693694	1	2.51263418662263	1.56745106804176	14853	192
rice_strat_x25	ancombc2	raw	real_perm	4	2692	1107	0.411218424962853	1	2.54152629673971	1.64403904177986	2112	192
rice_strat_x25	ancombc2	raw	real_perm	5	2783	1200	0.431189363995688	1	2.55664428970521	1.59275576151784	2112	192
rice_strat_x25	ancombc2	raw	real_perm	6	2810	1241	0.441637010676157	1	2.4915293351071	0.690102436323367	2112	192
rice_strat_x25	ancombc2	raw	real_perm	7	2758	1142	0.414068165337201	1	2.59931666407827	1.37532715429876	2112	192
rice_strat_x25	ancombc2	raw	real_perm	8	2756	1244	0.451378809869376	1	2.57509625903982	1.82676976494506	2112	192
rice_strat_x25	ancombc2	raw	real_perm	9	2760	1268	0.459420289855072	1	2.49495003905303	0.64327685025309	2112	192
rice_strat_x25	ancombc2	raw	real_perm	10	2821	1200	0.425381070542361	1	2.60175595926869	1.61637770072019	2112	192
rice_strat_x25	ancombc2	raw	real_perm	11	2736	1132	0.41374269005848	1	2.59132558697709	0.637220719839766	10382	192
rice_strat_x25	ancombc2	raw	real_perm	12	2778	1050	0.377969762419006	1	2.54954037540596	1.00590834574641	2112	192
rice_strat_x25	ancombc2	raw	real_perm	13	2763	1239	0.44842562432139	1	2.62655492084671	0.635944484908421	10382	192
rice_strat_x25	ancombc2	raw	real_perm	14	2717	1289	0.47442031652558	1	2.57663658501647	1.68922308416853	2112	192
rice_strat_x25	ancombc2	raw	real_perm	15	2659	1206	0.453553967657014	1	2.50911824484228	1.54580614223464	2112	192
rice_strat_x25	ancombc2	raw	real_perm	16	2704	1099	0.406434911242604	1	2.45389427373342	1.53573481309632	2112	192
rice_strat_x25	ancombc2	raw	real_perm	17	2724	1088	0.399412628487518	1	2.41667008434838	0.662599802637481	2112	192
rice_strat_x25	ancombc2	raw	real_perm	18	2849	1233	0.432783432783433	1	2.4963413653542	0.629919246298789	10382	192
rice_strat_x25	ancombc2	raw	real_perm	19	2850	1369	0.480350877192982	1	2.5607372553387	0.594757047134197	14853	192
rice_strat_x25	ancombc2	raw	real_perm	20	2726	1128	0.413793103448276	1	2.4644314947097	0.62741518230079	10382	192
rice_strat_x25	ancombc2	raw	real_perm	21	2739	1216	0.443957648776926	1	2.49495003905303	0.66108903345219	2112	192
rice_strat_x25	ancombc2	raw	real_perm	22	2764	1230	0.445007235890014	1	2.41895822672305	0.64672300851916	2112	192
rice_strat_x25	ancombc2	raw	real_perm	23	2739	1112	0.405987586710478	1	2.4084812410784	0.64456027654536	10382	192
rice_strat_x25	ancombc2	raw	real_perm	24	2726	1467	0.538151137197359	1	2.56556783695743	1.50903176186913	10382	192
rice_strat_x25	ancombc2	raw	real_perm	25	2688	1141	0.424479166666667	1	2.49412396102824	0.993256086877469	2112	192
rice_strat_x25	ancombc2	raw	real_perm	26	2704	1235	0.456730769230769	1	2.5509370761011	1.43792556759284	2112	192
rice_strat_x25	ancombc2	raw	real_perm	27	2720	1264	0.464705882352941	1	2.54719186086478	1.51388176100629	2112	192
rice_strat_x25	ancombc2	raw	real_perm	28	2796	1058	0.378397711015737	1	2.55047626970592	1.61448528788264	2112	192
rice_strat_x25	ancombc2	raw	real_perm	29	2732	1106	0.404831625183016	1	2.46989634244589	0.675407890437995	2112	192
rice_strat_x25	ancombc2	raw	real_perm	30	2637	1223	0.463784603716344	1	2.55671107291219	1.63725888108004	2112	192
rice_strat_x25	ancombc2	raw	real_perm	31	2670	1108	0.41498127340824	1	2.46459239280013	1.52403163870106	2112	192
rice_strat_x25	ancombc2	raw	real_perm	32	2679	1212	0.452407614781635	1	2.51992827796524	1.48787796807691	2112	192
rice_strat_x25	ancombc2	raw	real_perm	33	2725	1130	0.414678899082569	1	2.59996395447173	0.629919246298789	2112	192
rice_strat_x25	ancombc2	raw	real_perm	34	2770	1139	0.411191335740072	1	2.50403708550269	0.996057971980765	2112	192
rice_strat_x25	ancombc2	raw	real_perm	35	2746	1183	0.430808448652586	1	2.4609098755464	1.52008232440436	2112	192
rice_strat_x25	ancombc2	raw	real_perm	36	2834	1145	0.404022582921665	1	2.6447082798033	1.75155872605741	10382	192
rice_strat_x25	ancombc2	raw	real_perm	37	2693	1238	0.459710360193093	1	2.56450041649607	1.65852173169794	2112	192
rice_strat_x25	ancombc2	raw	real_perm	38	2816	1232	0.4375	1	2.57758827598865	0.623196979566876	2112	192
rice_strat_x25	ancombc2	raw	real_perm	39	2895	1261	0.435578583765112	1	2.62650906137083	1.65081305249372	2112	192
rice_strat_x25	ancombc2	raw	real_perm	40	2688	1199	0.446056547619048	1	2.46257421975842	0.626056934401668	2112	192
rice_strat_x25	ancombc2	raw	real_perm	41	2654	1130	0.425772418990203	1	2.52457991077013	1.57783897111744	10382	192
rice_strat_x25	ancombc2	raw	real_perm	42	2817	1184	0.420305289314874	1	2.54152629673971	1.53201418899829	2112	192
rice_strat_x25	ancombc2	raw	real_perm	43	2802	1138	0.406138472519629	1	2.50795614047278	0.683029278030387	2112	192
rice_strat_x25	ancombc2	raw	real_perm	44	2710	1175	0.433579335793358	1	2.47471680323891	0.642081333670119	2112	192
rice_strat_x25	ancombc2	raw	real_perm	45	2793	1221	0.437164339419979	1	2.54050051213908	1.57695236307121	10382	192
rice_strat_x25	ancombc2	raw	real_perm	46	2753	1174	0.426443879404286	1	2.44201170604812	1.65580336439142	14853	192
rice_strat_x25	ancombc2	raw	real_perm	47	2798	1158	0.413867047891351	1	2.59251841685107	0.644673201071229	2112	192
rice_strat_x25	ancombc2	raw	real_perm	48	2756	1115	0.404571843251089	1	2.51420147828253	1.54558219356181	2112	192
rice_strat_x25	ancombc2	raw	real_perm	49	2755	1231	0.446823956442831	1	2.50152867294662	1.43425773584158	2112	192
rice_strat_x25	ancombc2	raw	real_perm	50	2789	1149	0.411975618501255	1	2.54392033836587	0.658174402770079	2112	192
rice_strat_x25	ancombc2	raw	real_perm	51	2743	1191	0.434196135617937	1	2.52745021147867	0.629601477540189	2112	192
rice_strat_x25	ancombc2	raw	real_perm	52	2793	1252	0.448263515932689	1	2.48182014059091	0.983332655137335	2112	192
rice_strat_x25	ancombc2	raw	real_perm	53	2748	1002	0.364628820960699	1	2.5336653136377	1.5223260426998	2112	192
rice_strat_x25	ancombc2	raw	real_perm	54	2772	1149	0.414502164502164	1	2.55690316797849	0.615765544196434	2112	192
rice_strat_x25	ancombc2	raw	real_perm	55	2768	1116	0.403179190751445	1	2.48140305526146	0.658852675090228	2112	192
rice_strat_x25	ancombc2	raw	real_perm	56	2782	1217	0.43745506829619	1	2.54457499234346	1.01791637350487	2112	192
rice_strat_x25	ancombc2	raw	real_perm	57	2779	1173	0.422094278517452	1	2.53134229025415	0.641318275672051	2112	192
rice_strat_x25	ancombc2	raw	real_perm	58	2696	1170	0.433976261127596	1	2.41275389442396	1.57738863612316	2112	192
rice_strat_x25	ancombc2	raw	real_perm	59	2738	1086	0.39663988312637	1	2.55671107291219	1.46803278688525	2112	192
rice_strat_x25	ancombc2	raw	real_perm	60	2754	1285	0.466594045025418	1	2.55690316797849	1.71523518498308	10382	192
rice_strat_x25	ancombc2	raw	real_perm	61	2687	1142	0.425009304056569	1	2.54613404202309	0.64515135124032	2112	192
rice_strat_x25	ancombc2	raw	real_perm	62	2776	1190	0.428674351585014	1	2.44072019176385	0.642062370518748	2112	192
rice_strat_x25	ancombc2	raw	real_perm	63	2714	1068	0.393515106853353	1	2.52548932260489	1.46688145258412	10382	192
rice_strat_x25	ancombc2	raw	real_perm	64	2708	1091	0.40288035450517	1	2.56450041649607	0.580645757708355	2112	192
rice_strat_x25	ancombc2	raw	real_perm	65	2763	1314	0.47557003257329	1	2.57758827598865	1.52828276429974	2112	192
rice_strat_x25	ancombc2	raw	real_perm	66	2732	1207	0.441800878477306	1	2.47052951208352	0.666588457743028	2112	192
rice_strat_x25	ancombc2	raw	real_perm	67	2779	1049	0.377473911478949	1	2.59132558697709	0.668544626807077	10382	192
rice_strat_x25	ancombc2	raw	real_perm	68	2841	1399	0.492432242168251	1	2.47417624105788	1.49634915366744	2112	192
rice_strat_x25	ancombc2	raw	real_perm	69	2838	1098	0.386892177589852	1	2.64199643493761	0.655333971603756	2112	192
rice_strat_x25	ancombc2	raw	real_perm	70	2727	1187	0.435276861019435	1	2.57053023724826	0.662313122923588	2112	192
rice_strat_x25	ancombc2	raw	real_perm	71	2815	1255	0.44582593250444	1	2.56332911322728	0.606329573001966	2112	192
rice_strat_x25	ancombc2	raw	real_perm	72	2699	1137	0.421267135976288	1	2.48940985805298	1.47425399735207	2112	192
rice_strat_x25	ancombc2	raw	real_perm	73	2800	1156	0.412857142857143	1	2.43427859229676	0.585779675753081	2112	192
rice_strat_x25	ancombc2	raw	real_perm	74	2703	1106	0.409174990751017	1	2.50869252276943	0.63791202809004	2112	192
rice_strat_x25	ancombc2	raw	real_perm	75	2866	1131	0.394626657362177	1	2.4915293351071	0.681296779254924	2112	192
rice_strat_x25	ancombc2	raw	real_perm	76	2802	1149	0.410064239828694	1	2.54827036995641	1.55705480243193	2112	192
rice_strat_x25	ancombc2	raw	real_perm	77	2793	1088	0.389545291800931	1	2.5091388809143	0.669588578233836	2112	192
rice_strat_x25	ancombc2	raw	real_perm	78	2697	1132	0.419725621060438	1	2.54472038289401	0.998516530681979	2112	192
rice_strat_x25	ancombc2	raw	real_perm	79	2781	1285	0.462064005753326	1	2.5021934726724	0.588088055965599	2112	192
rice_strat_x25	ancombc2	raw	real_perm	80	2724	1104	0.405286343612335	1	2.49439856867603	1.50438140349071	10382	192
rice_strat_x25	ancombc2	raw	real_perm	81	2771	1135	0.409599422591122	1	2.52703263848518	1.53647919755228	2112	192
rice_strat_x25	ancombc2	raw	real_perm	82	2770	1107	0.399638989169675	1	2.54392033836587	0.630634744601735	2112	192
rice_strat_x25	ancombc2	raw	real_perm	83	2783	1103	0.396334890406037	1	2.48032146199152	1.56432967220821	10382	192
rice_strat_x25	ancombc2	raw	real_perm	84	2829	1411	0.498762813715094	1	2.55268083690362	1.51243614437652	2112	192
rice_strat_x25	ancombc2	raw	real_perm	85	2776	1371	0.493876080691643	1	2.42010849132606	0.596525059421228	2112	192
rice_strat_x25	ancombc2	raw	real_perm	86	2887	1153	0.399376515413924	1	2.48488787353605	1.52631470597318	2112	192
rice_strat_x25	ancombc2	raw	real_perm	87	2813	1213	0.431212228937078	1	2.42783645100861	0.972391156657472	2112	192
rice_strat_x25	ancombc2	raw	real_perm	88	2806	1221	0.435138987883108	1	2.47714724339465	1.02450374524068	2112	192
rice_strat_x25	ancombc2	raw	real_perm	89	2760	1310	0.47463768115942	1	2.54152629673971	1.50959167467714	10382	192
rice_strat_x25	ancombc2	raw	real_perm	90	2771	1162	0.41934319740166	1	2.5819207450026	0.574942362077186	2112	192
rice_strat_x25	ancombc2	raw	real_perm	91	2695	1193	0.442671614100186	1	2.58633387888707	0.999052337567334	10382	192
rice_strat_x25	ancombc2	raw	real_perm	92	2729	1121	0.410773176987908	1	2.4789884561083	0.600493858833339	2112	192
rice_strat_x25	ancombc2	raw	real_perm	93	2793	1217	0.435732187611887	1	2.5091388809143	0.659716755765163	2112	192
rice_strat_x25	ancombc2	raw	real_perm	94	2870	1355	0.47212543554007	1	2.56762225047506	1.5938242280285	10382	192
rice_strat_x25	ancombc2	raw	real_perm	95	2895	1163	0.401727115716753	1	2.5182356179466	0.655479258641946	2112	192
rice_strat_x25	ancombc2	raw	real_perm	96	2875	1248	0.434086956521739	1	2.48316449985646	0.677025161683612	2112	192
rice_strat_x25	ancombc2	raw	real_perm	97	2801	1065	0.380221349518029	1	2.51848924753546	1.51019325580912	16016	192
rice_strat_x25	ancombc2	raw	real_perm	98	2745	1231	0.448451730418944	1	2.47641785227051	0.676706177295049	10382	192
rice_strat_x25	ancombc2	raw	real_perm	99	2772	1171	0.422438672438672	1	2.61734046345811	0.604379665562188	2112	192
rice_strat_x25	ancombc2	raw	real_perm	100	2855	1112	0.389492119089317	1	2.57830191290867	0.658220437624403	2112	192
rice_strat_x25	maaslin3	rarefied	real_depth	1	2769	104	0.0375586854460094	1	2.5448331322879	0.605522818889022	10382	192
rice_strat_x25	maaslin3	rarefied	real_depth	2	2854	27	0.0094604064470918	1	2.52703263848518	1.00712344737135	2112	192
rice_strat_x25	maaslin3	rarefied	real_depth	3	2775	136	0.049009009009009	1	2.51263418662263	1.56745106804176	14853	192
rice_strat_x25	maaslin3	rarefied	real_depth	4	2692	38	0.0141158989598811	1	2.54152629673971	1.64403904177986	2112	192
rice_strat_x25	maaslin3	rarefied	real_depth	5	2783	30	0.0107797340998922	1	2.55664428970521	1.59275576151784	2112	192
rice_strat_x25	maaslin3	rarefied	real_depth	6	2810	24	0.00854092526690392	1	2.4915293351071	0.690102436323367	2112	192
rice_strat_x25	maaslin3	rarefied	real_depth	7	2758	52	0.018854242204496	1	2.59931666407827	1.37532715429876	2112	192
rice_strat_x25	maaslin3	rarefied	real_depth	8	2756	21	0.00761973875181422	1	2.57509625903982	1.82676976494506	2112	192
rice_strat_x25	maaslin3	rarefied	real_depth	9	2760	24	0.00869565217391304	1	2.49495003905303	0.64327685025309	2112	192
rice_strat_x25	maaslin3	rarefied	real_depth	10	2821	38	0.0134704005671748	1	2.60175595926869	1.61637770072019	2112	192
rice_strat_x25	maaslin3	rarefied	real_depth	11	2736	119	0.0434941520467836	1	2.59132558697709	0.637220719839766	10382	192
rice_strat_x25	maaslin3	rarefied	real_depth	12	2778	18	0.00647948164146868	1	2.54954037540596	1.00590834574641	2112	192
rice_strat_x25	maaslin3	rarefied	real_depth	13	2763	159	0.0575461454940282	1	2.62655492084671	0.635944484908421	10382	192
rice_strat_x25	maaslin3	rarefied	real_depth	14	2717	31	0.0114096429885904	1	2.57663658501647	1.68922308416853	2112	192
rice_strat_x25	maaslin3	rarefied	real_depth	15	2659	21	0.00789770590447537	1	2.50911824484228	1.54580614223464	2112	192
rice_strat_x25	maaslin3	rarefied	real_depth	16	2704	32	0.0118343195266272	1	2.45389427373342	1.53573481309632	2112	192
rice_strat_x25	maaslin3	rarefied	real_depth	17	2724	25	0.0091776798825257	1	2.41667008434838	0.662599802637481	2112	192
rice_strat_x25	maaslin3	rarefied	real_depth	18	2849	104	0.0365040365040365	1	2.4963413653542	0.629919246298789	10382	192
rice_strat_x25	maaslin3	rarefied	real_depth	19	2850	170	0.0596491228070175	1	2.5607372553387	0.594757047134197	14853	192
rice_strat_x25	maaslin3	rarefied	real_depth	20	2726	41	0.0150403521643434	1	2.4644314947097	0.62741518230079	10382	192
rice_strat_x25	maaslin3	rarefied	real_depth	21	2739	51	0.0186199342825849	1	2.49495003905303	0.66108903345219	2112	192
rice_strat_x25	maaslin3	rarefied	real_depth	22	2764	38	0.0137481910274964	1	2.41895822672305	0.64672300851916	2112	192
rice_strat_x25	maaslin3	rarefied	real_depth	23	2739	137	0.0500182548375319	1	2.4084812410784	0.64456027654536	10382	192
rice_strat_x25	maaslin3	rarefied	real_depth	24	2726	96	0.0352164343360235	1	2.56556783695743	1.50903176186913	10382	192
rice_strat_x25	maaslin3	rarefied	real_depth	25	2688	73	0.0271577380952381	1	2.49412396102824	0.993256086877469	2112	192
rice_strat_x25	maaslin3	rarefied	real_depth	26	2704	44	0.0162721893491124	1	2.5509370761011	1.43792556759284	2112	192
rice_strat_x25	maaslin3	rarefied	real_depth	27	2720	25	0.00919117647058824	1	2.54719186086478	1.51388176100629	2112	192
rice_strat_x25	maaslin3	rarefied	real_depth	28	2796	24	0.00858369098712446	1	2.55047626970592	1.61448528788264	2112	192
rice_strat_x25	maaslin3	rarefied	real_depth	29	2732	10	0.00366032210834553	1	2.46989634244589	0.675407890437995	2112	192
rice_strat_x25	maaslin3	rarefied	real_depth	30	2637	22	0.00834281380356466	1	2.55671107291219	1.63725888108004	2112	192
rice_strat_x25	maaslin3	rarefied	real_depth	31	2670	55	0.0205992509363296	1	2.46459239280013	1.52403163870106	2112	192
rice_strat_x25	maaslin3	rarefied	real_depth	32	2679	21	0.00783874580067189	1	2.51992827796524	1.48787796807691	2112	192
rice_strat_x25	maaslin3	rarefied	real_depth	33	2725	29	0.0106422018348624	1	2.59996395447173	0.629919246298789	2112	192
rice_strat_x25	maaslin3	rarefied	real_depth	34	2770	22	0.00794223826714801	1	2.50403708550269	0.996057971980765	2112	192
rice_strat_x25	maaslin3	rarefied	real_depth	35	2746	27	0.00983248361252731	1	2.4609098755464	1.52008232440436	2112	192
rice_strat_x25	maaslin3	rarefied	real_depth	36	2834	144	0.0508115737473536	1	2.6447082798033	1.75155872605741	10382	192
rice_strat_x25	maaslin3	rarefied	real_depth	37	2693	28	0.0103973264017824	1	2.56450041649607	1.65852173169794	2112	192
rice_strat_x25	maaslin3	rarefied	real_depth	38	2816	36	0.0127840909090909	1	2.57758827598865	0.623196979566876	2112	192
rice_strat_x25	maaslin3	rarefied	real_depth	39	2895	25	0.00863557858376511	1	2.62650906137083	1.65081305249372	2112	192
rice_strat_x25	maaslin3	rarefied	real_depth	40	2688	16	0.00595238095238095	1	2.46257421975842	0.626056934401668	2112	192
rice_strat_x25	maaslin3	rarefied	real_depth	41	2654	131	0.0493594574227581	1	2.52457991077013	1.57783897111744	10382	192
rice_strat_x25	maaslin3	rarefied	real_depth	42	2817	15	0.0053248136315229	1	2.54152629673971	1.53201418899829	2112	192
rice_strat_x25	maaslin3	rarefied	real_depth	43	2802	14	0.00499643112062812	1	2.50795614047278	0.683029278030387	2112	192
rice_strat_x25	maaslin3	rarefied	real_depth	44	2710	33	0.0121771217712177	1	2.47471680323891	0.642081333670119	2112	192
rice_strat_x25	maaslin3	rarefied	real_depth	45	2793	119	0.0426065162907268	1	2.54050051213908	1.57695236307121	10382	192
rice_strat_x25	maaslin3	rarefied	real_depth	46	2753	91	0.0330548492553578	1	2.44201170604812	1.65580336439142	14853	192
rice_strat_x25	maaslin3	rarefied	real_depth	47	2798	48	0.0171551107934239	1	2.59251841685107	0.644673201071229	2112	192
rice_strat_x25	maaslin3	rarefied	real_depth	48	2756	17	0.00616835994194485	1	2.51420147828253	1.54558219356181	2112	192
rice_strat_x25	maaslin3	rarefied	real_depth	49	2755	28	0.0101633393829401	1	2.50152867294662	1.43425773584158	2112	192
rice_strat_x25	maaslin3	rarefied	real_depth	50	2789	36	0.0129078522768017	1	2.54392033836587	0.658174402770079	2112	192
rice_strat_x25	maaslin3	rarefied	real_depth	51	2743	21	0.00765585125774699	1	2.52745021147867	0.629601477540189	2112	192
rice_strat_x25	maaslin3	rarefied	real_depth	52	2793	8	0.00286430361618332	1	2.48182014059091	0.983332655137335	2112	192
rice_strat_x25	maaslin3	rarefied	real_depth	53	2748	22	0.00800582241630277	1	2.5336653136377	1.5223260426998	2112	192
rice_strat_x25	maaslin3	rarefied	real_depth	54	2772	30	0.0108225108225108	1	2.55690316797849	0.615765544196434	2112	192
rice_strat_x25	maaslin3	rarefied	real_depth	55	2768	19	0.00686416184971098	1	2.48140305526146	0.658852675090228	2112	192
rice_strat_x25	maaslin3	rarefied	real_depth	56	2782	18	0.00647016534867002	1	2.54457499234346	1.01791637350487	2112	192
rice_strat_x25	maaslin3	rarefied	real_depth	57	2779	18	0.00647715005397625	1	2.53134229025415	0.641318275672051	2112	192
rice_strat_x25	maaslin3	rarefied	real_depth	58	2696	11	0.00408011869436202	1	2.41275389442396	1.57738863612316	2112	192
rice_strat_x25	maaslin3	rarefied	real_depth	59	2738	41	0.0149744338933528	1	2.55671107291219	1.46803278688525	2112	192
rice_strat_x25	maaslin3	rarefied	real_depth	60	2754	123	0.0446623093681917	1	2.55690316797849	1.71523518498308	10382	192
rice_strat_x25	maaslin3	rarefied	real_depth	61	2687	29	0.0107927056196502	1	2.54613404202309	0.64515135124032	2112	192
rice_strat_x25	maaslin3	rarefied	real_depth	62	2776	47	0.0169308357348703	1	2.44072019176385	0.642062370518748	2112	192
rice_strat_x25	maaslin3	rarefied	real_depth	63	2714	119	0.0438467207074429	1	2.52548932260489	1.46688145258412	10382	192
rice_strat_x25	maaslin3	rarefied	real_depth	64	2708	39	0.0144017725258493	1	2.56450041649607	0.580645757708355	2112	192
rice_strat_x25	maaslin3	rarefied	real_depth	65	2763	47	0.0170104958378574	1	2.57758827598865	1.52828276429974	2112	192
rice_strat_x25	maaslin3	rarefied	real_depth	66	2732	47	0.017203513909224	1	2.47052951208352	0.666588457743028	2112	192
rice_strat_x25	maaslin3	rarefied	real_depth	67	2779	157	0.0564951421374595	1	2.59132558697709	0.668544626807077	10382	192
rice_strat_x25	maaslin3	rarefied	real_depth	68	2841	21	0.00739176346356917	1	2.47417624105788	1.49634915366744	2112	192
rice_strat_x25	maaslin3	rarefied	real_depth	69	2838	20	0.00704721634954193	1	2.64199643493761	0.655333971603756	2112	192
rice_strat_x25	maaslin3	rarefied	real_depth	70	2727	33	0.0121012101210121	1	2.57053023724826	0.662313122923588	2112	192
rice_strat_x25	maaslin3	rarefied	real_depth	71	2815	15	0.00532859680284192	1	2.56332911322728	0.606329573001966	2112	192
rice_strat_x25	maaslin3	rarefied	real_depth	72	2699	45	0.0166728417932568	1	2.48940985805298	1.47425399735207	2112	192
rice_strat_x25	maaslin3	rarefied	real_depth	73	2800	7	0.0025	1	2.43427859229676	0.585779675753081	2112	192
rice_strat_x25	maaslin3	rarefied	real_depth	74	2703	35	0.0129485756566778	1	2.50869252276943	0.63791202809004	2112	192
rice_strat_x25	maaslin3	rarefied	real_depth	75	2866	31	0.0108164689462666	1	2.4915293351071	0.681296779254924	2112	192
rice_strat_x25	maaslin3	rarefied	real_depth	76	2802	39	0.0139186295503212	1	2.54827036995641	1.55705480243193	2112	192
rice_strat_x25	maaslin3	rarefied	real_depth	77	2793	24	0.00859291084854995	1	2.5091388809143	0.669588578233836	2112	192
rice_strat_x25	maaslin3	rarefied	real_depth	78	2697	55	0.0203930292918057	1	2.54472038289401	0.998516530681979	2112	192
rice_strat_x25	maaslin3	rarefied	real_depth	79	2781	23	0.00827040632865876	1	2.5021934726724	0.588088055965599	2112	192
rice_strat_x25	maaslin3	rarefied	real_depth	80	2724	121	0.0444199706314244	1	2.49439856867603	1.50438140349071	10382	192
rice_strat_x25	maaslin3	rarefied	real_depth	81	2771	26	0.00938289426199928	1	2.52703263848518	1.53647919755228	2112	192
rice_strat_x25	maaslin3	rarefied	real_depth	82	2770	24	0.00866425992779783	1	2.54392033836587	0.630634744601735	2112	192
rice_strat_x25	maaslin3	rarefied	real_depth	83	2783	158	0.0567732662594323	1	2.48032146199152	1.56432967220821	10382	192
rice_strat_x25	maaslin3	rarefied	real_depth	84	2829	29	0.0102509720749381	1	2.55268083690362	1.51243614437652	2112	192
rice_strat_x25	maaslin3	rarefied	real_depth	85	2776	24	0.00864553314121038	1	2.42010849132606	0.596525059421228	2112	192
rice_strat_x25	maaslin3	rarefied	real_depth	86	2887	32	0.0110841704191202	1	2.48488787353605	1.52631470597318	2112	192
rice_strat_x25	maaslin3	rarefied	real_depth	87	2813	2	0.000710984713828653	1	2.42783645100861	0.972391156657472	2112	192
rice_strat_x25	maaslin3	rarefied	real_depth	88	2806	26	0.00926585887384177	1	2.47714724339465	1.02450374524068	2112	192
rice_strat_x25	maaslin3	rarefied	real_depth	89	2760	126	0.0456521739130435	1	2.54152629673971	1.50959167467714	10382	192
rice_strat_x25	maaslin3	rarefied	real_depth	90	2771	28	0.0101046553590761	1	2.5819207450026	0.574942362077186	2112	192
rice_strat_x25	maaslin3	rarefied	real_depth	91	2695	137	0.050834879406308	1	2.58633387888707	0.999052337567334	10382	192
rice_strat_x25	maaslin3	rarefied	real_depth	92	2729	51	0.018688164162697	1	2.4789884561083	0.600493858833339	2112	192
rice_strat_x25	maaslin3	rarefied	real_depth	93	2793	14	0.0050125313283208	1	2.5091388809143	0.659716755765163	2112	192
rice_strat_x25	maaslin3	rarefied	real_depth	94	2870	105	0.0365853658536585	1	2.56762225047506	1.5938242280285	10382	192
rice_strat_x25	maaslin3	rarefied	real_depth	95	2895	33	0.0113989637305699	1	2.5182356179466	0.655479258641946	2112	192
rice_strat_x25	maaslin3	rarefied	real_depth	96	2875	26	0.00904347826086956	1	2.48316449985646	0.677025161683612	2112	192
rice_strat_x25	maaslin3	rarefied	real_depth	97	2801	143	0.0510531952873974	1	2.51848924753546	1.51019325580912	16016	192
rice_strat_x25	maaslin3	rarefied	real_depth	98	2745	111	0.0404371584699454	1	2.47641785227051	0.676706177295049	10382	192
rice_strat_x25	maaslin3	rarefied	real_depth	99	2772	20	0.00721500721500722	1	2.61734046345811	0.604379665562188	2112	192
rice_strat_x25	maaslin3	rarefied	real_depth	100	2855	28	0.00980735551663748	1	2.57830191290867	0.658220437624403	2112	192
rice_strat_x25	maaslin3	rarefied	real_perm	1	2769	0	0	0	2.5448331322879	0.605522818889022	10382	192
rice_strat_x25	maaslin3	rarefied	real_perm	2	2854	1	0.000350385423966363	1	2.52703263848518	1.00712344737135	2112	192
rice_strat_x25	maaslin3	rarefied	real_perm	3	2775	0	0	0	2.51263418662263	1.56745106804176	14853	192
rice_strat_x25	maaslin3	rarefied	real_perm	4	2692	0	0	0	2.54152629673971	1.64403904177986	2112	192
rice_strat_x25	maaslin3	rarefied	real_perm	5	2783	0	0	0	2.55664428970521	1.59275576151784	2112	192
rice_strat_x25	maaslin3	rarefied	real_perm	6	2810	0	0	0	2.4915293351071	0.690102436323367	2112	192
rice_strat_x25	maaslin3	rarefied	real_perm	7	2758	0	0	0	2.59931666407827	1.37532715429876	2112	192
rice_strat_x25	maaslin3	rarefied	real_perm	8	2756	0	0	0	2.57509625903982	1.82676976494506	2112	192
rice_strat_x25	maaslin3	rarefied	real_perm	9	2760	1	0.00036231884057971	1	2.49495003905303	0.64327685025309	2112	192
rice_strat_x25	maaslin3	rarefied	real_perm	10	2821	1	0.000354484225451967	1	2.60175595926869	1.61637770072019	2112	192
rice_strat_x25	maaslin3	rarefied	real_perm	11	2736	0	0	0	2.59132558697709	0.637220719839766	10382	192
rice_strat_x25	maaslin3	rarefied	real_perm	12	2778	0	0	0	2.54954037540596	1.00590834574641	2112	192
rice_strat_x25	maaslin3	rarefied	real_perm	13	2763	0	0	0	2.62655492084671	0.635944484908421	10382	192
rice_strat_x25	maaslin3	rarefied	real_perm	14	2717	0	0	0	2.57663658501647	1.68922308416853	2112	192
rice_strat_x25	maaslin3	rarefied	real_perm	15	2659	0	0	0	2.50911824484228	1.54580614223464	2112	192
rice_strat_x25	maaslin3	rarefied	real_perm	16	2704	0	0	0	2.45389427373342	1.53573481309632	2112	192
rice_strat_x25	maaslin3	rarefied	real_perm	17	2724	0	0	0	2.41667008434838	0.662599802637481	2112	192
rice_strat_x25	maaslin3	rarefied	real_perm	18	2849	1	0.000351000351000351	1	2.4963413653542	0.629919246298789	10382	192
rice_strat_x25	maaslin3	rarefied	real_perm	19	2850	0	0	0	2.5607372553387	0.594757047134197	14853	192
rice_strat_x25	maaslin3	rarefied	real_perm	20	2726	0	0	0	2.4644314947097	0.62741518230079	10382	192
rice_strat_x25	maaslin3	rarefied	real_perm	21	2739	1	0.000365096750638919	1	2.49495003905303	0.66108903345219	2112	192
rice_strat_x25	maaslin3	rarefied	real_perm	22	2764	1	0.000361794500723589	1	2.41895822672305	0.64672300851916	2112	192
rice_strat_x25	maaslin3	rarefied	real_perm	23	2739	0	0	0	2.4084812410784	0.64456027654536	10382	192
rice_strat_x25	maaslin3	rarefied	real_perm	24	2726	0	0	0	2.56556783695743	1.50903176186913	10382	192
rice_strat_x25	maaslin3	rarefied	real_perm	25	2688	0	0	0	2.49412396102824	0.993256086877469	2112	192
rice_strat_x25	maaslin3	rarefied	real_perm	26	2704	2	0.000739644970414201	1	2.5509370761011	1.43792556759284	2112	192
rice_strat_x25	maaslin3	rarefied	real_perm	27	2720	1	0.000367647058823529	1	2.54719186086478	1.51388176100629	2112	192
rice_strat_x25	maaslin3	rarefied	real_perm	28	2796	0	0	0	2.55047626970592	1.61448528788264	2112	192
rice_strat_x25	maaslin3	rarefied	real_perm	29	2732	1	0.000366032210834553	1	2.46989634244589	0.675407890437995	2112	192
rice_strat_x25	maaslin3	rarefied	real_perm	30	2637	0	0	0	2.55671107291219	1.63725888108004	2112	192
rice_strat_x25	maaslin3	rarefied	real_perm	31	2670	1	0.000374531835205993	1	2.46459239280013	1.52403163870106	2112	192
rice_strat_x25	maaslin3	rarefied	real_perm	32	2679	0	0	0	2.51992827796524	1.48787796807691	2112	192
rice_strat_x25	maaslin3	rarefied	real_perm	33	2725	0	0	0	2.59996395447173	0.629919246298789	2112	192
rice_strat_x25	maaslin3	rarefied	real_perm	34	2770	0	0	0	2.50403708550269	0.996057971980765	2112	192
rice_strat_x25	maaslin3	rarefied	real_perm	35	2746	0	0	0	2.4609098755464	1.52008232440436	2112	192
rice_strat_x25	maaslin3	rarefied	real_perm	36	2834	0	0	0	2.6447082798033	1.75155872605741	10382	192
rice_strat_x25	maaslin3	rarefied	real_perm	37	2693	0	0	0	2.56450041649607	1.65852173169794	2112	192
rice_strat_x25	maaslin3	rarefied	real_perm	38	2816	0	0	0	2.57758827598865	0.623196979566876	2112	192
rice_strat_x25	maaslin3	rarefied	real_perm	39	2895	0	0	0	2.62650906137083	1.65081305249372	2112	192
rice_strat_x25	maaslin3	rarefied	real_perm	40	2688	1	0.00037202380952381	1	2.46257421975842	0.626056934401668	2112	192
rice_strat_x25	maaslin3	rarefied	real_perm	41	2654	0	0	0	2.52457991077013	1.57783897111744	10382	192
rice_strat_x25	maaslin3	rarefied	real_perm	42	2817	0	0	0	2.54152629673971	1.53201418899829	2112	192
rice_strat_x25	maaslin3	rarefied	real_perm	43	2802	0	0	0	2.50795614047278	0.683029278030387	2112	192
rice_strat_x25	maaslin3	rarefied	real_perm	44	2710	1	0.0003690036900369	1	2.47471680323891	0.642081333670119	2112	192
rice_strat_x25	maaslin3	rarefied	real_perm	45	2793	0	0	0	2.54050051213908	1.57695236307121	10382	192
rice_strat_x25	maaslin3	rarefied	real_perm	46	2753	0	0	0	2.44201170604812	1.65580336439142	14853	192
rice_strat_x25	maaslin3	rarefied	real_perm	47	2798	0	0	0	2.59251841685107	0.644673201071229	2112	192
rice_strat_x25	maaslin3	rarefied	real_perm	48	2756	0	0	0	2.51420147828253	1.54558219356181	2112	192
rice_strat_x25	maaslin3	rarefied	real_perm	49	2755	0	0	0	2.50152867294662	1.43425773584158	2112	192
rice_strat_x25	maaslin3	rarefied	real_perm	50	2789	0	0	0	2.54392033836587	0.658174402770079	2112	192
rice_strat_x25	maaslin3	rarefied	real_perm	51	2743	0	0	0	2.52745021147867	0.629601477540189	2112	192
rice_strat_x25	maaslin3	rarefied	real_perm	52	2793	0	0	0	2.48182014059091	0.983332655137335	2112	192
rice_strat_x25	maaslin3	rarefied	real_perm	53	2748	0	0	0	2.5336653136377	1.5223260426998	2112	192
rice_strat_x25	maaslin3	rarefied	real_perm	54	2772	1	0.000360750360750361	1	2.55690316797849	0.615765544196434	2112	192
rice_strat_x25	maaslin3	rarefied	real_perm	55	2768	0	0	0	2.48140305526146	0.658852675090228	2112	192
rice_strat_x25	maaslin3	rarefied	real_perm	56	2782	0	0	0	2.54457499234346	1.01791637350487	2112	192
rice_strat_x25	maaslin3	rarefied	real_perm	57	2779	1	0.000359841669665347	1	2.53134229025415	0.641318275672051	2112	192
rice_strat_x25	maaslin3	rarefied	real_perm	58	2696	1	0.000370919881305638	1	2.41275389442396	1.57738863612316	2112	192
rice_strat_x25	maaslin3	rarefied	real_perm	59	2738	0	0	0	2.55671107291219	1.46803278688525	2112	192
rice_strat_x25	maaslin3	rarefied	real_perm	60	2754	0	0	0	2.55690316797849	1.71523518498308	10382	192
rice_strat_x25	maaslin3	rarefied	real_perm	61	2687	0	0	0	2.54613404202309	0.64515135124032	2112	192
rice_strat_x25	maaslin3	rarefied	real_perm	62	2776	0	0	0	2.44072019176385	0.642062370518748	2112	192
rice_strat_x25	maaslin3	rarefied	real_perm	63	2714	0	0	0	2.52548932260489	1.46688145258412	10382	192
rice_strat_x25	maaslin3	rarefied	real_perm	64	2708	0	0	0	2.56450041649607	0.580645757708355	2112	192
rice_strat_x25	maaslin3	rarefied	real_perm	65	2763	0	0	0	2.57758827598865	1.52828276429974	2112	192
rice_strat_x25	maaslin3	rarefied	real_perm	66	2732	0	0	0	2.47052951208352	0.666588457743028	2112	192
rice_strat_x25	maaslin3	rarefied	real_perm	67	2779	0	0	0	2.59132558697709	0.668544626807077	10382	192
rice_strat_x25	maaslin3	rarefied	real_perm	68	2841	0	0	0	2.47417624105788	1.49634915366744	2112	192
rice_strat_x25	maaslin3	rarefied	real_perm	69	2838	0	0	0	2.64199643493761	0.655333971603756	2112	192
rice_strat_x25	maaslin3	rarefied	real_perm	70	2727	0	0	0	2.57053023724826	0.662313122923588	2112	192
rice_strat_x25	maaslin3	rarefied	real_perm	71	2815	0	0	0	2.56332911322728	0.606329573001966	2112	192
rice_strat_x25	maaslin3	rarefied	real_perm	72	2699	0	0	0	2.48940985805298	1.47425399735207	2112	192
rice_strat_x25	maaslin3	rarefied	real_perm	73	2800	0	0	0	2.43427859229676	0.585779675753081	2112	192
rice_strat_x25	maaslin3	rarefied	real_perm	74	2703	0	0	0	2.50869252276943	0.63791202809004	2112	192
rice_strat_x25	maaslin3	rarefied	real_perm	75	2866	0	0	0	2.4915293351071	0.681296779254924	2112	192
rice_strat_x25	maaslin3	rarefied	real_perm	76	2802	0	0	0	2.54827036995641	1.55705480243193	2112	192
rice_strat_x25	maaslin3	rarefied	real_perm	77	2793	0	0	0	2.5091388809143	0.669588578233836	2112	192
rice_strat_x25	maaslin3	rarefied	real_perm	78	2697	0	0	0	2.54472038289401	0.998516530681979	2112	192
rice_strat_x25	maaslin3	rarefied	real_perm	79	2781	2	0.000719165767709457	1	2.5021934726724	0.588088055965599	2112	192
rice_strat_x25	maaslin3	rarefied	real_perm	80	2724	0	0	0	2.49439856867603	1.50438140349071	10382	192
rice_strat_x25	maaslin3	rarefied	real_perm	81	2771	0	0	0	2.52703263848518	1.53647919755228	2112	192
rice_strat_x25	maaslin3	rarefied	real_perm	82	2770	2	0.00072202166064982	1	2.54392033836587	0.630634744601735	2112	192
rice_strat_x25	maaslin3	rarefied	real_perm	83	2783	0	0	0	2.48032146199152	1.56432967220821	10382	192
rice_strat_x25	maaslin3	rarefied	real_perm	84	2829	0	0	0	2.55268083690362	1.51243614437652	2112	192
rice_strat_x25	maaslin3	rarefied	real_perm	85	2776	0	0	0	2.42010849132606	0.596525059421228	2112	192
rice_strat_x25	maaslin3	rarefied	real_perm	86	2887	0	0	0	2.48488787353605	1.52631470597318	2112	192
rice_strat_x25	maaslin3	rarefied	real_perm	87	2813	0	0	0	2.42783645100861	0.972391156657472	2112	192
rice_strat_x25	maaslin3	rarefied	real_perm	88	2806	0	0	0	2.47714724339465	1.02450374524068	2112	192
rice_strat_x25	maaslin3	rarefied	real_perm	89	2760	0	0	0	2.54152629673971	1.50959167467714	10382	192
rice_strat_x25	maaslin3	rarefied	real_perm	90	2771	0	0	0	2.5819207450026	0.574942362077186	2112	192
rice_strat_x25	maaslin3	rarefied	real_perm	91	2695	0	0	0	2.58633387888707	0.999052337567334	10382	192
rice_strat_x25	maaslin3	rarefied	real_perm	92	2729	2	0.000732869182850861	1	2.4789884561083	0.600493858833339	2112	192
rice_strat_x25	maaslin3	rarefied	real_perm	93	2793	1	0.000358037952022914	1	2.5091388809143	0.659716755765163	2112	192
rice_strat_x25	maaslin3	rarefied	real_perm	94	2870	0	0	0	2.56762225047506	1.5938242280285	10382	192
rice_strat_x25	maaslin3	rarefied	real_perm	95	2895	0	0	0	2.5182356179466	0.655479258641946	2112	192
rice_strat_x25	maaslin3	rarefied	real_perm	96	2875	0	0	0	2.48316449985646	0.677025161683612	2112	192
rice_strat_x25	maaslin3	rarefied	real_perm	97	2801	0	0	0	2.51848924753546	1.51019325580912	16016	192
rice_strat_x25	maaslin3	rarefied	real_perm	98	2745	0	0	0	2.47641785227051	0.676706177295049	10382	192
rice_strat_x25	maaslin3	rarefied	real_perm	99	2772	0	0	0	2.61734046345811	0.604379665562188	2112	192
rice_strat_x25	maaslin3	rarefied	real_perm	100	2855	0	0	0	2.57830191290867	0.658220437624403	2112	192
rice_strat_x25	maaslin3	raw	real_depth	1	2769	215	0.0776453593355002	1	2.5448331322879	0.605522818889022	10382	192
rice_strat_x25	maaslin3	raw	real_depth	2	2854	231	0.0809390329362299	1	2.52703263848518	1.00712344737135	2112	192
rice_strat_x25	maaslin3	raw	real_depth	3	2775	219	0.0789189189189189	1	2.51263418662263	1.56745106804176	14853	192
rice_strat_x25	maaslin3	raw	real_depth	4	2692	208	0.0772659732540862	1	2.54152629673971	1.64403904177986	2112	192
rice_strat_x25	maaslin3	raw	real_depth	5	2783	240	0.0862378727991376	1	2.55664428970521	1.59275576151784	2112	192
rice_strat_x25	maaslin3	raw	real_depth	6	2810	240	0.0854092526690391	1	2.4915293351071	0.690102436323367	2112	192
rice_strat_x25	maaslin3	raw	real_depth	7	2758	300	0.108774474256708	1	2.59931666407827	1.37532715429876	2112	192
rice_strat_x25	maaslin3	raw	real_depth	8	2756	241	0.0874455732946299	1	2.57509625903982	1.82676976494506	2112	192
rice_strat_x25	maaslin3	raw	real_depth	9	2760	215	0.0778985507246377	1	2.49495003905303	0.64327685025309	2112	192
rice_strat_x25	maaslin3	raw	real_depth	10	2821	258	0.0914569301666076	1	2.60175595926869	1.61637770072019	2112	192
rice_strat_x25	maaslin3	raw	real_depth	11	2736	192	0.0701754385964912	1	2.59132558697709	0.637220719839766	10382	192
rice_strat_x25	maaslin3	raw	real_depth	12	2778	212	0.0763138948884089	1	2.54954037540596	1.00590834574641	2112	192
rice_strat_x25	maaslin3	raw	real_depth	13	2763	269	0.0973579442634817	1	2.62655492084671	0.635944484908421	10382	192
rice_strat_x25	maaslin3	raw	real_depth	14	2717	245	0.090172984909827	1	2.57663658501647	1.68922308416853	2112	192
rice_strat_x25	maaslin3	raw	real_depth	15	2659	185	0.0695750282060925	1	2.50911824484228	1.54580614223464	2112	192
rice_strat_x25	maaslin3	raw	real_depth	16	2704	221	0.0817307692307692	1	2.45389427373342	1.53573481309632	2112	192
rice_strat_x25	maaslin3	raw	real_depth	17	2724	186	0.0682819383259912	1	2.41667008434838	0.662599802637481	2112	192
rice_strat_x25	maaslin3	raw	real_depth	18	2849	213	0.0747630747630748	1	2.4963413653542	0.629919246298789	10382	192
rice_strat_x25	maaslin3	raw	real_depth	19	2850	257	0.0901754385964912	1	2.5607372553387	0.594757047134197	14853	192
rice_strat_x25	maaslin3	raw	real_depth	20	2726	124	0.045487894350697	1	2.4644314947097	0.62741518230079	10382	192
rice_strat_x25	maaslin3	raw	real_depth	21	2739	238	0.0868930266520628	1	2.49495003905303	0.66108903345219	2112	192
rice_strat_x25	maaslin3	raw	real_depth	22	2764	280	0.101302460202605	1	2.41895822672305	0.64672300851916	2112	192
rice_strat_x25	maaslin3	raw	real_depth	23	2739	206	0.0752099306316174	1	2.4084812410784	0.64456027654536	10382	192
rice_strat_x25	maaslin3	raw	real_depth	24	2726	193	0.0707997065297139	1	2.56556783695743	1.50903176186913	10382	192
rice_strat_x25	maaslin3	raw	real_depth	25	2688	339	0.126116071428571	1	2.49412396102824	0.993256086877469	2112	192
rice_strat_x25	maaslin3	raw	real_depth	26	2704	252	0.0931952662721894	1	2.5509370761011	1.43792556759284	2112	192
rice_strat_x25	maaslin3	raw	real_depth	27	2720	203	0.0746323529411765	1	2.54719186086478	1.51388176100629	2112	192
rice_strat_x25	maaslin3	raw	real_depth	28	2796	217	0.0776108726752504	1	2.55047626970592	1.61448528788264	2112	192
rice_strat_x25	maaslin3	raw	real_depth	29	2732	206	0.075402635431918	1	2.46989634244589	0.675407890437995	2112	192
rice_strat_x25	maaslin3	raw	real_depth	30	2637	181	0.068638604474782	1	2.55671107291219	1.63725888108004	2112	192
rice_strat_x25	maaslin3	raw	real_depth	31	2670	277	0.10374531835206	1	2.46459239280013	1.52403163870106	2112	192
rice_strat_x25	maaslin3	raw	real_depth	32	2679	207	0.0772676371780515	1	2.51992827796524	1.48787796807691	2112	192
rice_strat_x25	maaslin3	raw	real_depth	33	2725	228	0.0836697247706422	1	2.59996395447173	0.629919246298789	2112	192
rice_strat_x25	maaslin3	raw	real_depth	34	2770	218	0.0787003610108303	1	2.50403708550269	0.996057971980765	2112	192
rice_strat_x25	maaslin3	raw	real_depth	35	2746	244	0.088856518572469	1	2.4609098755464	1.52008232440436	2112	192
rice_strat_x25	maaslin3	raw	real_depth	36	2834	260	0.091743119266055	1	2.6447082798033	1.75155872605741	10382	192
rice_strat_x25	maaslin3	raw	real_depth	37	2693	260	0.0965466023022651	1	2.56450041649607	1.65852173169794	2112	192
rice_strat_x25	maaslin3	raw	real_depth	38	2816	254	0.0901988636363636	1	2.57758827598865	0.623196979566876	2112	192
rice_strat_x25	maaslin3	raw	real_depth	39	2895	266	0.0918825561312608	1	2.62650906137083	1.65081305249372	2112	192
rice_strat_x25	maaslin3	raw	real_depth	40	2688	190	0.0706845238095238	1	2.46257421975842	0.626056934401668	2112	192
rice_strat_x25	maaslin3	raw	real_depth	41	2654	214	0.0806330067822155	1	2.52457991077013	1.57783897111744	10382	192
rice_strat_x25	maaslin3	raw	real_depth	42	2817	210	0.0745473908413206	1	2.54152629673971	1.53201418899829	2112	192
rice_strat_x25	maaslin3	raw	real_depth	43	2802	230	0.0820842255531763	1	2.50795614047278	0.683029278030387	2112	192
rice_strat_x25	maaslin3	raw	real_depth	44	2710	192	0.0708487084870849	1	2.47471680323891	0.642081333670119	2112	192
rice_strat_x25	maaslin3	raw	real_depth	45	2793	200	0.0716075904045829	1	2.54050051213908	1.57695236307121	10382	192
rice_strat_x25	maaslin3	raw	real_depth	46	2753	187	0.0679258990192517	1	2.44201170604812	1.65580336439142	14853	192
rice_strat_x25	maaslin3	raw	real_depth	47	2798	266	0.0950679056468906	1	2.59251841685107	0.644673201071229	2112	192
rice_strat_x25	maaslin3	raw	real_depth	48	2756	188	0.0682148040638607	1	2.51420147828253	1.54558219356181	2112	192
rice_strat_x25	maaslin3	raw	real_depth	49	2755	251	0.0911070780399274	1	2.50152867294662	1.43425773584158	2112	192
rice_strat_x25	maaslin3	raw	real_depth	50	2789	233	0.0835424883470778	1	2.54392033836587	0.658174402770079	2112	192
rice_strat_x25	maaslin3	raw	real_depth	51	2743	211	0.0769230769230769	1	2.52745021147867	0.629601477540189	2112	192
rice_strat_x25	maaslin3	raw	real_depth	52	2793	157	0.0562119584675976	1	2.48182014059091	0.983332655137335	2112	192
rice_strat_x25	maaslin3	raw	real_depth	53	2748	212	0.0771470160116448	1	2.5336653136377	1.5223260426998	2112	192
rice_strat_x25	maaslin3	raw	real_depth	54	2772	242	0.0873015873015873	1	2.55690316797849	0.615765544196434	2112	192
rice_strat_x25	maaslin3	raw	real_depth	55	2768	187	0.0675578034682081	1	2.48140305526146	0.658852675090228	2112	192
rice_strat_x25	maaslin3	raw	real_depth	56	2782	198	0.0711718188353702	1	2.54457499234346	1.01791637350487	2112	192
rice_strat_x25	maaslin3	raw	real_depth	57	2779	194	0.0698092839150774	1	2.53134229025415	0.641318275672051	2112	192
rice_strat_x25	maaslin3	raw	real_depth	58	2696	174	0.064540059347181	1	2.41275389442396	1.57738863612316	2112	192
rice_strat_x25	maaslin3	raw	real_depth	59	2738	221	0.0807158509861213	1	2.55671107291219	1.46803278688525	2112	192
rice_strat_x25	maaslin3	raw	real_depth	60	2754	216	0.0784313725490196	1	2.55690316797849	1.71523518498308	10382	192
rice_strat_x25	maaslin3	raw	real_depth	61	2687	218	0.0811313732787495	1	2.54613404202309	0.64515135124032	2112	192
rice_strat_x25	maaslin3	raw	real_depth	62	2776	249	0.0896974063400576	1	2.44072019176385	0.642062370518748	2112	192
rice_strat_x25	maaslin3	raw	real_depth	63	2714	183	0.0674281503316139	1	2.52548932260489	1.46688145258412	10382	192
rice_strat_x25	maaslin3	raw	real_depth	64	2708	216	0.0797636632200886	1	2.56450041649607	0.580645757708355	2112	192
rice_strat_x25	maaslin3	raw	real_depth	65	2763	261	0.0944625407166124	1	2.57758827598865	1.52828276429974	2112	192
rice_strat_x25	maaslin3	raw	real_depth	66	2732	252	0.0922401171303075	1	2.47052951208352	0.666588457743028	2112	192
rice_strat_x25	maaslin3	raw	real_depth	67	2779	270	0.0971572508096438	1	2.59132558697709	0.668544626807077	10382	192
rice_strat_x25	maaslin3	raw	real_depth	68	2841	220	0.077437521999296	1	2.47417624105788	1.49634915366744	2112	192
rice_strat_x25	maaslin3	raw	real_depth	69	2838	248	0.0873854827343199	1	2.64199643493761	0.655333971603756	2112	192
rice_strat_x25	maaslin3	raw	real_depth	70	2727	265	0.0971763843050972	1	2.57053023724826	0.662313122923588	2112	192
rice_strat_x25	maaslin3	raw	real_depth	71	2815	217	0.0770870337477798	1	2.56332911322728	0.606329573001966	2112	192
rice_strat_x25	maaslin3	raw	real_depth	72	2699	250	0.0926268988514265	1	2.48940985805298	1.47425399735207	2112	192
rice_strat_x25	maaslin3	raw	real_depth	73	2800	172	0.0614285714285714	1	2.43427859229676	0.585779675753081	2112	192
rice_strat_x25	maaslin3	raw	real_depth	74	2703	207	0.0765815760266371	1	2.50869252276943	0.63791202809004	2112	192
rice_strat_x25	maaslin3	raw	real_depth	75	2866	255	0.0889741800418702	1	2.4915293351071	0.681296779254924	2112	192
rice_strat_x25	maaslin3	raw	real_depth	76	2802	261	0.0931477516059957	1	2.54827036995641	1.55705480243193	2112	192
rice_strat_x25	maaslin3	raw	real_depth	77	2793	264	0.0945220193340494	1	2.5091388809143	0.669588578233836	2112	192
rice_strat_x25	maaslin3	raw	real_depth	78	2697	235	0.0871338524286244	1	2.54472038289401	0.998516530681979	2112	192
rice_strat_x25	maaslin3	raw	real_depth	79	2781	201	0.0722761596548004	1	2.5021934726724	0.588088055965599	2112	192
rice_strat_x25	maaslin3	raw	real_depth	80	2724	197	0.0723201174743025	1	2.49439856867603	1.50438140349071	10382	192
rice_strat_x25	maaslin3	raw	real_depth	81	2771	226	0.081559003969686	1	2.52703263848518	1.53647919755228	2112	192
rice_strat_x25	maaslin3	raw	real_depth	82	2770	228	0.0823104693140794	1	2.54392033836587	0.630634744601735	2112	192
rice_strat_x25	maaslin3	raw	real_depth	83	2783	254	0.0912684153790873	1	2.48032146199152	1.56432967220821	10382	192
rice_strat_x25	maaslin3	raw	real_depth	84	2829	242	0.0855425945563803	1	2.55268083690362	1.51243614437652	2112	192
rice_strat_x25	maaslin3	raw	real_depth	85	2776	188	0.0677233429394813	1	2.42010849132606	0.596525059421228	2112	192
rice_strat_x25	maaslin3	raw	real_depth	86	2887	233	0.0807066158642189	1	2.48488787353605	1.52631470597318	2112	192
rice_strat_x25	maaslin3	raw	real_depth	87	2813	135	0.0479914681834341	1	2.42783645100861	0.972391156657472	2112	192
rice_strat_x25	maaslin3	raw	real_depth	88	2806	225	0.0801853171774768	1	2.47714724339465	1.02450374524068	2112	192
rice_strat_x25	maaslin3	raw	real_depth	89	2760	244	0.0884057971014493	1	2.54152629673971	1.50959167467714	10382	192
rice_strat_x25	maaslin3	raw	real_depth	90	2771	227	0.0819198845182245	1	2.5819207450026	0.574942362077186	2112	192
rice_strat_x25	maaslin3	raw	real_depth	91	2695	245	0.0909090909090909	1	2.58633387888707	0.999052337567334	10382	192
rice_strat_x25	maaslin3	raw	real_depth	92	2729	244	0.089410040307805	1	2.4789884561083	0.600493858833339	2112	192
rice_strat_x25	maaslin3	raw	real_depth	93	2793	157	0.0562119584675976	1	2.5091388809143	0.659716755765163	2112	192
rice_strat_x25	maaslin3	raw	real_depth	94	2870	209	0.072822299651568	1	2.56762225047506	1.5938242280285	10382	192
rice_strat_x25	maaslin3	raw	real_depth	95	2895	234	0.0808290155440415	1	2.5182356179466	0.655479258641946	2112	192
rice_strat_x25	maaslin3	raw	real_depth	96	2875	260	0.0904347826086957	1	2.48316449985646	0.677025161683612	2112	192
rice_strat_x25	maaslin3	raw	real_depth	97	2801	193	0.0689039628704034	1	2.51848924753546	1.51019325580912	16016	192
rice_strat_x25	maaslin3	raw	real_depth	98	2745	213	0.0775956284153005	1	2.47641785227051	0.676706177295049	10382	192
rice_strat_x25	maaslin3	raw	real_depth	99	2772	189	0.0681818181818182	1	2.61734046345811	0.604379665562188	2112	192
rice_strat_x25	maaslin3	raw	real_depth	100	2855	209	0.0732049036777583	1	2.57830191290867	0.658220437624403	2112	192
rice_strat_x25	maaslin3	raw	real_perm	1	2769	0	0	0	2.5448331322879	0.605522818889022	10382	192
rice_strat_x25	maaslin3	raw	real_perm	2	2854	0	0	0	2.52703263848518	1.00712344737135	2112	192
rice_strat_x25	maaslin3	raw	real_perm	3	2775	0	0	0	2.51263418662263	1.56745106804176	14853	192
rice_strat_x25	maaslin3	raw	real_perm	4	2692	0	0	0	2.54152629673971	1.64403904177986	2112	192
rice_strat_x25	maaslin3	raw	real_perm	5	2783	0	0	0	2.55664428970521	1.59275576151784	2112	192
rice_strat_x25	maaslin3	raw	real_perm	6	2810	0	0	0	2.4915293351071	0.690102436323367	2112	192
rice_strat_x25	maaslin3	raw	real_perm	7	2758	0	0	0	2.59931666407827	1.37532715429876	2112	192
rice_strat_x25	maaslin3	raw	real_perm	8	2756	0	0	0	2.57509625903982	1.82676976494506	2112	192
rice_strat_x25	maaslin3	raw	real_perm	9	2760	0	0	0	2.49495003905303	0.64327685025309	2112	192
rice_strat_x25	maaslin3	raw	real_perm	10	2821	0	0	0	2.60175595926869	1.61637770072019	2112	192
rice_strat_x25	maaslin3	raw	real_perm	11	2736	0	0	0	2.59132558697709	0.637220719839766	10382	192
rice_strat_x25	maaslin3	raw	real_perm	12	2778	0	0	0	2.54954037540596	1.00590834574641	2112	192
rice_strat_x25	maaslin3	raw	real_perm	13	2763	0	0	0	2.62655492084671	0.635944484908421	10382	192
rice_strat_x25	maaslin3	raw	real_perm	14	2717	0	0	0	2.57663658501647	1.68922308416853	2112	192
rice_strat_x25	maaslin3	raw	real_perm	15	2659	0	0	0	2.50911824484228	1.54580614223464	2112	192
rice_strat_x25	maaslin3	raw	real_perm	16	2704	0	0	0	2.45389427373342	1.53573481309632	2112	192
rice_strat_x25	maaslin3	raw	real_perm	17	2724	0	0	0	2.41667008434838	0.662599802637481	2112	192
rice_strat_x25	maaslin3	raw	real_perm	18	2849	0	0	0	2.4963413653542	0.629919246298789	10382	192
rice_strat_x25	maaslin3	raw	real_perm	19	2850	0	0	0	2.5607372553387	0.594757047134197	14853	192
rice_strat_x25	maaslin3	raw	real_perm	20	2726	0	0	0	2.4644314947097	0.62741518230079	10382	192
rice_strat_x25	maaslin3	raw	real_perm	21	2739	0	0	0	2.49495003905303	0.66108903345219	2112	192
rice_strat_x25	maaslin3	raw	real_perm	22	2764	0	0	0	2.41895822672305	0.64672300851916	2112	192
rice_strat_x25	maaslin3	raw	real_perm	23	2739	0	0	0	2.4084812410784	0.64456027654536	10382	192
rice_strat_x25	maaslin3	raw	real_perm	24	2726	0	0	0	2.56556783695743	1.50903176186913	10382	192
rice_strat_x25	maaslin3	raw	real_perm	25	2688	0	0	0	2.49412396102824	0.993256086877469	2112	192
rice_strat_x25	maaslin3	raw	real_perm	26	2704	0	0	0	2.5509370761011	1.43792556759284	2112	192
rice_strat_x25	maaslin3	raw	real_perm	27	2720	0	0	0	2.54719186086478	1.51388176100629	2112	192
rice_strat_x25	maaslin3	raw	real_perm	28	2796	0	0	0	2.55047626970592	1.61448528788264	2112	192
rice_strat_x25	maaslin3	raw	real_perm	29	2732	0	0	0	2.46989634244589	0.675407890437995	2112	192
rice_strat_x25	maaslin3	raw	real_perm	30	2637	0	0	0	2.55671107291219	1.63725888108004	2112	192
rice_strat_x25	maaslin3	raw	real_perm	31	2670	0	0	0	2.46459239280013	1.52403163870106	2112	192
rice_strat_x25	maaslin3	raw	real_perm	32	2679	0	0	0	2.51992827796524	1.48787796807691	2112	192
rice_strat_x25	maaslin3	raw	real_perm	33	2725	0	0	0	2.59996395447173	0.629919246298789	2112	192
rice_strat_x25	maaslin3	raw	real_perm	34	2770	0	0	0	2.50403708550269	0.996057971980765	2112	192
rice_strat_x25	maaslin3	raw	real_perm	35	2746	0	0	0	2.4609098755464	1.52008232440436	2112	192
rice_strat_x25	maaslin3	raw	real_perm	36	2834	0	0	0	2.6447082798033	1.75155872605741	10382	192
rice_strat_x25	maaslin3	raw	real_perm	37	2693	0	0	0	2.56450041649607	1.65852173169794	2112	192
rice_strat_x25	maaslin3	raw	real_perm	38	2816	0	0	0	2.57758827598865	0.623196979566876	2112	192
rice_strat_x25	maaslin3	raw	real_perm	39	2895	0	0	0	2.62650906137083	1.65081305249372	2112	192
rice_strat_x25	maaslin3	raw	real_perm	40	2688	0	0	0	2.46257421975842	0.626056934401668	2112	192
rice_strat_x25	maaslin3	raw	real_perm	41	2654	0	0	0	2.52457991077013	1.57783897111744	10382	192
rice_strat_x25	maaslin3	raw	real_perm	42	2817	0	0	0	2.54152629673971	1.53201418899829	2112	192
rice_strat_x25	maaslin3	raw	real_perm	43	2802	0	0	0	2.50795614047278	0.683029278030387	2112	192
rice_strat_x25	maaslin3	raw	real_perm	44	2710	0	0	0	2.47471680323891	0.642081333670119	2112	192
rice_strat_x25	maaslin3	raw	real_perm	45	2793	0	0	0	2.54050051213908	1.57695236307121	10382	192
rice_strat_x25	maaslin3	raw	real_perm	46	2753	0	0	0	2.44201170604812	1.65580336439142	14853	192
rice_strat_x25	maaslin3	raw	real_perm	47	2798	0	0	0	2.59251841685107	0.644673201071229	2112	192
rice_strat_x25	maaslin3	raw	real_perm	48	2756	0	0	0	2.51420147828253	1.54558219356181	2112	192
rice_strat_x25	maaslin3	raw	real_perm	49	2755	0	0	0	2.50152867294662	1.43425773584158	2112	192
rice_strat_x25	maaslin3	raw	real_perm	50	2789	0	0	0	2.54392033836587	0.658174402770079	2112	192
rice_strat_x25	maaslin3	raw	real_perm	51	2743	0	0	0	2.52745021147867	0.629601477540189	2112	192
rice_strat_x25	maaslin3	raw	real_perm	52	2793	0	0	0	2.48182014059091	0.983332655137335	2112	192
rice_strat_x25	maaslin3	raw	real_perm	53	2748	0	0	0	2.5336653136377	1.5223260426998	2112	192
rice_strat_x25	maaslin3	raw	real_perm	54	2772	0	0	0	2.55690316797849	0.615765544196434	2112	192
rice_strat_x25	maaslin3	raw	real_perm	55	2768	0	0	0	2.48140305526146	0.658852675090228	2112	192
rice_strat_x25	maaslin3	raw	real_perm	56	2782	0	0	0	2.54457499234346	1.01791637350487	2112	192
rice_strat_x25	maaslin3	raw	real_perm	57	2779	0	0	0	2.53134229025415	0.641318275672051	2112	192
rice_strat_x25	maaslin3	raw	real_perm	58	2696	0	0	0	2.41275389442396	1.57738863612316	2112	192
rice_strat_x25	maaslin3	raw	real_perm	59	2738	0	0	0	2.55671107291219	1.46803278688525	2112	192
rice_strat_x25	maaslin3	raw	real_perm	60	2754	0	0	0	2.55690316797849	1.71523518498308	10382	192
rice_strat_x25	maaslin3	raw	real_perm	61	2687	0	0	0	2.54613404202309	0.64515135124032	2112	192
rice_strat_x25	maaslin3	raw	real_perm	62	2776	0	0	0	2.44072019176385	0.642062370518748	2112	192
rice_strat_x25	maaslin3	raw	real_perm	63	2714	0	0	0	2.52548932260489	1.46688145258412	10382	192
rice_strat_x25	maaslin3	raw	real_perm	64	2708	0	0	0	2.56450041649607	0.580645757708355	2112	192
rice_strat_x25	maaslin3	raw	real_perm	65	2763	0	0	0	2.57758827598865	1.52828276429974	2112	192
rice_strat_x25	maaslin3	raw	real_perm	66	2732	0	0	0	2.47052951208352	0.666588457743028	2112	192
rice_strat_x25	maaslin3	raw	real_perm	67	2779	0	0	0	2.59132558697709	0.668544626807077	10382	192
rice_strat_x25	maaslin3	raw	real_perm	68	2841	0	0	0	2.47417624105788	1.49634915366744	2112	192
rice_strat_x25	maaslin3	raw	real_perm	69	2838	0	0	0	2.64199643493761	0.655333971603756	2112	192
rice_strat_x25	maaslin3	raw	real_perm	70	2727	0	0	0	2.57053023724826	0.662313122923588	2112	192
rice_strat_x25	maaslin3	raw	real_perm	71	2815	0	0	0	2.56332911322728	0.606329573001966	2112	192
rice_strat_x25	maaslin3	raw	real_perm	72	2699	0	0	0	2.48940985805298	1.47425399735207	2112	192
rice_strat_x25	maaslin3	raw	real_perm	73	2800	0	0	0	2.43427859229676	0.585779675753081	2112	192
rice_strat_x25	maaslin3	raw	real_perm	74	2703	0	0	0	2.50869252276943	0.63791202809004	2112	192
rice_strat_x25	maaslin3	raw	real_perm	75	2866	0	0	0	2.4915293351071	0.681296779254924	2112	192
rice_strat_x25	maaslin3	raw	real_perm	76	2802	0	0	0	2.54827036995641	1.55705480243193	2112	192
rice_strat_x25	maaslin3	raw	real_perm	77	2793	0	0	0	2.5091388809143	0.669588578233836	2112	192
rice_strat_x25	maaslin3	raw	real_perm	78	2697	0	0	0	2.54472038289401	0.998516530681979	2112	192
rice_strat_x25	maaslin3	raw	real_perm	79	2781	0	0	0	2.5021934726724	0.588088055965599	2112	192
rice_strat_x25	maaslin3	raw	real_perm	80	2724	0	0	0	2.49439856867603	1.50438140349071	10382	192
rice_strat_x25	maaslin3	raw	real_perm	81	2771	0	0	0	2.52703263848518	1.53647919755228	2112	192
rice_strat_x25	maaslin3	raw	real_perm	82	2770	0	0	0	2.54392033836587	0.630634744601735	2112	192
rice_strat_x25	maaslin3	raw	real_perm	83	2783	0	0	0	2.48032146199152	1.56432967220821	10382	192
rice_strat_x25	maaslin3	raw	real_perm	84	2829	1	0.000353481795687522	1	2.55268083690362	1.51243614437652	2112	192
rice_strat_x25	maaslin3	raw	real_perm	85	2776	0	0	0	2.42010849132606	0.596525059421228	2112	192
rice_strat_x25	maaslin3	raw	real_perm	86	2887	0	0	0	2.48488787353605	1.52631470597318	2112	192
rice_strat_x25	maaslin3	raw	real_perm	87	2813	0	0	0	2.42783645100861	0.972391156657472	2112	192
rice_strat_x25	maaslin3	raw	real_perm	88	2806	0	0	0	2.47714724339465	1.02450374524068	2112	192
rice_strat_x25	maaslin3	raw	real_perm	89	2760	0	0	0	2.54152629673971	1.50959167467714	10382	192
rice_strat_x25	maaslin3	raw	real_perm	90	2771	0	0	0	2.5819207450026	0.574942362077186	2112	192
rice_strat_x25	maaslin3	raw	real_perm	91	2695	0	0	0	2.58633387888707	0.999052337567334	10382	192
rice_strat_x25	maaslin3	raw	real_perm	92	2729	0	0	0	2.4789884561083	0.600493858833339	2112	192
rice_strat_x25	maaslin3	raw	real_perm	93	2793	0	0	0	2.5091388809143	0.659716755765163	2112	192
rice_strat_x25	maaslin3	raw	real_perm	94	2870	0	0	0	2.56762225047506	1.5938242280285	10382	192
rice_strat_x25	maaslin3	raw	real_perm	95	2895	0	0	0	2.5182356179466	0.655479258641946	2112	192
rice_strat_x25	maaslin3	raw	real_perm	96	2875	0	0	0	2.48316449985646	0.677025161683612	2112	192
rice_strat_x25	maaslin3	raw	real_perm	97	2801	0	0	0	2.51848924753546	1.51019325580912	16016	192
rice_strat_x25	maaslin3	raw	real_perm	98	2745	0	0	0	2.47641785227051	0.676706177295049	10382	192
rice_strat_x25	maaslin3	raw	real_perm	99	2772	0	0	0	2.61734046345811	0.604379665562188	2112	192
rice_strat_x25	maaslin3	raw	real_perm	100	2855	0	0	0	2.57830191290867	0.658220437624403	2112	192
rice_strat_x25	maaslin3_prev	rarefied	real_depth	1	2769	520	0.187793427230047	1	2.5448331322879	0.605522818889022	10382	192
rice_strat_x25	maaslin3_prev	rarefied	real_depth	2	2854	127	0.0444989488437281	1	2.52703263848518	1.00712344737135	2112	192
rice_strat_x25	maaslin3_prev	rarefied	real_depth	3	2775	887	0.31963963963964	1	2.51263418662263	1.56745106804176	14853	192
rice_strat_x25	maaslin3_prev	rarefied	real_depth	4	2692	200	0.0742942050520059	1	2.54152629673971	1.64403904177986	2112	192
rice_strat_x25	maaslin3_prev	rarefied	real_depth	5	2783	179	0.0643190801293568	1	2.55664428970521	1.59275576151784	2112	192
rice_strat_x25	maaslin3_prev	rarefied	real_depth	6	2810	128	0.0455516014234875	1	2.4915293351071	0.690102436323367	2112	192
rice_strat_x25	maaslin3_prev	rarefied	real_depth	7	2758	304	0.110224800580131	1	2.59931666407827	1.37532715429876	2112	192
rice_strat_x25	maaslin3_prev	rarefied	real_depth	8	2756	156	0.0566037735849057	1	2.57509625903982	1.82676976494506	2112	192
rice_strat_x25	maaslin3_prev	rarefied	real_depth	9	2760	150	0.0543478260869565	1	2.49495003905303	0.64327685025309	2112	192
rice_strat_x25	maaslin3_prev	rarefied	real_depth	10	2821	237	0.0840127614321163	1	2.60175595926869	1.61637770072019	2112	192
rice_strat_x25	maaslin3_prev	rarefied	real_depth	11	2736	598	0.218567251461988	1	2.59132558697709	0.637220719839766	10382	192
rice_strat_x25	maaslin3_prev	rarefied	real_depth	12	2778	60	0.0215982721382289	1	2.54954037540596	1.00590834574641	2112	192
rice_strat_x25	maaslin3_prev	rarefied	real_depth	13	2763	848	0.306912775968151	1	2.62655492084671	0.635944484908421	10382	192
rice_strat_x25	maaslin3_prev	rarefied	real_depth	14	2717	203	0.0747147589252852	1	2.57663658501647	1.68922308416853	2112	192
rice_strat_x25	maaslin3_prev	rarefied	real_depth	15	2659	114	0.0428732606242948	1	2.50911824484228	1.54580614223464	2112	192
rice_strat_x25	maaslin3_prev	rarefied	real_depth	16	2704	184	0.0680473372781065	1	2.45389427373342	1.53573481309632	2112	192
rice_strat_x25	maaslin3_prev	rarefied	real_depth	17	2724	179	0.065712187958884	1	2.41667008434838	0.662599802637481	2112	192
rice_strat_x25	maaslin3_prev	rarefied	real_depth	18	2849	573	0.201123201123201	1	2.4963413653542	0.629919246298789	10382	192
rice_strat_x25	maaslin3_prev	rarefied	real_depth	19	2850	835	0.292982456140351	1	2.5607372553387	0.594757047134197	14853	192
rice_strat_x25	maaslin3_prev	rarefied	real_depth	20	2726	272	0.0997798972853998	1	2.4644314947097	0.62741518230079	10382	192
rice_strat_x25	maaslin3_prev	rarefied	real_depth	21	2739	217	0.0792259948886455	1	2.49495003905303	0.66108903345219	2112	192
rice_strat_x25	maaslin3_prev	rarefied	real_depth	22	2764	231	0.083574529667149	1	2.41895822672305	0.64672300851916	2112	192
rice_strat_x25	maaslin3_prev	rarefied	real_depth	23	2739	696	0.254107338444688	1	2.4084812410784	0.64456027654536	10382	192
rice_strat_x25	maaslin3_prev	rarefied	real_depth	24	2726	610	0.223771093176816	1	2.56556783695743	1.50903176186913	10382	192
rice_strat_x25	maaslin3_prev	rarefied	real_depth	25	2688	380	0.141369047619048	1	2.49412396102824	0.993256086877469	2112	192
rice_strat_x25	maaslin3_prev	rarefied	real_depth	26	2704	244	0.0902366863905325	1	2.5509370761011	1.43792556759284	2112	192
rice_strat_x25	maaslin3_prev	rarefied	real_depth	27	2720	111	0.0408088235294118	1	2.54719186086478	1.51388176100629	2112	192
rice_strat_x25	maaslin3_prev	rarefied	real_depth	28	2796	159	0.0568669527896996	1	2.55047626970592	1.61448528788264	2112	192
rice_strat_x25	maaslin3_prev	rarefied	real_depth	29	2732	64	0.0234260614934114	1	2.46989634244589	0.675407890437995	2112	192
rice_strat_x25	maaslin3_prev	rarefied	real_depth	30	2637	158	0.0599165718619644	1	2.55671107291219	1.63725888108004	2112	192
rice_strat_x25	maaslin3_prev	rarefied	real_depth	31	2670	292	0.10936329588015	1	2.46459239280013	1.52403163870106	2112	192
rice_strat_x25	maaslin3_prev	rarefied	real_depth	32	2679	102	0.038073908174692	1	2.51992827796524	1.48787796807691	2112	192
rice_strat_x25	maaslin3_prev	rarefied	real_depth	33	2725	187	0.0686238532110092	1	2.59996395447173	0.629919246298789	2112	192
rice_strat_x25	maaslin3_prev	rarefied	real_depth	34	2770	123	0.0444043321299639	1	2.50403708550269	0.996057971980765	2112	192
rice_strat_x25	maaslin3_prev	rarefied	real_depth	35	2746	177	0.0644573925710124	1	2.4609098755464	1.52008232440436	2112	192
rice_strat_x25	maaslin3_prev	rarefied	real_depth	36	2834	722	0.254763585038814	1	2.6447082798033	1.75155872605741	10382	192
rice_strat_x25	maaslin3_prev	rarefied	real_depth	37	2693	192	0.071295952469365	1	2.56450041649607	1.65852173169794	2112	192
rice_strat_x25	maaslin3_prev	rarefied	real_depth	38	2816	240	0.0852272727272727	1	2.57758827598865	0.623196979566876	2112	192
rice_strat_x25	maaslin3_prev	rarefied	real_depth	39	2895	207	0.0715025906735751	1	2.62650906137083	1.65081305249372	2112	192
rice_strat_x25	maaslin3_prev	rarefied	real_depth	40	2688	107	0.0398065476190476	1	2.46257421975842	0.626056934401668	2112	192
rice_strat_x25	maaslin3_prev	rarefied	real_depth	41	2654	708	0.266767143933685	1	2.52457991077013	1.57783897111744	10382	192
rice_strat_x25	maaslin3_prev	rarefied	real_depth	42	2817	122	0.0433084842030529	1	2.54152629673971	1.53201418899829	2112	192
rice_strat_x25	maaslin3_prev	rarefied	real_depth	43	2802	82	0.0292648108493933	1	2.50795614047278	0.683029278030387	2112	192
rice_strat_x25	maaslin3_prev	rarefied	real_depth	44	2710	147	0.0542435424354244	1	2.47471680323891	0.642081333670119	2112	192
rice_strat_x25	maaslin3_prev	rarefied	real_depth	45	2793	650	0.232724668814894	1	2.54050051213908	1.57695236307121	10382	192
rice_strat_x25	maaslin3_prev	rarefied	real_depth	46	2753	665	0.241554667635307	1	2.44201170604812	1.65580336439142	14853	192
rice_strat_x25	maaslin3_prev	rarefied	real_depth	47	2798	229	0.0818441744102931	1	2.59251841685107	0.644673201071229	2112	192
rice_strat_x25	maaslin3_prev	rarefied	real_depth	48	2756	124	0.0449927431059507	1	2.51420147828253	1.54558219356181	2112	192
rice_strat_x25	maaslin3_prev	rarefied	real_depth	49	2755	127	0.0460980036297641	1	2.50152867294662	1.43425773584158	2112	192
rice_strat_x25	maaslin3_prev	rarefied	real_depth	50	2789	159	0.0570096808892076	1	2.54392033836587	0.658174402770079	2112	192
rice_strat_x25	maaslin3_prev	rarefied	real_depth	51	2743	127	0.046299671892089	1	2.52745021147867	0.629601477540189	2112	192
rice_strat_x25	maaslin3_prev	rarefied	real_depth	52	2793	68	0.0243465807375582	1	2.48182014059091	0.983332655137335	2112	192
rice_strat_x25	maaslin3_prev	rarefied	real_depth	53	2748	198	0.0720524017467249	1	2.5336653136377	1.5223260426998	2112	192
rice_strat_x25	maaslin3_prev	rarefied	real_depth	54	2772	176	0.0634920634920635	1	2.55690316797849	0.615765544196434	2112	192
rice_strat_x25	maaslin3_prev	rarefied	real_depth	55	2768	111	0.0401011560693642	1	2.48140305526146	0.658852675090228	2112	192
rice_strat_x25	maaslin3_prev	rarefied	real_depth	56	2782	150	0.0539180445722502	1	2.54457499234346	1.01791637350487	2112	192
rice_strat_x25	maaslin3_prev	rarefied	real_depth	57	2779	76	0.0273479668945664	1	2.53134229025415	0.641318275672051	2112	192
rice_strat_x25	maaslin3_prev	rarefied	real_depth	58	2696	102	0.0378338278931751	1	2.41275389442396	1.57738863612316	2112	192
rice_strat_x25	maaslin3_prev	rarefied	real_depth	59	2738	173	0.0631848064280497	1	2.55671107291219	1.46803278688525	2112	192
rice_strat_x25	maaslin3_prev	rarefied	real_depth	60	2754	687	0.249455337690632	1	2.55690316797849	1.71523518498308	10382	192
rice_strat_x25	maaslin3_prev	rarefied	real_depth	61	2687	167	0.0621510978786751	1	2.54613404202309	0.64515135124032	2112	192
rice_strat_x25	maaslin3_prev	rarefied	real_depth	62	2776	234	0.0842939481268011	1	2.44072019176385	0.642062370518748	2112	192
rice_strat_x25	maaslin3_prev	rarefied	real_depth	63	2714	667	0.245762711864407	1	2.52548932260489	1.46688145258412	10382	192
rice_strat_x25	maaslin3_prev	rarefied	real_depth	64	2708	217	0.0801329394387001	1	2.56450041649607	0.580645757708355	2112	192
rice_strat_x25	maaslin3_prev	rarefied	real_depth	65	2763	253	0.091567137169743	1	2.57758827598865	1.52828276429974	2112	192
rice_strat_x25	maaslin3_prev	rarefied	real_depth	66	2732	276	0.101024890190337	1	2.47052951208352	0.666588457743028	2112	192
rice_strat_x25	maaslin3_prev	rarefied	real_depth	67	2779	718	0.258366318819719	1	2.59132558697709	0.668544626807077	10382	192
rice_strat_x25	maaslin3_prev	rarefied	real_depth	68	2841	135	0.0475184794086589	1	2.47417624105788	1.49634915366744	2112	192
rice_strat_x25	maaslin3_prev	rarefied	real_depth	69	2838	92	0.0324171952078929	1	2.64199643493761	0.655333971603756	2112	192
rice_strat_x25	maaslin3_prev	rarefied	real_depth	70	2727	238	0.0872753942060873	1	2.57053023724826	0.662313122923588	2112	192
rice_strat_x25	maaslin3_prev	rarefied	real_depth	71	2815	145	0.0515097690941385	1	2.56332911322728	0.606329573001966	2112	192
rice_strat_x25	maaslin3_prev	rarefied	real_depth	72	2699	216	0.0800296406076325	1	2.48940985805298	1.47425399735207	2112	192
rice_strat_x25	maaslin3_prev	rarefied	real_depth	73	2800	35	0.0125	1	2.43427859229676	0.585779675753081	2112	192
rice_strat_x25	maaslin3_prev	rarefied	real_depth	74	2703	192	0.0710321864594895	1	2.50869252276943	0.63791202809004	2112	192
rice_strat_x25	maaslin3_prev	rarefied	real_depth	75	2866	196	0.0683879972086532	1	2.4915293351071	0.681296779254924	2112	192
rice_strat_x25	maaslin3_prev	rarefied	real_depth	76	2802	214	0.0763740185581727	1	2.54827036995641	1.55705480243193	2112	192
rice_strat_x25	maaslin3_prev	rarefied	real_depth	77	2793	196	0.0701754385964912	1	2.5091388809143	0.669588578233836	2112	192
rice_strat_x25	maaslin3_prev	rarefied	real_depth	78	2697	292	0.10826844642195	1	2.54472038289401	0.998516530681979	2112	192
rice_strat_x25	maaslin3_prev	rarefied	real_depth	79	2781	111	0.0399137001078749	1	2.5021934726724	0.588088055965599	2112	192
rice_strat_x25	maaslin3_prev	rarefied	real_depth	80	2724	625	0.229441997063142	1	2.49439856867603	1.50438140349071	10382	192
rice_strat_x25	maaslin3_prev	rarefied	real_depth	81	2771	169	0.0609888127029953	1	2.52703263848518	1.53647919755228	2112	192
rice_strat_x25	maaslin3_prev	rarefied	real_depth	82	2770	152	0.0548736462093863	1	2.54392033836587	0.630634744601735	2112	192
rice_strat_x25	maaslin3_prev	rarefied	real_depth	83	2783	869	0.312252964426877	1	2.48032146199152	1.56432967220821	10382	192
rice_strat_x25	maaslin3_prev	rarefied	real_depth	84	2829	151	0.0533757511488158	1	2.55268083690362	1.51243614437652	2112	192
rice_strat_x25	maaslin3_prev	rarefied	real_depth	85	2776	85	0.0306195965417867	1	2.42010849132606	0.596525059421228	2112	192
rice_strat_x25	maaslin3_prev	rarefied	real_depth	86	2887	125	0.0432975406996883	1	2.48488787353605	1.52631470597318	2112	192
rice_strat_x25	maaslin3_prev	rarefied	real_depth	87	2813	1	0.000355492356914326	1	2.42783645100861	0.972391156657472	2112	192
rice_strat_x25	maaslin3_prev	rarefied	real_depth	88	2806	135	0.0481111903064861	1	2.47714724339465	1.02450374524068	2112	192
rice_strat_x25	maaslin3_prev	rarefied	real_depth	89	2760	800	0.289855072463768	1	2.54152629673971	1.50959167467714	10382	192
rice_strat_x25	maaslin3_prev	rarefied	real_depth	90	2771	163	0.0588235294117647	1	2.5819207450026	0.574942362077186	2112	192
rice_strat_x25	maaslin3_prev	rarefied	real_depth	91	2695	855	0.317254174397032	1	2.58633387888707	0.999052337567334	10382	192
rice_strat_x25	maaslin3_prev	rarefied	real_depth	92	2729	234	0.0857456943935507	1	2.4789884561083	0.600493858833339	2112	192
rice_strat_x25	maaslin3_prev	rarefied	real_depth	93	2793	41	0.0146795560329395	1	2.5091388809143	0.659716755765163	2112	192
rice_strat_x25	maaslin3_prev	rarefied	real_depth	94	2870	570	0.198606271777003	1	2.56762225047506	1.5938242280285	10382	192
rice_strat_x25	maaslin3_prev	rarefied	real_depth	95	2895	163	0.0563039723661485	1	2.5182356179466	0.655479258641946	2112	192
rice_strat_x25	maaslin3_prev	rarefied	real_depth	96	2875	161	0.056	1	2.48316449985646	0.677025161683612	2112	192
rice_strat_x25	maaslin3_prev	rarefied	real_depth	97	2801	721	0.257408068546948	1	2.51848924753546	1.51019325580912	16016	192
rice_strat_x25	maaslin3_prev	rarefied	real_depth	98	2745	581	0.211657559198543	1	2.47641785227051	0.676706177295049	10382	192
rice_strat_x25	maaslin3_prev	rarefied	real_depth	99	2772	98	0.0353535353535354	1	2.61734046345811	0.604379665562188	2112	192
rice_strat_x25	maaslin3_prev	rarefied	real_depth	100	2855	159	0.05569176882662	1	2.57830191290867	0.658220437624403	2112	192
rice_strat_x25	maaslin3_prev	rarefied	real_perm	1	2769	0	0	0	2.5448331322879	0.605522818889022	10382	192
rice_strat_x25	maaslin3_prev	rarefied	real_perm	2	2854	0	0	0	2.52703263848518	1.00712344737135	2112	192
rice_strat_x25	maaslin3_prev	rarefied	real_perm	3	2775	0	0	0	2.51263418662263	1.56745106804176	14853	192
rice_strat_x25	maaslin3_prev	rarefied	real_perm	4	2692	0	0	0	2.54152629673971	1.64403904177986	2112	192
rice_strat_x25	maaslin3_prev	rarefied	real_perm	5	2783	0	0	0	2.55664428970521	1.59275576151784	2112	192
rice_strat_x25	maaslin3_prev	rarefied	real_perm	6	2810	0	0	0	2.4915293351071	0.690102436323367	2112	192
rice_strat_x25	maaslin3_prev	rarefied	real_perm	7	2758	0	0	0	2.59931666407827	1.37532715429876	2112	192
rice_strat_x25	maaslin3_prev	rarefied	real_perm	8	2756	0	0	0	2.57509625903982	1.82676976494506	2112	192
rice_strat_x25	maaslin3_prev	rarefied	real_perm	9	2760	0	0	0	2.49495003905303	0.64327685025309	2112	192
rice_strat_x25	maaslin3_prev	rarefied	real_perm	10	2821	0	0	0	2.60175595926869	1.61637770072019	2112	192
rice_strat_x25	maaslin3_prev	rarefied	real_perm	11	2736	0	0	0	2.59132558697709	0.637220719839766	10382	192
rice_strat_x25	maaslin3_prev	rarefied	real_perm	12	2778	0	0	0	2.54954037540596	1.00590834574641	2112	192
rice_strat_x25	maaslin3_prev	rarefied	real_perm	13	2763	0	0	0	2.62655492084671	0.635944484908421	10382	192
rice_strat_x25	maaslin3_prev	rarefied	real_perm	14	2717	0	0	0	2.57663658501647	1.68922308416853	2112	192
rice_strat_x25	maaslin3_prev	rarefied	real_perm	15	2659	0	0	0	2.50911824484228	1.54580614223464	2112	192
rice_strat_x25	maaslin3_prev	rarefied	real_perm	16	2704	0	0	0	2.45389427373342	1.53573481309632	2112	192
rice_strat_x25	maaslin3_prev	rarefied	real_perm	17	2724	0	0	0	2.41667008434838	0.662599802637481	2112	192
rice_strat_x25	maaslin3_prev	rarefied	real_perm	18	2849	0	0	0	2.4963413653542	0.629919246298789	10382	192
rice_strat_x25	maaslin3_prev	rarefied	real_perm	19	2850	0	0	0	2.5607372553387	0.594757047134197	14853	192
rice_strat_x25	maaslin3_prev	rarefied	real_perm	20	2726	0	0	0	2.4644314947097	0.62741518230079	10382	192
rice_strat_x25	maaslin3_prev	rarefied	real_perm	21	2739	0	0	0	2.49495003905303	0.66108903345219	2112	192
rice_strat_x25	maaslin3_prev	rarefied	real_perm	22	2764	0	0	0	2.41895822672305	0.64672300851916	2112	192
rice_strat_x25	maaslin3_prev	rarefied	real_perm	23	2739	0	0	0	2.4084812410784	0.64456027654536	10382	192
rice_strat_x25	maaslin3_prev	rarefied	real_perm	24	2726	0	0	0	2.56556783695743	1.50903176186913	10382	192
rice_strat_x25	maaslin3_prev	rarefied	real_perm	25	2688	0	0	0	2.49412396102824	0.993256086877469	2112	192
rice_strat_x25	maaslin3_prev	rarefied	real_perm	26	2704	0	0	0	2.5509370761011	1.43792556759284	2112	192
rice_strat_x25	maaslin3_prev	rarefied	real_perm	27	2720	0	0	0	2.54719186086478	1.51388176100629	2112	192
rice_strat_x25	maaslin3_prev	rarefied	real_perm	28	2796	0	0	0	2.55047626970592	1.61448528788264	2112	192
rice_strat_x25	maaslin3_prev	rarefied	real_perm	29	2732	0	0	0	2.46989634244589	0.675407890437995	2112	192
rice_strat_x25	maaslin3_prev	rarefied	real_perm	30	2637	0	0	0	2.55671107291219	1.63725888108004	2112	192
rice_strat_x25	maaslin3_prev	rarefied	real_perm	31	2670	0	0	0	2.46459239280013	1.52403163870106	2112	192
rice_strat_x25	maaslin3_prev	rarefied	real_perm	32	2679	0	0	0	2.51992827796524	1.48787796807691	2112	192
rice_strat_x25	maaslin3_prev	rarefied	real_perm	33	2725	0	0	0	2.59996395447173	0.629919246298789	2112	192
rice_strat_x25	maaslin3_prev	rarefied	real_perm	34	2770	0	0	0	2.50403708550269	0.996057971980765	2112	192
rice_strat_x25	maaslin3_prev	rarefied	real_perm	35	2746	0	0	0	2.4609098755464	1.52008232440436	2112	192
rice_strat_x25	maaslin3_prev	rarefied	real_perm	36	2834	0	0	0	2.6447082798033	1.75155872605741	10382	192
rice_strat_x25	maaslin3_prev	rarefied	real_perm	37	2693	0	0	0	2.56450041649607	1.65852173169794	2112	192
rice_strat_x25	maaslin3_prev	rarefied	real_perm	38	2816	0	0	0	2.57758827598865	0.623196979566876	2112	192
rice_strat_x25	maaslin3_prev	rarefied	real_perm	39	2895	0	0	0	2.62650906137083	1.65081305249372	2112	192
rice_strat_x25	maaslin3_prev	rarefied	real_perm	40	2688	0	0	0	2.46257421975842	0.626056934401668	2112	192
rice_strat_x25	maaslin3_prev	rarefied	real_perm	41	2654	0	0	0	2.52457991077013	1.57783897111744	10382	192
rice_strat_x25	maaslin3_prev	rarefied	real_perm	42	2817	0	0	0	2.54152629673971	1.53201418899829	2112	192
rice_strat_x25	maaslin3_prev	rarefied	real_perm	43	2802	0	0	0	2.50795614047278	0.683029278030387	2112	192
rice_strat_x25	maaslin3_prev	rarefied	real_perm	44	2710	0	0	0	2.47471680323891	0.642081333670119	2112	192
rice_strat_x25	maaslin3_prev	rarefied	real_perm	45	2793	0	0	0	2.54050051213908	1.57695236307121	10382	192
rice_strat_x25	maaslin3_prev	rarefied	real_perm	46	2753	0	0	0	2.44201170604812	1.65580336439142	14853	192
rice_strat_x25	maaslin3_prev	rarefied	real_perm	47	2798	0	0	0	2.59251841685107	0.644673201071229	2112	192
rice_strat_x25	maaslin3_prev	rarefied	real_perm	48	2756	0	0	0	2.51420147828253	1.54558219356181	2112	192
rice_strat_x25	maaslin3_prev	rarefied	real_perm	49	2755	0	0	0	2.50152867294662	1.43425773584158	2112	192
rice_strat_x25	maaslin3_prev	rarefied	real_perm	50	2789	0	0	0	2.54392033836587	0.658174402770079	2112	192
rice_strat_x25	maaslin3_prev	rarefied	real_perm	51	2743	0	0	0	2.52745021147867	0.629601477540189	2112	192
rice_strat_x25	maaslin3_prev	rarefied	real_perm	52	2793	0	0	0	2.48182014059091	0.983332655137335	2112	192
rice_strat_x25	maaslin3_prev	rarefied	real_perm	53	2748	0	0	0	2.5336653136377	1.5223260426998	2112	192
rice_strat_x25	maaslin3_prev	rarefied	real_perm	54	2772	0	0	0	2.55690316797849	0.615765544196434	2112	192
rice_strat_x25	maaslin3_prev	rarefied	real_perm	55	2768	0	0	0	2.48140305526146	0.658852675090228	2112	192
rice_strat_x25	maaslin3_prev	rarefied	real_perm	56	2782	0	0	0	2.54457499234346	1.01791637350487	2112	192
rice_strat_x25	maaslin3_prev	rarefied	real_perm	57	2779	0	0	0	2.53134229025415	0.641318275672051	2112	192
rice_strat_x25	maaslin3_prev	rarefied	real_perm	58	2696	0	0	0	2.41275389442396	1.57738863612316	2112	192
rice_strat_x25	maaslin3_prev	rarefied	real_perm	59	2738	0	0	0	2.55671107291219	1.46803278688525	2112	192
rice_strat_x25	maaslin3_prev	rarefied	real_perm	60	2754	0	0	0	2.55690316797849	1.71523518498308	10382	192
rice_strat_x25	maaslin3_prev	rarefied	real_perm	61	2687	0	0	0	2.54613404202309	0.64515135124032	2112	192
rice_strat_x25	maaslin3_prev	rarefied	real_perm	62	2776	0	0	0	2.44072019176385	0.642062370518748	2112	192
rice_strat_x25	maaslin3_prev	rarefied	real_perm	63	2714	0	0	0	2.52548932260489	1.46688145258412	10382	192
rice_strat_x25	maaslin3_prev	rarefied	real_perm	64	2708	0	0	0	2.56450041649607	0.580645757708355	2112	192
rice_strat_x25	maaslin3_prev	rarefied	real_perm	65	2763	0	0	0	2.57758827598865	1.52828276429974	2112	192
rice_strat_x25	maaslin3_prev	rarefied	real_perm	66	2732	0	0	0	2.47052951208352	0.666588457743028	2112	192
rice_strat_x25	maaslin3_prev	rarefied	real_perm	67	2779	0	0	0	2.59132558697709	0.668544626807077	10382	192
rice_strat_x25	maaslin3_prev	rarefied	real_perm	68	2841	0	0	0	2.47417624105788	1.49634915366744	2112	192
rice_strat_x25	maaslin3_prev	rarefied	real_perm	69	2838	0	0	0	2.64199643493761	0.655333971603756	2112	192
rice_strat_x25	maaslin3_prev	rarefied	real_perm	70	2727	0	0	0	2.57053023724826	0.662313122923588	2112	192
rice_strat_x25	maaslin3_prev	rarefied	real_perm	71	2815	0	0	0	2.56332911322728	0.606329573001966	2112	192
rice_strat_x25	maaslin3_prev	rarefied	real_perm	72	2699	0	0	0	2.48940985805298	1.47425399735207	2112	192
rice_strat_x25	maaslin3_prev	rarefied	real_perm	73	2800	0	0	0	2.43427859229676	0.585779675753081	2112	192
rice_strat_x25	maaslin3_prev	rarefied	real_perm	74	2703	0	0	0	2.50869252276943	0.63791202809004	2112	192
rice_strat_x25	maaslin3_prev	rarefied	real_perm	75	2866	0	0	0	2.4915293351071	0.681296779254924	2112	192
rice_strat_x25	maaslin3_prev	rarefied	real_perm	76	2802	0	0	0	2.54827036995641	1.55705480243193	2112	192
rice_strat_x25	maaslin3_prev	rarefied	real_perm	77	2793	0	0	0	2.5091388809143	0.669588578233836	2112	192
rice_strat_x25	maaslin3_prev	rarefied	real_perm	78	2697	0	0	0	2.54472038289401	0.998516530681979	2112	192
rice_strat_x25	maaslin3_prev	rarefied	real_perm	79	2781	0	0	0	2.5021934726724	0.588088055965599	2112	192
rice_strat_x25	maaslin3_prev	rarefied	real_perm	80	2724	0	0	0	2.49439856867603	1.50438140349071	10382	192
rice_strat_x25	maaslin3_prev	rarefied	real_perm	81	2771	0	0	0	2.52703263848518	1.53647919755228	2112	192
rice_strat_x25	maaslin3_prev	rarefied	real_perm	82	2770	0	0	0	2.54392033836587	0.630634744601735	2112	192
rice_strat_x25	maaslin3_prev	rarefied	real_perm	83	2783	0	0	0	2.48032146199152	1.56432967220821	10382	192
rice_strat_x25	maaslin3_prev	rarefied	real_perm	84	2829	0	0	0	2.55268083690362	1.51243614437652	2112	192
rice_strat_x25	maaslin3_prev	rarefied	real_perm	85	2776	0	0	0	2.42010849132606	0.596525059421228	2112	192
rice_strat_x25	maaslin3_prev	rarefied	real_perm	86	2887	0	0	0	2.48488787353605	1.52631470597318	2112	192
rice_strat_x25	maaslin3_prev	rarefied	real_perm	87	2813	0	0	0	2.42783645100861	0.972391156657472	2112	192
rice_strat_x25	maaslin3_prev	rarefied	real_perm	88	2806	0	0	0	2.47714724339465	1.02450374524068	2112	192
rice_strat_x25	maaslin3_prev	rarefied	real_perm	89	2760	0	0	0	2.54152629673971	1.50959167467714	10382	192
rice_strat_x25	maaslin3_prev	rarefied	real_perm	90	2771	0	0	0	2.5819207450026	0.574942362077186	2112	192
rice_strat_x25	maaslin3_prev	rarefied	real_perm	91	2695	0	0	0	2.58633387888707	0.999052337567334	10382	192
rice_strat_x25	maaslin3_prev	rarefied	real_perm	92	2729	0	0	0	2.4789884561083	0.600493858833339	2112	192
rice_strat_x25	maaslin3_prev	rarefied	real_perm	93	2793	0	0	0	2.5091388809143	0.659716755765163	2112	192
rice_strat_x25	maaslin3_prev	rarefied	real_perm	94	2870	0	0	0	2.56762225047506	1.5938242280285	10382	192
rice_strat_x25	maaslin3_prev	rarefied	real_perm	95	2895	0	0	0	2.5182356179466	0.655479258641946	2112	192
rice_strat_x25	maaslin3_prev	rarefied	real_perm	96	2875	0	0	0	2.48316449985646	0.677025161683612	2112	192
rice_strat_x25	maaslin3_prev	rarefied	real_perm	97	2801	0	0	0	2.51848924753546	1.51019325580912	16016	192
rice_strat_x25	maaslin3_prev	rarefied	real_perm	98	2745	0	0	0	2.47641785227051	0.676706177295049	10382	192
rice_strat_x25	maaslin3_prev	rarefied	real_perm	99	2772	0	0	0	2.61734046345811	0.604379665562188	2112	192
rice_strat_x25	maaslin3_prev	rarefied	real_perm	100	2855	0	0	0	2.57830191290867	0.658220437624403	2112	192
rice_strat_x25	maaslin3_prev	raw	real_depth	1	2769	817	0.295052365474901	1	2.5448331322879	0.605522818889022	10382	192
rice_strat_x25	maaslin3_prev	raw	real_depth	2	2854	905	0.317098808689559	1	2.52703263848518	1.00712344737135	2112	192
rice_strat_x25	maaslin3_prev	raw	real_depth	3	2775	1025	0.369369369369369	1	2.51263418662263	1.56745106804176	14853	192
rice_strat_x25	maaslin3_prev	raw	real_depth	4	2692	906	0.336552748885587	1	2.54152629673971	1.64403904177986	2112	192
rice_strat_x25	maaslin3_prev	raw	real_depth	5	2783	963	0.34602946460654	1	2.55664428970521	1.59275576151784	2112	192
rice_strat_x25	maaslin3_prev	raw	real_depth	6	2810	931	0.331316725978648	1	2.4915293351071	0.690102436323367	2112	192
rice_strat_x25	maaslin3_prev	raw	real_depth	7	2758	1056	0.382886149383611	1	2.59931666407827	1.37532715429876	2112	192
rice_strat_x25	maaslin3_prev	raw	real_depth	8	2756	991	0.359579100145138	1	2.57509625903982	1.82676976494506	2112	192
rice_strat_x25	maaslin3_prev	raw	real_depth	9	2760	866	0.313768115942029	1	2.49495003905303	0.64327685025309	2112	192
rice_strat_x25	maaslin3_prev	raw	real_depth	10	2821	1000	0.354484225451967	1	2.60175595926869	1.61637770072019	2112	192
rice_strat_x25	maaslin3_prev	raw	real_depth	11	2736	816	0.298245614035088	1	2.59132558697709	0.637220719839766	10382	192
rice_strat_x25	maaslin3_prev	raw	real_depth	12	2778	794	0.28581713462923	1	2.54954037540596	1.00590834574641	2112	192
rice_strat_x25	maaslin3_prev	raw	real_depth	13	2763	999	0.361563517915309	1	2.62655492084671	0.635944484908421	10382	192
rice_strat_x25	maaslin3_prev	raw	real_depth	14	2717	1032	0.379830695620169	1	2.57663658501647	1.68922308416853	2112	192
rice_strat_x25	maaslin3_prev	raw	real_depth	15	2659	783	0.294471605866867	1	2.50911824484228	1.54580614223464	2112	192
rice_strat_x25	maaslin3_prev	raw	real_depth	16	2704	917	0.339127218934911	1	2.45389427373342	1.53573481309632	2112	192
rice_strat_x25	maaslin3_prev	raw	real_depth	17	2724	975	0.357929515418502	1	2.41667008434838	0.662599802637481	2112	192
rice_strat_x25	maaslin3_prev	raw	real_depth	18	2849	851	0.298701298701299	1	2.4963413653542	0.629919246298789	10382	192
rice_strat_x25	maaslin3_prev	raw	real_depth	19	2850	1008	0.353684210526316	1	2.5607372553387	0.594757047134197	14853	192
rice_strat_x25	maaslin3_prev	raw	real_depth	20	2726	536	0.196625091709464	1	2.4644314947097	0.62741518230079	10382	192
rice_strat_x25	maaslin3_prev	raw	real_depth	21	2739	938	0.342460752099306	1	2.49495003905303	0.66108903345219	2112	192
rice_strat_x25	maaslin3_prev	raw	real_depth	22	2764	937	0.339001447178003	1	2.41895822672305	0.64672300851916	2112	192
rice_strat_x25	maaslin3_prev	raw	real_depth	23	2739	869	0.317269076305221	1	2.4084812410784	0.64456027654536	10382	192
rice_strat_x25	maaslin3_prev	raw	real_depth	24	2726	862	0.316214233308877	1	2.56556783695743	1.50903176186913	10382	192
rice_strat_x25	maaslin3_prev	raw	real_depth	25	2688	1084	0.40327380952381	1	2.49412396102824	0.993256086877469	2112	192
rice_strat_x25	maaslin3_prev	raw	real_depth	26	2704	1075	0.397559171597633	1	2.5509370761011	1.43792556759284	2112	192
rice_strat_x25	maaslin3_prev	raw	real_depth	27	2720	901	0.33125	1	2.54719186086478	1.51388176100629	2112	192
rice_strat_x25	maaslin3_prev	raw	real_depth	28	2796	984	0.351931330472103	1	2.55047626970592	1.61448528788264	2112	192
rice_strat_x25	maaslin3_prev	raw	real_depth	29	2732	806	0.29502196193265	1	2.46989634244589	0.675407890437995	2112	192
rice_strat_x25	maaslin3_prev	raw	real_depth	30	2637	819	0.310580204778157	1	2.55671107291219	1.63725888108004	2112	192
rice_strat_x25	maaslin3_prev	raw	real_depth	31	2670	988	0.370037453183521	1	2.46459239280013	1.52403163870106	2112	192
rice_strat_x25	maaslin3_prev	raw	real_depth	32	2679	816	0.304591265397536	1	2.51992827796524	1.48787796807691	2112	192
rice_strat_x25	maaslin3_prev	raw	real_depth	33	2725	904	0.331743119266055	1	2.59996395447173	0.629919246298789	2112	192
rice_strat_x25	maaslin3_prev	raw	real_depth	34	2770	970	0.350180505415162	1	2.50403708550269	0.996057971980765	2112	192
rice_strat_x25	maaslin3_prev	raw	real_depth	35	2746	950	0.345957756737072	1	2.4609098755464	1.52008232440436	2112	192
rice_strat_x25	maaslin3_prev	raw	real_depth	36	2834	958	0.338038108680311	1	2.6447082798033	1.75155872605741	10382	192
rice_strat_x25	maaslin3_prev	raw	real_depth	37	2693	990	0.367619754920163	1	2.56450041649607	1.65852173169794	2112	192
rice_strat_x25	maaslin3_prev	raw	real_depth	38	2816	1052	0.373579545454545	1	2.57758827598865	0.623196979566876	2112	192
rice_strat_x25	maaslin3_prev	raw	real_depth	39	2895	1022	0.353022452504318	1	2.62650906137083	1.65081305249372	2112	192
rice_strat_x25	maaslin3_prev	raw	real_depth	40	2688	826	0.307291666666667	1	2.46257421975842	0.626056934401668	2112	192
rice_strat_x25	maaslin3_prev	raw	real_depth	41	2654	939	0.35380557648832	1	2.52457991077013	1.57783897111744	10382	192
rice_strat_x25	maaslin3_prev	raw	real_depth	42	2817	834	0.296059637912673	1	2.54152629673971	1.53201418899829	2112	192
rice_strat_x25	maaslin3_prev	raw	real_depth	43	2802	964	0.344039971448965	1	2.50795614047278	0.683029278030387	2112	192
rice_strat_x25	maaslin3_prev	raw	real_depth	44	2710	875	0.322878228782288	1	2.47471680323891	0.642081333670119	2112	192
rice_strat_x25	maaslin3_prev	raw	real_depth	45	2793	853	0.305406373075546	1	2.54050051213908	1.57695236307121	10382	192
rice_strat_x25	maaslin3_prev	raw	real_depth	46	2753	848	0.30802760624773	1	2.44201170604812	1.65580336439142	14853	192
rice_strat_x25	maaslin3_prev	raw	real_depth	47	2798	1033	0.369192280200143	1	2.59251841685107	0.644673201071229	2112	192
rice_strat_x25	maaslin3_prev	raw	real_depth	48	2756	912	0.330914368650218	1	2.51420147828253	1.54558219356181	2112	192
rice_strat_x25	maaslin3_prev	raw	real_depth	49	2755	858	0.311433756805808	1	2.50152867294662	1.43425773584158	2112	192
rice_strat_x25	maaslin3_prev	raw	real_depth	50	2789	944	0.338472570813912	1	2.54392033836587	0.658174402770079	2112	192
rice_strat_x25	maaslin3_prev	raw	real_depth	51	2743	911	0.332118118847977	1	2.52745021147867	0.629601477540189	2112	192
rice_strat_x25	maaslin3_prev	raw	real_depth	52	2793	783	0.280343716433942	1	2.48182014059091	0.983332655137335	2112	192
rice_strat_x25	maaslin3_prev	raw	real_depth	53	2748	942	0.342794759825328	1	2.5336653136377	1.5223260426998	2112	192
rice_strat_x25	maaslin3_prev	raw	real_depth	54	2772	970	0.34992784992785	1	2.55690316797849	0.615765544196434	2112	192
rice_strat_x25	maaslin3_prev	raw	real_depth	55	2768	815	0.294436416184971	1	2.48140305526146	0.658852675090228	2112	192
rice_strat_x25	maaslin3_prev	raw	real_depth	56	2782	892	0.320632638389648	1	2.54457499234346	1.01791637350487	2112	192
rice_strat_x25	maaslin3_prev	raw	real_depth	57	2779	820	0.295070169125585	1	2.53134229025415	0.641318275672051	2112	192
rice_strat_x25	maaslin3_prev	raw	real_depth	58	2696	812	0.301186943620178	1	2.41275389442396	1.57738863612316	2112	192
rice_strat_x25	maaslin3_prev	raw	real_depth	59	2738	863	0.315193571950329	1	2.55671107291219	1.46803278688525	2112	192
rice_strat_x25	maaslin3_prev	raw	real_depth	60	2754	891	0.323529411764706	1	2.55690316797849	1.71523518498308	10382	192
rice_strat_x25	maaslin3_prev	raw	real_depth	61	2687	927	0.344994417566059	1	2.54613404202309	0.64515135124032	2112	192
rice_strat_x25	maaslin3_prev	raw	real_depth	62	2776	968	0.348703170028818	1	2.44072019176385	0.642062370518748	2112	192
rice_strat_x25	maaslin3_prev	raw	real_depth	63	2714	876	0.32277081798084	1	2.52548932260489	1.46688145258412	10382	192
rice_strat_x25	maaslin3_prev	raw	real_depth	64	2708	972	0.358936484490399	1	2.56450041649607	0.580645757708355	2112	192
rice_strat_x25	maaslin3_prev	raw	real_depth	65	2763	1061	0.384002895403547	1	2.57758827598865	1.52828276429974	2112	192
rice_strat_x25	maaslin3_prev	raw	real_depth	66	2732	977	0.357613469985359	1	2.47052951208352	0.666588457743028	2112	192
rice_strat_x25	maaslin3_prev	raw	real_depth	67	2779	931	0.335012594458438	1	2.59132558697709	0.668544626807077	10382	192
rice_strat_x25	maaslin3_prev	raw	real_depth	68	2841	960	0.337909186906019	1	2.47417624105788	1.49634915366744	2112	192
rice_strat_x25	maaslin3_prev	raw	real_depth	69	2838	878	0.309372797744891	1	2.64199643493761	0.655333971603756	2112	192
rice_strat_x25	maaslin3_prev	raw	real_depth	70	2727	1022	0.374770810414375	1	2.57053023724826	0.662313122923588	2112	192
rice_strat_x25	maaslin3_prev	raw	real_depth	71	2815	960	0.341030195381883	1	2.56332911322728	0.606329573001966	2112	192
rice_strat_x25	maaslin3_prev	raw	real_depth	72	2699	881	0.326417191552427	1	2.48940985805298	1.47425399735207	2112	192
rice_strat_x25	maaslin3_prev	raw	real_depth	73	2800	653	0.233214285714286	1	2.43427859229676	0.585779675753081	2112	192
rice_strat_x25	maaslin3_prev	raw	real_depth	74	2703	880	0.325564187939327	1	2.50869252276943	0.63791202809004	2112	192
rice_strat_x25	maaslin3_prev	raw	real_depth	75	2866	983	0.342986741102582	1	2.4915293351071	0.681296779254924	2112	192
rice_strat_x25	maaslin3_prev	raw	real_depth	76	2802	973	0.347251962883655	1	2.54827036995641	1.55705480243193	2112	192
rice_strat_x25	maaslin3_prev	raw	real_depth	77	2793	1039	0.372001432151808	1	2.5091388809143	0.669588578233836	2112	192
rice_strat_x25	maaslin3_prev	raw	real_depth	78	2697	962	0.35669262143122	1	2.54472038289401	0.998516530681979	2112	192
rice_strat_x25	maaslin3_prev	raw	real_depth	79	2781	787	0.282991729593671	1	2.5021934726724	0.588088055965599	2112	192
rice_strat_x25	maaslin3_prev	raw	real_depth	80	2724	865	0.317547723935389	1	2.49439856867603	1.50438140349071	10382	192
rice_strat_x25	maaslin3_prev	raw	real_depth	81	2771	961	0.346806207145435	1	2.52703263848518	1.53647919755228	2112	192
rice_strat_x25	maaslin3_prev	raw	real_depth	82	2770	928	0.335018050541516	1	2.54392033836587	0.630634744601735	2112	192
rice_strat_x25	maaslin3_prev	raw	real_depth	83	2783	1052	0.37800934243622	1	2.48032146199152	1.56432967220821	10382	192
rice_strat_x25	maaslin3_prev	raw	real_depth	84	2829	869	0.307175680452457	1	2.55268083690362	1.51243614437652	2112	192
rice_strat_x25	maaslin3_prev	raw	real_depth	85	2776	828	0.298270893371758	1	2.42010849132606	0.596525059421228	2112	192
rice_strat_x25	maaslin3_prev	raw	real_depth	86	2887	893	0.309317630758573	1	2.48488787353605	1.52631470597318	2112	192
rice_strat_x25	maaslin3_prev	raw	real_depth	87	2813	636	0.226093138997512	1	2.42783645100861	0.972391156657472	2112	192
rice_strat_x25	maaslin3_prev	raw	real_depth	88	2806	973	0.346756949394155	1	2.47714724339465	1.02450374524068	2112	192
rice_strat_x25	maaslin3_prev	raw	real_depth	89	2760	994	0.360144927536232	1	2.54152629673971	1.50959167467714	10382	192
rice_strat_x25	maaslin3_prev	raw	real_depth	90	2771	987	0.356189101407434	1	2.5819207450026	0.574942362077186	2112	192
rice_strat_x25	maaslin3_prev	raw	real_depth	91	2695	1032	0.382931354359926	1	2.58633387888707	0.999052337567334	10382	192
rice_strat_x25	maaslin3_prev	raw	real_depth	92	2729	954	0.349578600219861	1	2.4789884561083	0.600493858833339	2112	192
rice_strat_x25	maaslin3_prev	raw	real_depth	93	2793	714	0.255639097744361	1	2.5091388809143	0.659716755765163	2112	192
rice_strat_x25	maaslin3_prev	raw	real_depth	94	2870	817	0.284668989547038	1	2.56762225047506	1.5938242280285	10382	192
rice_strat_x25	maaslin3_prev	raw	real_depth	95	2895	890	0.307426597582038	1	2.5182356179466	0.655479258641946	2112	192
rice_strat_x25	maaslin3_prev	raw	real_depth	96	2875	896	0.311652173913043	1	2.48316449985646	0.677025161683612	2112	192
rice_strat_x25	maaslin3_prev	raw	real_depth	97	2801	852	0.304177079614423	1	2.51848924753546	1.51019325580912	16016	192
rice_strat_x25	maaslin3_prev	raw	real_depth	98	2745	844	0.307468123861566	1	2.47641785227051	0.676706177295049	10382	192
rice_strat_x25	maaslin3_prev	raw	real_depth	99	2772	776	0.27994227994228	1	2.61734046345811	0.604379665562188	2112	192
rice_strat_x25	maaslin3_prev	raw	real_depth	100	2855	906	0.317338003502627	1	2.57830191290867	0.658220437624403	2112	192
rice_strat_x25	maaslin3_prev	raw	real_perm	1	2769	0	0	0	2.5448331322879	0.605522818889022	10382	192
rice_strat_x25	maaslin3_prev	raw	real_perm	2	2854	0	0	0	2.52703263848518	1.00712344737135	2112	192
rice_strat_x25	maaslin3_prev	raw	real_perm	3	2775	0	0	0	2.51263418662263	1.56745106804176	14853	192
rice_strat_x25	maaslin3_prev	raw	real_perm	4	2692	0	0	0	2.54152629673971	1.64403904177986	2112	192
rice_strat_x25	maaslin3_prev	raw	real_perm	5	2783	0	0	0	2.55664428970521	1.59275576151784	2112	192
rice_strat_x25	maaslin3_prev	raw	real_perm	6	2810	0	0	0	2.4915293351071	0.690102436323367	2112	192
rice_strat_x25	maaslin3_prev	raw	real_perm	7	2758	0	0	0	2.59931666407827	1.37532715429876	2112	192
rice_strat_x25	maaslin3_prev	raw	real_perm	8	2756	0	0	0	2.57509625903982	1.82676976494506	2112	192
rice_strat_x25	maaslin3_prev	raw	real_perm	9	2760	0	0	0	2.49495003905303	0.64327685025309	2112	192
rice_strat_x25	maaslin3_prev	raw	real_perm	10	2821	0	0	0	2.60175595926869	1.61637770072019	2112	192
rice_strat_x25	maaslin3_prev	raw	real_perm	11	2736	0	0	0	2.59132558697709	0.637220719839766	10382	192
rice_strat_x25	maaslin3_prev	raw	real_perm	12	2778	0	0	0	2.54954037540596	1.00590834574641	2112	192
rice_strat_x25	maaslin3_prev	raw	real_perm	13	2763	0	0	0	2.62655492084671	0.635944484908421	10382	192
rice_strat_x25	maaslin3_prev	raw	real_perm	14	2717	0	0	0	2.57663658501647	1.68922308416853	2112	192
rice_strat_x25	maaslin3_prev	raw	real_perm	15	2659	0	0	0	2.50911824484228	1.54580614223464	2112	192
rice_strat_x25	maaslin3_prev	raw	real_perm	16	2704	0	0	0	2.45389427373342	1.53573481309632	2112	192
rice_strat_x25	maaslin3_prev	raw	real_perm	17	2724	0	0	0	2.41667008434838	0.662599802637481	2112	192
rice_strat_x25	maaslin3_prev	raw	real_perm	18	2849	0	0	0	2.4963413653542	0.629919246298789	10382	192
rice_strat_x25	maaslin3_prev	raw	real_perm	19	2850	0	0	0	2.5607372553387	0.594757047134197	14853	192
rice_strat_x25	maaslin3_prev	raw	real_perm	20	2726	0	0	0	2.4644314947097	0.62741518230079	10382	192
rice_strat_x25	maaslin3_prev	raw	real_perm	21	2739	0	0	0	2.49495003905303	0.66108903345219	2112	192
rice_strat_x25	maaslin3_prev	raw	real_perm	22	2764	0	0	0	2.41895822672305	0.64672300851916	2112	192
rice_strat_x25	maaslin3_prev	raw	real_perm	23	2739	0	0	0	2.4084812410784	0.64456027654536	10382	192
rice_strat_x25	maaslin3_prev	raw	real_perm	24	2726	0	0	0	2.56556783695743	1.50903176186913	10382	192
rice_strat_x25	maaslin3_prev	raw	real_perm	25	2688	0	0	0	2.49412396102824	0.993256086877469	2112	192
rice_strat_x25	maaslin3_prev	raw	real_perm	26	2704	0	0	0	2.5509370761011	1.43792556759284	2112	192
rice_strat_x25	maaslin3_prev	raw	real_perm	27	2720	0	0	0	2.54719186086478	1.51388176100629	2112	192
rice_strat_x25	maaslin3_prev	raw	real_perm	28	2796	0	0	0	2.55047626970592	1.61448528788264	2112	192
rice_strat_x25	maaslin3_prev	raw	real_perm	29	2732	0	0	0	2.46989634244589	0.675407890437995	2112	192
rice_strat_x25	maaslin3_prev	raw	real_perm	30	2637	0	0	0	2.55671107291219	1.63725888108004	2112	192
rice_strat_x25	maaslin3_prev	raw	real_perm	31	2670	0	0	0	2.46459239280013	1.52403163870106	2112	192
rice_strat_x25	maaslin3_prev	raw	real_perm	32	2679	0	0	0	2.51992827796524	1.48787796807691	2112	192
rice_strat_x25	maaslin3_prev	raw	real_perm	33	2725	0	0	0	2.59996395447173	0.629919246298789	2112	192
rice_strat_x25	maaslin3_prev	raw	real_perm	34	2770	0	0	0	2.50403708550269	0.996057971980765	2112	192
rice_strat_x25	maaslin3_prev	raw	real_perm	35	2746	0	0	0	2.4609098755464	1.52008232440436	2112	192
rice_strat_x25	maaslin3_prev	raw	real_perm	36	2834	0	0	0	2.6447082798033	1.75155872605741	10382	192
rice_strat_x25	maaslin3_prev	raw	real_perm	37	2693	0	0	0	2.56450041649607	1.65852173169794	2112	192
rice_strat_x25	maaslin3_prev	raw	real_perm	38	2816	0	0	0	2.57758827598865	0.623196979566876	2112	192
rice_strat_x25	maaslin3_prev	raw	real_perm	39	2895	0	0	0	2.62650906137083	1.65081305249372	2112	192
rice_strat_x25	maaslin3_prev	raw	real_perm	40	2688	0	0	0	2.46257421975842	0.626056934401668	2112	192
rice_strat_x25	maaslin3_prev	raw	real_perm	41	2654	0	0	0	2.52457991077013	1.57783897111744	10382	192
rice_strat_x25	maaslin3_prev	raw	real_perm	42	2817	0	0	0	2.54152629673971	1.53201418899829	2112	192
rice_strat_x25	maaslin3_prev	raw	real_perm	43	2802	0	0	0	2.50795614047278	0.683029278030387	2112	192
rice_strat_x25	maaslin3_prev	raw	real_perm	44	2710	0	0	0	2.47471680323891	0.642081333670119	2112	192
rice_strat_x25	maaslin3_prev	raw	real_perm	45	2793	0	0	0	2.54050051213908	1.57695236307121	10382	192
rice_strat_x25	maaslin3_prev	raw	real_perm	46	2753	0	0	0	2.44201170604812	1.65580336439142	14853	192
rice_strat_x25	maaslin3_prev	raw	real_perm	47	2798	0	0	0	2.59251841685107	0.644673201071229	2112	192
rice_strat_x25	maaslin3_prev	raw	real_perm	48	2756	0	0	0	2.51420147828253	1.54558219356181	2112	192
rice_strat_x25	maaslin3_prev	raw	real_perm	49	2755	0	0	0	2.50152867294662	1.43425773584158	2112	192
rice_strat_x25	maaslin3_prev	raw	real_perm	50	2789	0	0	0	2.54392033836587	0.658174402770079	2112	192
rice_strat_x25	maaslin3_prev	raw	real_perm	51	2743	0	0	0	2.52745021147867	0.629601477540189	2112	192
rice_strat_x25	maaslin3_prev	raw	real_perm	52	2793	0	0	0	2.48182014059091	0.983332655137335	2112	192
rice_strat_x25	maaslin3_prev	raw	real_perm	53	2748	0	0	0	2.5336653136377	1.5223260426998	2112	192
rice_strat_x25	maaslin3_prev	raw	real_perm	54	2772	0	0	0	2.55690316797849	0.615765544196434	2112	192
rice_strat_x25	maaslin3_prev	raw	real_perm	55	2768	0	0	0	2.48140305526146	0.658852675090228	2112	192
rice_strat_x25	maaslin3_prev	raw	real_perm	56	2782	0	0	0	2.54457499234346	1.01791637350487	2112	192
rice_strat_x25	maaslin3_prev	raw	real_perm	57	2779	0	0	0	2.53134229025415	0.641318275672051	2112	192
rice_strat_x25	maaslin3_prev	raw	real_perm	58	2696	0	0	0	2.41275389442396	1.57738863612316	2112	192
rice_strat_x25	maaslin3_prev	raw	real_perm	59	2738	0	0	0	2.55671107291219	1.46803278688525	2112	192
rice_strat_x25	maaslin3_prev	raw	real_perm	60	2754	0	0	0	2.55690316797849	1.71523518498308	10382	192
rice_strat_x25	maaslin3_prev	raw	real_perm	61	2687	0	0	0	2.54613404202309	0.64515135124032	2112	192
rice_strat_x25	maaslin3_prev	raw	real_perm	62	2776	0	0	0	2.44072019176385	0.642062370518748	2112	192
rice_strat_x25	maaslin3_prev	raw	real_perm	63	2714	0	0	0	2.52548932260489	1.46688145258412	10382	192
rice_strat_x25	maaslin3_prev	raw	real_perm	64	2708	0	0	0	2.56450041649607	0.580645757708355	2112	192
rice_strat_x25	maaslin3_prev	raw	real_perm	65	2763	0	0	0	2.57758827598865	1.52828276429974	2112	192
rice_strat_x25	maaslin3_prev	raw	real_perm	66	2732	0	0	0	2.47052951208352	0.666588457743028	2112	192
rice_strat_x25	maaslin3_prev	raw	real_perm	67	2779	0	0	0	2.59132558697709	0.668544626807077	10382	192
rice_strat_x25	maaslin3_prev	raw	real_perm	68	2841	0	0	0	2.47417624105788	1.49634915366744	2112	192
rice_strat_x25	maaslin3_prev	raw	real_perm	69	2838	0	0	0	2.64199643493761	0.655333971603756	2112	192
rice_strat_x25	maaslin3_prev	raw	real_perm	70	2727	0	0	0	2.57053023724826	0.662313122923588	2112	192
rice_strat_x25	maaslin3_prev	raw	real_perm	71	2815	0	0	0	2.56332911322728	0.606329573001966	2112	192
rice_strat_x25	maaslin3_prev	raw	real_perm	72	2699	0	0	0	2.48940985805298	1.47425399735207	2112	192
rice_strat_x25	maaslin3_prev	raw	real_perm	73	2800	0	0	0	2.43427859229676	0.585779675753081	2112	192
rice_strat_x25	maaslin3_prev	raw	real_perm	74	2703	0	0	0	2.50869252276943	0.63791202809004	2112	192
rice_strat_x25	maaslin3_prev	raw	real_perm	75	2866	0	0	0	2.4915293351071	0.681296779254924	2112	192
rice_strat_x25	maaslin3_prev	raw	real_perm	76	2802	0	0	0	2.54827036995641	1.55705480243193	2112	192
rice_strat_x25	maaslin3_prev	raw	real_perm	77	2793	0	0	0	2.5091388809143	0.669588578233836	2112	192
rice_strat_x25	maaslin3_prev	raw	real_perm	78	2697	0	0	0	2.54472038289401	0.998516530681979	2112	192
rice_strat_x25	maaslin3_prev	raw	real_perm	79	2781	0	0	0	2.5021934726724	0.588088055965599	2112	192
rice_strat_x25	maaslin3_prev	raw	real_perm	80	2724	0	0	0	2.49439856867603	1.50438140349071	10382	192
rice_strat_x25	maaslin3_prev	raw	real_perm	81	2771	0	0	0	2.52703263848518	1.53647919755228	2112	192
rice_strat_x25	maaslin3_prev	raw	real_perm	82	2770	0	0	0	2.54392033836587	0.630634744601735	2112	192
rice_strat_x25	maaslin3_prev	raw	real_perm	83	2783	0	0	0	2.48032146199152	1.56432967220821	10382	192
rice_strat_x25	maaslin3_prev	raw	real_perm	84	2829	0	0	0	2.55268083690362	1.51243614437652	2112	192
rice_strat_x25	maaslin3_prev	raw	real_perm	85	2776	0	0	0	2.42010849132606	0.596525059421228	2112	192
rice_strat_x25	maaslin3_prev	raw	real_perm	86	2887	0	0	0	2.48488787353605	1.52631470597318	2112	192
rice_strat_x25	maaslin3_prev	raw	real_perm	87	2813	0	0	0	2.42783645100861	0.972391156657472	2112	192
rice_strat_x25	maaslin3_prev	raw	real_perm	88	2806	0	0	0	2.47714724339465	1.02450374524068	2112	192
rice_strat_x25	maaslin3_prev	raw	real_perm	89	2760	0	0	0	2.54152629673971	1.50959167467714	10382	192
rice_strat_x25	maaslin3_prev	raw	real_perm	90	2771	0	0	0	2.5819207450026	0.574942362077186	2112	192
rice_strat_x25	maaslin3_prev	raw	real_perm	91	2695	0	0	0	2.58633387888707	0.999052337567334	10382	192
rice_strat_x25	maaslin3_prev	raw	real_perm	92	2729	0	0	0	2.4789884561083	0.600493858833339	2112	192
rice_strat_x25	maaslin3_prev	raw	real_perm	93	2793	0	0	0	2.5091388809143	0.659716755765163	2112	192
rice_strat_x25	maaslin3_prev	raw	real_perm	94	2870	0	0	0	2.56762225047506	1.5938242280285	10382	192
rice_strat_x25	maaslin3_prev	raw	real_perm	95	2895	0	0	0	2.5182356179466	0.655479258641946	2112	192
rice_strat_x25	maaslin3_prev	raw	real_perm	96	2875	0	0	0	2.48316449985646	0.677025161683612	2112	192
rice_strat_x25	maaslin3_prev	raw	real_perm	97	2801	0	0	0	2.51848924753546	1.51019325580912	16016	192
rice_strat_x25	maaslin3_prev	raw	real_perm	98	2745	0	0	0	2.47641785227051	0.676706177295049	10382	192
rice_strat_x25	maaslin3_prev	raw	real_perm	99	2772	0	0	0	2.61734046345811	0.604379665562188	2112	192
rice_strat_x25	maaslin3_prev	raw	real_perm	100	2855	0	0	0	2.57830191290867	0.658220437624403	2112	192
rice_strat_x25	wilcoxon	rarefied	real_depth	1	2769	851	0.307331166486096	1	2.5448331322879	0.605522818889022	10382	192
rice_strat_x25	wilcoxon	rarefied	real_depth	2	2854	559	0.195865451997197	1	2.52703263848518	1.00712344737135	2112	192
rice_strat_x25	wilcoxon	rarefied	real_depth	3	2775	1211	0.436396396396396	1	2.51263418662263	1.56745106804176	14853	192
rice_strat_x25	wilcoxon	rarefied	real_depth	4	2692	653	0.242570579494799	1	2.54152629673971	1.64403904177986	2112	192
rice_strat_x25	wilcoxon	rarefied	real_depth	5	2783	703	0.252605102407474	1	2.55664428970521	1.59275576151784	2112	192
rice_strat_x25	wilcoxon	rarefied	real_depth	6	2810	570	0.202846975088968	1	2.4915293351071	0.690102436323367	2112	192
rice_strat_x25	wilcoxon	rarefied	real_depth	7	2758	865	0.313633067440174	1	2.59931666407827	1.37532715429876	2112	192
rice_strat_x25	wilcoxon	rarefied	real_depth	8	2756	632	0.229317851959361	1	2.57509625903982	1.82676976494506	2112	192
rice_strat_x25	wilcoxon	rarefied	real_depth	9	2760	594	0.215217391304348	1	2.49495003905303	0.64327685025309	2112	192
rice_strat_x25	wilcoxon	rarefied	real_depth	10	2821	714	0.253101736972705	1	2.60175595926869	1.61637770072019	2112	192
rice_strat_x25	wilcoxon	rarefied	real_depth	11	2736	937	0.342470760233918	1	2.59132558697709	0.637220719839766	10382	192
rice_strat_x25	wilcoxon	rarefied	real_depth	12	2778	474	0.170626349892009	1	2.54954037540596	1.00590834574641	2112	192
rice_strat_x25	wilcoxon	rarefied	real_depth	13	2763	1154	0.417661961635903	1	2.62655492084671	0.635944484908421	10382	192
rice_strat_x25	wilcoxon	rarefied	real_depth	14	2717	740	0.272359219727641	1	2.57663658501647	1.68922308416853	2112	192
rice_strat_x25	wilcoxon	rarefied	real_depth	15	2659	521	0.195938322677698	1	2.50911824484228	1.54580614223464	2112	192
rice_strat_x25	wilcoxon	rarefied	real_depth	16	2704	621	0.229659763313609	1	2.45389427373342	1.53573481309632	2112	192
rice_strat_x25	wilcoxon	rarefied	real_depth	17	2724	625	0.229441997063142	1	2.41667008434838	0.662599802637481	2112	192
rice_strat_x25	wilcoxon	rarefied	real_depth	18	2849	910	0.319410319410319	1	2.4963413653542	0.629919246298789	10382	192
rice_strat_x25	wilcoxon	rarefied	real_depth	19	2850	1171	0.410877192982456	1	2.5607372553387	0.594757047134197	14853	192
rice_strat_x25	wilcoxon	rarefied	real_depth	20	2726	607	0.222670579603815	1	2.4644314947097	0.62741518230079	10382	192
rice_strat_x25	wilcoxon	rarefied	real_depth	21	2739	682	0.248995983935743	1	2.49495003905303	0.66108903345219	2112	192
rice_strat_x25	wilcoxon	rarefied	real_depth	22	2764	680	0.24602026049204	1	2.41895822672305	0.64672300851916	2112	192
rice_strat_x25	wilcoxon	rarefied	real_depth	23	2739	1007	0.367652427893392	1	2.4084812410784	0.64456027654536	10382	192
rice_strat_x25	wilcoxon	rarefied	real_depth	24	2726	957	0.351063829787234	1	2.56556783695743	1.50903176186913	10382	192
rice_strat_x25	wilcoxon	rarefied	real_depth	25	2688	833	0.309895833333333	1	2.49412396102824	0.993256086877469	2112	192
rice_strat_x25	wilcoxon	rarefied	real_depth	26	2704	716	0.264792899408284	1	2.5509370761011	1.43792556759284	2112	192
rice_strat_x25	wilcoxon	rarefied	real_depth	27	2720	549	0.201838235294118	1	2.54719186086478	1.51388176100629	2112	192
rice_strat_x25	wilcoxon	rarefied	real_depth	28	2796	562	0.201001430615165	1	2.55047626970592	1.61448528788264	2112	192
rice_strat_x25	wilcoxon	rarefied	real_depth	29	2732	420	0.153733528550512	1	2.46989634244589	0.675407890437995	2112	192
rice_strat_x25	wilcoxon	rarefied	real_depth	30	2637	606	0.229806598407281	1	2.55671107291219	1.63725888108004	2112	192
rice_strat_x25	wilcoxon	rarefied	real_depth	31	2670	743	0.278277153558052	1	2.46459239280013	1.52403163870106	2112	192
rice_strat_x25	wilcoxon	rarefied	real_depth	32	2679	544	0.203060843598358	1	2.51992827796524	1.48787796807691	2112	192
rice_strat_x25	wilcoxon	rarefied	real_depth	33	2725	614	0.225321100917431	1	2.59996395447173	0.629919246298789	2112	192
rice_strat_x25	wilcoxon	rarefied	real_depth	34	2770	618	0.223104693140794	1	2.50403708550269	0.996057971980765	2112	192
rice_strat_x25	wilcoxon	rarefied	real_depth	35	2746	616	0.224326292789512	1	2.4609098755464	1.52008232440436	2112	192
rice_strat_x25	wilcoxon	rarefied	real_depth	36	2834	1055	0.37226534932957	1	2.6447082798033	1.75155872605741	10382	192
rice_strat_x25	wilcoxon	rarefied	real_depth	37	2693	684	0.253991830672113	1	2.56450041649607	1.65852173169794	2112	192
rice_strat_x25	wilcoxon	rarefied	real_depth	38	2816	761	0.270241477272727	1	2.57758827598865	0.623196979566876	2112	192
rice_strat_x25	wilcoxon	rarefied	real_depth	39	2895	708	0.244559585492228	1	2.62650906137083	1.65081305249372	2112	192
rice_strat_x25	wilcoxon	rarefied	real_depth	40	2688	564	0.209821428571429	1	2.46257421975842	0.626056934401668	2112	192
rice_strat_x25	wilcoxon	rarefied	real_depth	41	2654	1052	0.39638281838734	1	2.52457991077013	1.57783897111744	10382	192
rice_strat_x25	wilcoxon	rarefied	real_depth	42	2817	541	0.192048278310259	1	2.54152629673971	1.53201418899829	2112	192
rice_strat_x25	wilcoxon	rarefied	real_depth	43	2802	448	0.1598857958601	1	2.50795614047278	0.683029278030387	2112	192
rice_strat_x25	wilcoxon	rarefied	real_depth	44	2710	557	0.205535055350553	1	2.47471680323891	0.642081333670119	2112	192
rice_strat_x25	wilcoxon	rarefied	real_depth	45	2793	942	0.337271750805585	1	2.54050051213908	1.57695236307121	10382	192
rice_strat_x25	wilcoxon	rarefied	real_depth	46	2753	985	0.35779150018162	1	2.44201170604812	1.65580336439142	14853	192
rice_strat_x25	wilcoxon	rarefied	real_depth	47	2798	699	0.249821300929235	1	2.59251841685107	0.644673201071229	2112	192
rice_strat_x25	wilcoxon	rarefied	real_depth	48	2756	533	0.193396226415094	1	2.51420147828253	1.54558219356181	2112	192
rice_strat_x25	wilcoxon	rarefied	real_depth	49	2755	528	0.191651542649728	1	2.50152867294662	1.43425773584158	2112	192
rice_strat_x25	wilcoxon	rarefied	real_depth	50	2789	585	0.209752599498028	1	2.54392033836587	0.658174402770079	2112	192
rice_strat_x25	wilcoxon	rarefied	real_depth	51	2743	609	0.222019686474663	1	2.52745021147867	0.629601477540189	2112	192
rice_strat_x25	wilcoxon	rarefied	real_depth	52	2793	426	0.152524167561762	1	2.48182014059091	0.983332655137335	2112	192
rice_strat_x25	wilcoxon	rarefied	real_depth	53	2748	662	0.240902474526929	1	2.5336653136377	1.5223260426998	2112	192
rice_strat_x25	wilcoxon	rarefied	real_depth	54	2772	640	0.230880230880231	1	2.55690316797849	0.615765544196434	2112	192
rice_strat_x25	wilcoxon	rarefied	real_depth	55	2768	450	0.16257225433526	1	2.48140305526146	0.658852675090228	2112	192
rice_strat_x25	wilcoxon	rarefied	real_depth	56	2782	565	0.203091301222142	1	2.54457499234346	1.01791637350487	2112	192
rice_strat_x25	wilcoxon	rarefied	real_depth	57	2779	424	0.152572867938107	1	2.53134229025415	0.641318275672051	2112	192
rice_strat_x25	wilcoxon	rarefied	real_depth	58	2696	533	0.197700296735905	1	2.41275389442396	1.57738863612316	2112	192
rice_strat_x25	wilcoxon	rarefied	real_depth	59	2738	653	0.238495252008766	1	2.55671107291219	1.46803278688525	2112	192
rice_strat_x25	wilcoxon	rarefied	real_depth	60	2754	1007	0.365649963689179	1	2.55690316797849	1.71523518498308	10382	192
rice_strat_x25	wilcoxon	rarefied	real_depth	61	2687	668	0.2486043915147	1	2.54613404202309	0.64515135124032	2112	192
rice_strat_x25	wilcoxon	rarefied	real_depth	62	2776	714	0.257204610951009	1	2.44072019176385	0.642062370518748	2112	192
rice_strat_x25	wilcoxon	rarefied	real_depth	63	2714	956	0.352247605011054	1	2.52548932260489	1.46688145258412	10382	192
rice_strat_x25	wilcoxon	rarefied	real_depth	64	2708	704	0.259970457902511	1	2.56450041649607	0.580645757708355	2112	192
rice_strat_x25	wilcoxon	rarefied	real_depth	65	2763	759	0.274701411509229	1	2.57758827598865	1.52828276429974	2112	192
rice_strat_x25	wilcoxon	rarefied	real_depth	66	2732	750	0.274524158125915	1	2.47052951208352	0.666588457743028	2112	192
rice_strat_x25	wilcoxon	rarefied	real_depth	67	2779	1024	0.368477869737316	1	2.59132558697709	0.668544626807077	10382	192
rice_strat_x25	wilcoxon	rarefied	real_depth	68	2841	651	0.229144667370644	1	2.47417624105788	1.49634915366744	2112	192
rice_strat_x25	wilcoxon	rarefied	real_depth	69	2838	509	0.179351656095842	1	2.64199643493761	0.655333971603756	2112	192
rice_strat_x25	wilcoxon	rarefied	real_depth	70	2727	700	0.256692335900257	1	2.57053023724826	0.662313122923588	2112	192
rice_strat_x25	wilcoxon	rarefied	real_depth	71	2815	621	0.220603907637655	1	2.56332911322728	0.606329573001966	2112	192
rice_strat_x25	wilcoxon	rarefied	real_depth	72	2699	628	0.232678769914783	1	2.48940985805298	1.47425399735207	2112	192
rice_strat_x25	wilcoxon	rarefied	real_depth	73	2800	229	0.0817857142857143	1	2.43427859229676	0.585779675753081	2112	192
rice_strat_x25	wilcoxon	rarefied	real_depth	74	2703	632	0.233814280429153	1	2.50869252276943	0.63791202809004	2112	192
rice_strat_x25	wilcoxon	rarefied	real_depth	75	2866	667	0.232728541521284	1	2.4915293351071	0.681296779254924	2112	192
rice_strat_x25	wilcoxon	rarefied	real_depth	76	2802	713	0.254461099214847	1	2.54827036995641	1.55705480243193	2112	192
rice_strat_x25	wilcoxon	rarefied	real_depth	77	2793	629	0.225205871822413	1	2.5091388809143	0.669588578233836	2112	192
rice_strat_x25	wilcoxon	rarefied	real_depth	78	2697	753	0.279199110122358	1	2.54472038289401	0.998516530681979	2112	192
rice_strat_x25	wilcoxon	rarefied	real_depth	79	2781	559	0.201006832074793	1	2.5021934726724	0.588088055965599	2112	192
rice_strat_x25	wilcoxon	rarefied	real_depth	80	2724	953	0.34985315712188	1	2.49439856867603	1.50438140349071	10382	192
rice_strat_x25	wilcoxon	rarefied	real_depth	81	2771	657	0.237098520389751	1	2.52703263848518	1.53647919755228	2112	192
rice_strat_x25	wilcoxon	rarefied	real_depth	82	2770	605	0.21841155234657	1	2.54392033836587	0.630634744601735	2112	192
rice_strat_x25	wilcoxon	rarefied	real_depth	83	2783	1195	0.429392741645706	1	2.48032146199152	1.56432967220821	10382	192
rice_strat_x25	wilcoxon	rarefied	real_depth	84	2829	638	0.225521385648639	1	2.55268083690362	1.51243614437652	2112	192
rice_strat_x25	wilcoxon	rarefied	real_depth	85	2776	542	0.195244956772334	1	2.42010849132606	0.596525059421228	2112	192
rice_strat_x25	wilcoxon	rarefied	real_depth	86	2887	550	0.190509179078628	1	2.48488787353605	1.52631470597318	2112	192
rice_strat_x25	wilcoxon	rarefied	real_depth	87	2813	238	0.0846071809456097	1	2.42783645100861	0.972391156657472	2112	192
rice_strat_x25	wilcoxon	rarefied	real_depth	88	2806	607	0.21632216678546	1	2.47714724339465	1.02450374524068	2112	192
rice_strat_x25	wilcoxon	rarefied	real_depth	89	2760	1089	0.394565217391304	1	2.54152629673971	1.50959167467714	10382	192
rice_strat_x25	wilcoxon	rarefied	real_depth	90	2771	570	0.205701912666907	1	2.5819207450026	0.574942362077186	2112	192
rice_strat_x25	wilcoxon	rarefied	real_depth	91	2695	1164	0.43191094619666	1	2.58633387888707	0.999052337567334	10382	192
rice_strat_x25	wilcoxon	rarefied	real_depth	92	2729	751	0.275192378160498	1	2.4789884561083	0.600493858833339	2112	192
rice_strat_x25	wilcoxon	rarefied	real_depth	93	2793	333	0.119226638023631	1	2.5091388809143	0.659716755765163	2112	192
rice_strat_x25	wilcoxon	rarefied	real_depth	94	2870	989	0.344599303135888	1	2.56762225047506	1.5938242280285	10382	192
rice_strat_x25	wilcoxon	rarefied	real_depth	95	2895	606	0.209326424870466	1	2.5182356179466	0.655479258641946	2112	192
rice_strat_x25	wilcoxon	rarefied	real_depth	96	2875	574	0.199652173913043	1	2.48316449985646	0.677025161683612	2112	192
rice_strat_x25	wilcoxon	rarefied	real_depth	97	2801	1049	0.374509103891467	1	2.51848924753546	1.51019325580912	16016	192
rice_strat_x25	wilcoxon	rarefied	real_depth	98	2745	967	0.352276867030965	1	2.47641785227051	0.676706177295049	10382	192
rice_strat_x25	wilcoxon	rarefied	real_depth	99	2772	504	0.181818181818182	1	2.61734046345811	0.604379665562188	2112	192
rice_strat_x25	wilcoxon	rarefied	real_depth	100	2855	613	0.214711033274956	1	2.57830191290867	0.658220437624403	2112	192
rice_strat_x25	wilcoxon	rarefied	real_perm	1	2769	0	0	0	2.5448331322879	0.605522818889022	10382	192
rice_strat_x25	wilcoxon	rarefied	real_perm	2	2854	0	0	0	2.52703263848518	1.00712344737135	2112	192
rice_strat_x25	wilcoxon	rarefied	real_perm	3	2775	0	0	0	2.51263418662263	1.56745106804176	14853	192
rice_strat_x25	wilcoxon	rarefied	real_perm	4	2692	0	0	0	2.54152629673971	1.64403904177986	2112	192
rice_strat_x25	wilcoxon	rarefied	real_perm	5	2783	0	0	0	2.55664428970521	1.59275576151784	2112	192
rice_strat_x25	wilcoxon	rarefied	real_perm	6	2810	0	0	0	2.4915293351071	0.690102436323367	2112	192
rice_strat_x25	wilcoxon	rarefied	real_perm	7	2758	0	0	0	2.59931666407827	1.37532715429876	2112	192
rice_strat_x25	wilcoxon	rarefied	real_perm	8	2756	0	0	0	2.57509625903982	1.82676976494506	2112	192
rice_strat_x25	wilcoxon	rarefied	real_perm	9	2760	0	0	0	2.49495003905303	0.64327685025309	2112	192
rice_strat_x25	wilcoxon	rarefied	real_perm	10	2821	0	0	0	2.60175595926869	1.61637770072019	2112	192
rice_strat_x25	wilcoxon	rarefied	real_perm	11	2736	0	0	0	2.59132558697709	0.637220719839766	10382	192
rice_strat_x25	wilcoxon	rarefied	real_perm	12	2778	0	0	0	2.54954037540596	1.00590834574641	2112	192
rice_strat_x25	wilcoxon	rarefied	real_perm	13	2763	0	0	0	2.62655492084671	0.635944484908421	10382	192
rice_strat_x25	wilcoxon	rarefied	real_perm	14	2717	0	0	0	2.57663658501647	1.68922308416853	2112	192
rice_strat_x25	wilcoxon	rarefied	real_perm	15	2659	0	0	0	2.50911824484228	1.54580614223464	2112	192
rice_strat_x25	wilcoxon	rarefied	real_perm	16	2704	0	0	0	2.45389427373342	1.53573481309632	2112	192
rice_strat_x25	wilcoxon	rarefied	real_perm	17	2724	0	0	0	2.41667008434838	0.662599802637481	2112	192
rice_strat_x25	wilcoxon	rarefied	real_perm	18	2849	0	0	0	2.4963413653542	0.629919246298789	10382	192
rice_strat_x25	wilcoxon	rarefied	real_perm	19	2850	0	0	0	2.5607372553387	0.594757047134197	14853	192
rice_strat_x25	wilcoxon	rarefied	real_perm	20	2726	0	0	0	2.4644314947097	0.62741518230079	10382	192
rice_strat_x25	wilcoxon	rarefied	real_perm	21	2739	0	0	0	2.49495003905303	0.66108903345219	2112	192
rice_strat_x25	wilcoxon	rarefied	real_perm	22	2764	0	0	0	2.41895822672305	0.64672300851916	2112	192
rice_strat_x25	wilcoxon	rarefied	real_perm	23	2739	0	0	0	2.4084812410784	0.64456027654536	10382	192
rice_strat_x25	wilcoxon	rarefied	real_perm	24	2726	0	0	0	2.56556783695743	1.50903176186913	10382	192
rice_strat_x25	wilcoxon	rarefied	real_perm	25	2688	0	0	0	2.49412396102824	0.993256086877469	2112	192
rice_strat_x25	wilcoxon	rarefied	real_perm	26	2704	0	0	0	2.5509370761011	1.43792556759284	2112	192
rice_strat_x25	wilcoxon	rarefied	real_perm	27	2720	0	0	0	2.54719186086478	1.51388176100629	2112	192
rice_strat_x25	wilcoxon	rarefied	real_perm	28	2796	0	0	0	2.55047626970592	1.61448528788264	2112	192
rice_strat_x25	wilcoxon	rarefied	real_perm	29	2732	0	0	0	2.46989634244589	0.675407890437995	2112	192
rice_strat_x25	wilcoxon	rarefied	real_perm	30	2637	0	0	0	2.55671107291219	1.63725888108004	2112	192
rice_strat_x25	wilcoxon	rarefied	real_perm	31	2670	0	0	0	2.46459239280013	1.52403163870106	2112	192
rice_strat_x25	wilcoxon	rarefied	real_perm	32	2679	0	0	0	2.51992827796524	1.48787796807691	2112	192
rice_strat_x25	wilcoxon	rarefied	real_perm	33	2725	0	0	0	2.59996395447173	0.629919246298789	2112	192
rice_strat_x25	wilcoxon	rarefied	real_perm	34	2770	0	0	0	2.50403708550269	0.996057971980765	2112	192
rice_strat_x25	wilcoxon	rarefied	real_perm	35	2746	0	0	0	2.4609098755464	1.52008232440436	2112	192
rice_strat_x25	wilcoxon	rarefied	real_perm	36	2834	0	0	0	2.6447082798033	1.75155872605741	10382	192
rice_strat_x25	wilcoxon	rarefied	real_perm	37	2693	0	0	0	2.56450041649607	1.65852173169794	2112	192
rice_strat_x25	wilcoxon	rarefied	real_perm	38	2816	0	0	0	2.57758827598865	0.623196979566876	2112	192
rice_strat_x25	wilcoxon	rarefied	real_perm	39	2895	0	0	0	2.62650906137083	1.65081305249372	2112	192
rice_strat_x25	wilcoxon	rarefied	real_perm	40	2688	0	0	0	2.46257421975842	0.626056934401668	2112	192
rice_strat_x25	wilcoxon	rarefied	real_perm	41	2654	0	0	0	2.52457991077013	1.57783897111744	10382	192
rice_strat_x25	wilcoxon	rarefied	real_perm	42	2817	0	0	0	2.54152629673971	1.53201418899829	2112	192
rice_strat_x25	wilcoxon	rarefied	real_perm	43	2802	0	0	0	2.50795614047278	0.683029278030387	2112	192
rice_strat_x25	wilcoxon	rarefied	real_perm	44	2710	0	0	0	2.47471680323891	0.642081333670119	2112	192
rice_strat_x25	wilcoxon	rarefied	real_perm	45	2793	0	0	0	2.54050051213908	1.57695236307121	10382	192
rice_strat_x25	wilcoxon	rarefied	real_perm	46	2753	0	0	0	2.44201170604812	1.65580336439142	14853	192
rice_strat_x25	wilcoxon	rarefied	real_perm	47	2798	0	0	0	2.59251841685107	0.644673201071229	2112	192
rice_strat_x25	wilcoxon	rarefied	real_perm	48	2756	0	0	0	2.51420147828253	1.54558219356181	2112	192
rice_strat_x25	wilcoxon	rarefied	real_perm	49	2755	0	0	0	2.50152867294662	1.43425773584158	2112	192
rice_strat_x25	wilcoxon	rarefied	real_perm	50	2789	1	0.000358551452133381	1	2.54392033836587	0.658174402770079	2112	192
rice_strat_x25	wilcoxon	rarefied	real_perm	51	2743	0	0	0	2.52745021147867	0.629601477540189	2112	192
rice_strat_x25	wilcoxon	rarefied	real_perm	52	2793	0	0	0	2.48182014059091	0.983332655137335	2112	192
rice_strat_x25	wilcoxon	rarefied	real_perm	53	2748	0	0	0	2.5336653136377	1.5223260426998	2112	192
rice_strat_x25	wilcoxon	rarefied	real_perm	54	2772	0	0	0	2.55690316797849	0.615765544196434	2112	192
rice_strat_x25	wilcoxon	rarefied	real_perm	55	2768	0	0	0	2.48140305526146	0.658852675090228	2112	192
rice_strat_x25	wilcoxon	rarefied	real_perm	56	2782	0	0	0	2.54457499234346	1.01791637350487	2112	192
rice_strat_x25	wilcoxon	rarefied	real_perm	57	2779	0	0	0	2.53134229025415	0.641318275672051	2112	192
rice_strat_x25	wilcoxon	rarefied	real_perm	58	2696	0	0	0	2.41275389442396	1.57738863612316	2112	192
rice_strat_x25	wilcoxon	rarefied	real_perm	59	2738	0	0	0	2.55671107291219	1.46803278688525	2112	192
rice_strat_x25	wilcoxon	rarefied	real_perm	60	2754	0	0	0	2.55690316797849	1.71523518498308	10382	192
rice_strat_x25	wilcoxon	rarefied	real_perm	61	2687	0	0	0	2.54613404202309	0.64515135124032	2112	192
rice_strat_x25	wilcoxon	rarefied	real_perm	62	2776	0	0	0	2.44072019176385	0.642062370518748	2112	192
rice_strat_x25	wilcoxon	rarefied	real_perm	63	2714	0	0	0	2.52548932260489	1.46688145258412	10382	192
rice_strat_x25	wilcoxon	rarefied	real_perm	64	2708	0	0	0	2.56450041649607	0.580645757708355	2112	192
rice_strat_x25	wilcoxon	rarefied	real_perm	65	2763	0	0	0	2.57758827598865	1.52828276429974	2112	192
rice_strat_x25	wilcoxon	rarefied	real_perm	66	2732	0	0	0	2.47052951208352	0.666588457743028	2112	192
rice_strat_x25	wilcoxon	rarefied	real_perm	67	2779	0	0	0	2.59132558697709	0.668544626807077	10382	192
rice_strat_x25	wilcoxon	rarefied	real_perm	68	2841	0	0	0	2.47417624105788	1.49634915366744	2112	192
rice_strat_x25	wilcoxon	rarefied	real_perm	69	2838	0	0	0	2.64199643493761	0.655333971603756	2112	192
rice_strat_x25	wilcoxon	rarefied	real_perm	70	2727	0	0	0	2.57053023724826	0.662313122923588	2112	192
rice_strat_x25	wilcoxon	rarefied	real_perm	71	2815	0	0	0	2.56332911322728	0.606329573001966	2112	192
rice_strat_x25	wilcoxon	rarefied	real_perm	72	2699	0	0	0	2.48940985805298	1.47425399735207	2112	192
rice_strat_x25	wilcoxon	rarefied	real_perm	73	2800	0	0	0	2.43427859229676	0.585779675753081	2112	192
rice_strat_x25	wilcoxon	rarefied	real_perm	74	2703	0	0	0	2.50869252276943	0.63791202809004	2112	192
rice_strat_x25	wilcoxon	rarefied	real_perm	75	2866	0	0	0	2.4915293351071	0.681296779254924	2112	192
rice_strat_x25	wilcoxon	rarefied	real_perm	76	2802	0	0	0	2.54827036995641	1.55705480243193	2112	192
rice_strat_x25	wilcoxon	rarefied	real_perm	77	2793	0	0	0	2.5091388809143	0.669588578233836	2112	192
rice_strat_x25	wilcoxon	rarefied	real_perm	78	2697	0	0	0	2.54472038289401	0.998516530681979	2112	192
rice_strat_x25	wilcoxon	rarefied	real_perm	79	2781	0	0	0	2.5021934726724	0.588088055965599	2112	192
rice_strat_x25	wilcoxon	rarefied	real_perm	80	2724	0	0	0	2.49439856867603	1.50438140349071	10382	192
rice_strat_x25	wilcoxon	rarefied	real_perm	81	2771	0	0	0	2.52703263848518	1.53647919755228	2112	192
rice_strat_x25	wilcoxon	rarefied	real_perm	82	2770	0	0	0	2.54392033836587	0.630634744601735	2112	192
rice_strat_x25	wilcoxon	rarefied	real_perm	83	2783	0	0	0	2.48032146199152	1.56432967220821	10382	192
rice_strat_x25	wilcoxon	rarefied	real_perm	84	2829	1	0.000353481795687522	1	2.55268083690362	1.51243614437652	2112	192
rice_strat_x25	wilcoxon	rarefied	real_perm	85	2776	0	0	0	2.42010849132606	0.596525059421228	2112	192
rice_strat_x25	wilcoxon	rarefied	real_perm	86	2887	0	0	0	2.48488787353605	1.52631470597318	2112	192
rice_strat_x25	wilcoxon	rarefied	real_perm	87	2813	0	0	0	2.42783645100861	0.972391156657472	2112	192
rice_strat_x25	wilcoxon	rarefied	real_perm	88	2806	0	0	0	2.47714724339465	1.02450374524068	2112	192
rice_strat_x25	wilcoxon	rarefied	real_perm	89	2760	0	0	0	2.54152629673971	1.50959167467714	10382	192
rice_strat_x25	wilcoxon	rarefied	real_perm	90	2771	0	0	0	2.5819207450026	0.574942362077186	2112	192
rice_strat_x25	wilcoxon	rarefied	real_perm	91	2695	0	0	0	2.58633387888707	0.999052337567334	10382	192
rice_strat_x25	wilcoxon	rarefied	real_perm	92	2729	0	0	0	2.4789884561083	0.600493858833339	2112	192
rice_strat_x25	wilcoxon	rarefied	real_perm	93	2793	0	0	0	2.5091388809143	0.659716755765163	2112	192
rice_strat_x25	wilcoxon	rarefied	real_perm	94	2870	0	0	0	2.56762225047506	1.5938242280285	10382	192
rice_strat_x25	wilcoxon	rarefied	real_perm	95	2895	0	0	0	2.5182356179466	0.655479258641946	2112	192
rice_strat_x25	wilcoxon	rarefied	real_perm	96	2875	0	0	0	2.48316449985646	0.677025161683612	2112	192
rice_strat_x25	wilcoxon	rarefied	real_perm	97	2801	0	0	0	2.51848924753546	1.51019325580912	16016	192
rice_strat_x25	wilcoxon	rarefied	real_perm	98	2745	0	0	0	2.47641785227051	0.676706177295049	10382	192
rice_strat_x25	wilcoxon	rarefied	real_perm	99	2772	0	0	0	2.61734046345811	0.604379665562188	2112	192
rice_strat_x25	wilcoxon	rarefied	real_perm	100	2855	0	0	0	2.57830191290867	0.658220437624403	2112	192
rice_strat_x25	wilcoxon	raw	real_depth	1	2769	1007	0.36366919465511	1	2.5448331322879	0.605522818889022	10382	192
rice_strat_x25	wilcoxon	raw	real_depth	2	2854	1141	0.39978976874562	1	2.52703263848518	1.00712344737135	2112	192
rice_strat_x25	wilcoxon	raw	real_depth	3	2775	1255	0.452252252252252	1	2.51263418662263	1.56745106804176	14853	192
rice_strat_x25	wilcoxon	raw	real_depth	4	2692	1136	0.421991084695394	1	2.54152629673971	1.64403904177986	2112	192
rice_strat_x25	wilcoxon	raw	real_depth	5	2783	1202	0.431908012935681	1	2.55664428970521	1.59275576151784	2112	192
rice_strat_x25	wilcoxon	raw	real_depth	6	2810	1141	0.406049822064057	1	2.4915293351071	0.690102436323367	2112	192
rice_strat_x25	wilcoxon	raw	real_depth	7	2758	1341	0.486221899927484	1	2.59931666407827	1.37532715429876	2112	192
rice_strat_x25	wilcoxon	raw	real_depth	8	2756	1202	0.436139332365747	1	2.57509625903982	1.82676976494506	2112	192
rice_strat_x25	wilcoxon	raw	real_depth	9	2760	1093	0.396014492753623	1	2.49495003905303	0.64327685025309	2112	192
rice_strat_x25	wilcoxon	raw	real_depth	10	2821	1217	0.431407302375044	1	2.60175595926869	1.61637770072019	2112	192
rice_strat_x25	wilcoxon	raw	real_depth	11	2736	1048	0.383040935672515	1	2.59132558697709	0.637220719839766	10382	192
rice_strat_x25	wilcoxon	raw	real_depth	12	2778	1000	0.359971202303816	1	2.54954037540596	1.00590834574641	2112	192
rice_strat_x25	wilcoxon	raw	real_depth	13	2763	1272	0.460369163952226	1	2.62655492084671	0.635944484908421	10382	192
rice_strat_x25	wilcoxon	raw	real_depth	14	2717	1252	0.460802355539198	1	2.57663658501647	1.68922308416853	2112	192
rice_strat_x25	wilcoxon	raw	real_depth	15	2659	1008	0.379089883414818	1	2.50911824484228	1.54580614223464	2112	192
rice_strat_x25	wilcoxon	raw	real_depth	16	2704	1144	0.423076923076923	1	2.45389427373342	1.53573481309632	2112	192
rice_strat_x25	wilcoxon	raw	real_depth	17	2724	1230	0.451541850220264	1	2.41667008434838	0.662599802637481	2112	192
rice_strat_x25	wilcoxon	raw	real_depth	18	2849	1052	0.369252369252369	1	2.4963413653542	0.629919246298789	10382	192
rice_strat_x25	wilcoxon	raw	real_depth	19	2850	1253	0.439649122807018	1	2.5607372553387	0.594757047134197	14853	192
rice_strat_x25	wilcoxon	raw	real_depth	20	2726	788	0.289068231841526	1	2.4644314947097	0.62741518230079	10382	192
rice_strat_x25	wilcoxon	raw	real_depth	21	2739	1169	0.426798101496897	1	2.49495003905303	0.66108903345219	2112	192
rice_strat_x25	wilcoxon	raw	real_depth	22	2764	1155	0.417872648335745	1	2.41895822672305	0.64672300851916	2112	192
rice_strat_x25	wilcoxon	raw	real_depth	23	2739	1095	0.399780941949617	1	2.4084812410784	0.64456027654536	10382	192
rice_strat_x25	wilcoxon	raw	real_depth	24	2726	1091	0.4002201027146	1	2.56556783695743	1.50903176186913	10382	192
rice_strat_x25	wilcoxon	raw	real_depth	25	2688	1358	0.505208333333333	1	2.49412396102824	0.993256086877469	2112	192
rice_strat_x25	wilcoxon	raw	real_depth	26	2704	1342	0.496301775147929	1	2.5509370761011	1.43792556759284	2112	192
rice_strat_x25	wilcoxon	raw	real_depth	27	2720	1108	0.407352941176471	1	2.54719186086478	1.51388176100629	2112	192
rice_strat_x25	wilcoxon	raw	real_depth	28	2796	1218	0.435622317596566	1	2.55047626970592	1.61448528788264	2112	192
rice_strat_x25	wilcoxon	raw	real_depth	29	2732	1010	0.369692532942899	1	2.46989634244589	0.675407890437995	2112	192
rice_strat_x25	wilcoxon	raw	real_depth	30	2637	1061	0.402351156617368	1	2.55671107291219	1.63725888108004	2112	192
rice_strat_x25	wilcoxon	raw	real_depth	31	2670	1229	0.460299625468165	1	2.46459239280013	1.52403163870106	2112	192
rice_strat_x25	wilcoxon	raw	real_depth	32	2679	1050	0.391937290033595	1	2.51992827796524	1.48787796807691	2112	192
rice_strat_x25	wilcoxon	raw	real_depth	33	2725	1141	0.418715596330275	1	2.59996395447173	0.629919246298789	2112	192
rice_strat_x25	wilcoxon	raw	real_depth	34	2770	1167	0.42129963898917	1	2.50403708550269	0.996057971980765	2112	192
rice_strat_x25	wilcoxon	raw	real_depth	35	2746	1160	0.422432629278951	1	2.4609098755464	1.52008232440436	2112	192
rice_strat_x25	wilcoxon	raw	real_depth	36	2834	1172	0.413549752999294	1	2.6447082798033	1.75155872605741	10382	192
rice_strat_x25	wilcoxon	raw	real_depth	37	2693	1231	0.457111028592648	1	2.56450041649607	1.65852173169794	2112	192
rice_strat_x25	wilcoxon	raw	real_depth	38	2816	1296	0.460227272727273	1	2.57758827598865	0.623196979566876	2112	192
rice_strat_x25	wilcoxon	raw	real_depth	39	2895	1261	0.435578583765112	1	2.62650906137083	1.65081305249372	2112	192
rice_strat_x25	wilcoxon	raw	real_depth	40	2688	1092	0.40625	1	2.46257421975842	0.626056934401668	2112	192
rice_strat_x25	wilcoxon	raw	real_depth	41	2654	1162	0.437829691032404	1	2.52457991077013	1.57783897111744	10382	192
rice_strat_x25	wilcoxon	raw	real_depth	42	2817	1060	0.376286829960951	1	2.54152629673971	1.53201418899829	2112	192
rice_strat_x25	wilcoxon	raw	real_depth	43	2802	1159	0.413633119200571	1	2.50795614047278	0.683029278030387	2112	192
rice_strat_x25	wilcoxon	raw	real_depth	44	2710	1129	0.416605166051661	1	2.47471680323891	0.642081333670119	2112	192
rice_strat_x25	wilcoxon	raw	real_depth	45	2793	1064	0.380952380952381	1	2.54050051213908	1.57695236307121	10382	192
rice_strat_x25	wilcoxon	raw	real_depth	46	2753	1076	0.390846349436978	1	2.44201170604812	1.65580336439142	14853	192
rice_strat_x25	wilcoxon	raw	real_depth	47	2798	1288	0.460328806290207	1	2.59251841685107	0.644673201071229	2112	192
rice_strat_x25	wilcoxon	raw	real_depth	48	2756	1161	0.421262699564586	1	2.51420147828253	1.54558219356181	2112	192
rice_strat_x25	wilcoxon	raw	real_depth	49	2755	1063	0.385843920145191	1	2.50152867294662	1.43425773584158	2112	192
rice_strat_x25	wilcoxon	raw	real_depth	50	2789	1148	0.411617067049122	1	2.54392033836587	0.658174402770079	2112	192
rice_strat_x25	wilcoxon	raw	real_depth	51	2743	1150	0.41924899744805	1	2.52745021147867	0.629601477540189	2112	192
rice_strat_x25	wilcoxon	raw	real_depth	52	2793	1005	0.359828141783029	1	2.48182014059091	0.983332655137335	2112	192
rice_strat_x25	wilcoxon	raw	real_depth	53	2748	1220	0.443959243085881	1	2.5336653136377	1.5223260426998	2112	192
rice_strat_x25	wilcoxon	raw	real_depth	54	2772	1181	0.426046176046176	1	2.55690316797849	0.615765544196434	2112	192
rice_strat_x25	wilcoxon	raw	real_depth	55	2768	1058	0.382225433526012	1	2.48140305526146	0.658852675090228	2112	192
rice_strat_x25	wilcoxon	raw	real_depth	56	2782	1085	0.39000718907261	1	2.54457499234346	1.01791637350487	2112	192
rice_strat_x25	wilcoxon	raw	real_depth	57	2779	1020	0.367038503058654	1	2.53134229025415	0.641318275672051	2112	192
rice_strat_x25	wilcoxon	raw	real_depth	58	2696	1013	0.375741839762611	1	2.41275389442396	1.57738863612316	2112	192
rice_strat_x25	wilcoxon	raw	real_depth	59	2738	1102	0.402483564645727	1	2.55671107291219	1.46803278688525	2112	192
rice_strat_x25	wilcoxon	raw	real_depth	60	2754	1129	0.409949164851126	1	2.55690316797849	1.71523518498308	10382	192
rice_strat_x25	wilcoxon	raw	real_depth	61	2687	1190	0.442873092668403	1	2.54613404202309	0.64515135124032	2112	192
rice_strat_x25	wilcoxon	raw	real_depth	62	2776	1212	0.436599423631124	1	2.44072019176385	0.642062370518748	2112	192
rice_strat_x25	wilcoxon	raw	real_depth	63	2714	1109	0.408621960206338	1	2.52548932260489	1.46688145258412	10382	192
rice_strat_x25	wilcoxon	raw	real_depth	64	2708	1235	0.456056129985229	1	2.56450041649607	0.580645757708355	2112	192
rice_strat_x25	wilcoxon	raw	real_depth	65	2763	1283	0.464350343829171	1	2.57758827598865	1.52828276429974	2112	192
rice_strat_x25	wilcoxon	raw	real_depth	66	2732	1255	0.459370424597365	1	2.47052951208352	0.666588457743028	2112	192
rice_strat_x25	wilcoxon	raw	real_depth	67	2779	1170	0.421014753508456	1	2.59132558697709	0.668544626807077	10382	192
rice_strat_x25	wilcoxon	raw	real_depth	68	2841	1195	0.420626539950722	1	2.47417624105788	1.49634915366744	2112	192
rice_strat_x25	wilcoxon	raw	real_depth	69	2838	1128	0.397463002114165	1	2.64199643493761	0.655333971603756	2112	192
rice_strat_x25	wilcoxon	raw	real_depth	70	2727	1275	0.467546754675468	1	2.57053023724826	0.662313122923588	2112	192
rice_strat_x25	wilcoxon	raw	real_depth	71	2815	1174	0.417051509769094	1	2.56332911322728	0.606329573001966	2112	192
rice_strat_x25	wilcoxon	raw	real_depth	72	2699	1091	0.404223786587625	1	2.48940985805298	1.47425399735207	2112	192
rice_strat_x25	wilcoxon	raw	real_depth	73	2800	826	0.295	1	2.43427859229676	0.585779675753081	2112	192
rice_strat_x25	wilcoxon	raw	real_depth	74	2703	1154	0.42693303736589	1	2.50869252276943	0.63791202809004	2112	192
rice_strat_x25	wilcoxon	raw	real_depth	75	2866	1247	0.435101186322401	1	2.4915293351071	0.681296779254924	2112	192
rice_strat_x25	wilcoxon	raw	real_depth	76	2802	1216	0.433975731620271	1	2.54827036995641	1.55705480243193	2112	192
rice_strat_x25	wilcoxon	raw	real_depth	77	2793	1261	0.451485857500895	1	2.5091388809143	0.669588578233836	2112	192
rice_strat_x25	wilcoxon	raw	real_depth	78	2697	1246	0.461994809047089	1	2.54472038289401	0.998516530681979	2112	192
rice_strat_x25	wilcoxon	raw	real_depth	79	2781	1035	0.372168284789644	1	2.5021934726724	0.588088055965599	2112	192
rice_strat_x25	wilcoxon	raw	real_depth	80	2724	1102	0.404552129221733	1	2.49439856867603	1.50438140349071	10382	192
rice_strat_x25	wilcoxon	raw	real_depth	81	2771	1194	0.43089137495489	1	2.52703263848518	1.53647919755228	2112	192
rice_strat_x25	wilcoxon	raw	real_depth	82	2770	1168	0.421660649819495	1	2.54392033836587	0.630634744601735	2112	192
rice_strat_x25	wilcoxon	raw	real_depth	83	2783	1301	0.467481135465325	1	2.48032146199152	1.56432967220821	10382	192
rice_strat_x25	wilcoxon	raw	real_depth	84	2829	1137	0.401908801696713	1	2.55268083690362	1.51243614437652	2112	192
rice_strat_x25	wilcoxon	raw	real_depth	85	2776	1092	0.393371757925072	1	2.42010849132606	0.596525059421228	2112	192
rice_strat_x25	wilcoxon	raw	real_depth	86	2887	1154	0.399722895739522	1	2.48488787353605	1.52631470597318	2112	192
rice_strat_x25	wilcoxon	raw	real_depth	87	2813	839	0.29825808745112	1	2.42783645100861	0.972391156657472	2112	192
rice_strat_x25	wilcoxon	raw	real_depth	88	2806	1167	0.415894511760513	1	2.47714724339465	1.02450374524068	2112	192
rice_strat_x25	wilcoxon	raw	real_depth	89	2760	1209	0.43804347826087	1	2.54152629673971	1.50959167467714	10382	192
rice_strat_x25	wilcoxon	raw	real_depth	90	2771	1237	0.446409238542043	1	2.5819207450026	0.574942362077186	2112	192
rice_strat_x25	wilcoxon	raw	real_depth	91	2695	1248	0.463079777365492	1	2.58633387888707	0.999052337567334	10382	192
rice_strat_x25	wilcoxon	raw	real_depth	92	2729	1190	0.436057163796262	1	2.4789884561083	0.600493858833339	2112	192
rice_strat_x25	wilcoxon	raw	real_depth	93	2793	925	0.331185105621196	1	2.5091388809143	0.659716755765163	2112	192
rice_strat_x25	wilcoxon	raw	real_depth	94	2870	1087	0.378745644599303	1	2.56762225047506	1.5938242280285	10382	192
rice_strat_x25	wilcoxon	raw	real_depth	95	2895	1113	0.384455958549223	1	2.5182356179466	0.655479258641946	2112	192
rice_strat_x25	wilcoxon	raw	real_depth	96	2875	1150	0.4	1	2.48316449985646	0.677025161683612	2112	192
rice_strat_x25	wilcoxon	raw	real_depth	97	2801	1126	0.401999285969297	1	2.51848924753546	1.51019325580912	16016	192
rice_strat_x25	wilcoxon	raw	real_depth	98	2745	1089	0.39672131147541	1	2.47641785227051	0.676706177295049	10382	192
rice_strat_x25	wilcoxon	raw	real_depth	99	2772	981	0.353896103896104	1	2.61734046345811	0.604379665562188	2112	192
rice_strat_x25	wilcoxon	raw	real_depth	100	2855	1140	0.399299474605954	1	2.57830191290867	0.658220437624403	2112	192
rice_strat_x25	wilcoxon	raw	real_perm	1	2769	0	0	0	2.5448331322879	0.605522818889022	10382	192
rice_strat_x25	wilcoxon	raw	real_perm	2	2854	0	0	0	2.52703263848518	1.00712344737135	2112	192
rice_strat_x25	wilcoxon	raw	real_perm	3	2775	0	0	0	2.51263418662263	1.56745106804176	14853	192
rice_strat_x25	wilcoxon	raw	real_perm	4	2692	0	0	0	2.54152629673971	1.64403904177986	2112	192
rice_strat_x25	wilcoxon	raw	real_perm	5	2783	0	0	0	2.55664428970521	1.59275576151784	2112	192
rice_strat_x25	wilcoxon	raw	real_perm	6	2810	0	0	0	2.4915293351071	0.690102436323367	2112	192
rice_strat_x25	wilcoxon	raw	real_perm	7	2758	0	0	0	2.59931666407827	1.37532715429876	2112	192
rice_strat_x25	wilcoxon	raw	real_perm	8	2756	0	0	0	2.57509625903982	1.82676976494506	2112	192
rice_strat_x25	wilcoxon	raw	real_perm	9	2760	0	0	0	2.49495003905303	0.64327685025309	2112	192
rice_strat_x25	wilcoxon	raw	real_perm	10	2821	0	0	0	2.60175595926869	1.61637770072019	2112	192
rice_strat_x25	wilcoxon	raw	real_perm	11	2736	0	0	0	2.59132558697709	0.637220719839766	10382	192
rice_strat_x25	wilcoxon	raw	real_perm	12	2778	0	0	0	2.54954037540596	1.00590834574641	2112	192
rice_strat_x25	wilcoxon	raw	real_perm	13	2763	0	0	0	2.62655492084671	0.635944484908421	10382	192
rice_strat_x25	wilcoxon	raw	real_perm	14	2717	0	0	0	2.57663658501647	1.68922308416853	2112	192
rice_strat_x25	wilcoxon	raw	real_perm	15	2659	0	0	0	2.50911824484228	1.54580614223464	2112	192
rice_strat_x25	wilcoxon	raw	real_perm	16	2704	0	0	0	2.45389427373342	1.53573481309632	2112	192
rice_strat_x25	wilcoxon	raw	real_perm	17	2724	0	0	0	2.41667008434838	0.662599802637481	2112	192
rice_strat_x25	wilcoxon	raw	real_perm	18	2849	0	0	0	2.4963413653542	0.629919246298789	10382	192
rice_strat_x25	wilcoxon	raw	real_perm	19	2850	0	0	0	2.5607372553387	0.594757047134197	14853	192
rice_strat_x25	wilcoxon	raw	real_perm	20	2726	0	0	0	2.4644314947097	0.62741518230079	10382	192
rice_strat_x25	wilcoxon	raw	real_perm	21	2739	0	0	0	2.49495003905303	0.66108903345219	2112	192
rice_strat_x25	wilcoxon	raw	real_perm	22	2764	0	0	0	2.41895822672305	0.64672300851916	2112	192
rice_strat_x25	wilcoxon	raw	real_perm	23	2739	0	0	0	2.4084812410784	0.64456027654536	10382	192
rice_strat_x25	wilcoxon	raw	real_perm	24	2726	0	0	0	2.56556783695743	1.50903176186913	10382	192
rice_strat_x25	wilcoxon	raw	real_perm	25	2688	0	0	0	2.49412396102824	0.993256086877469	2112	192
rice_strat_x25	wilcoxon	raw	real_perm	26	2704	0	0	0	2.5509370761011	1.43792556759284	2112	192
rice_strat_x25	wilcoxon	raw	real_perm	27	2720	0	0	0	2.54719186086478	1.51388176100629	2112	192
rice_strat_x25	wilcoxon	raw	real_perm	28	2796	0	0	0	2.55047626970592	1.61448528788264	2112	192
rice_strat_x25	wilcoxon	raw	real_perm	29	2732	0	0	0	2.46989634244589	0.675407890437995	2112	192
rice_strat_x25	wilcoxon	raw	real_perm	30	2637	0	0	0	2.55671107291219	1.63725888108004	2112	192
rice_strat_x25	wilcoxon	raw	real_perm	31	2670	0	0	0	2.46459239280013	1.52403163870106	2112	192
rice_strat_x25	wilcoxon	raw	real_perm	32	2679	0	0	0	2.51992827796524	1.48787796807691	2112	192
rice_strat_x25	wilcoxon	raw	real_perm	33	2725	0	0	0	2.59996395447173	0.629919246298789	2112	192
rice_strat_x25	wilcoxon	raw	real_perm	34	2770	0	0	0	2.50403708550269	0.996057971980765	2112	192
rice_strat_x25	wilcoxon	raw	real_perm	35	2746	0	0	0	2.4609098755464	1.52008232440436	2112	192
rice_strat_x25	wilcoxon	raw	real_perm	36	2834	0	0	0	2.6447082798033	1.75155872605741	10382	192
rice_strat_x25	wilcoxon	raw	real_perm	37	2693	0	0	0	2.56450041649607	1.65852173169794	2112	192
rice_strat_x25	wilcoxon	raw	real_perm	38	2816	0	0	0	2.57758827598865	0.623196979566876	2112	192
rice_strat_x25	wilcoxon	raw	real_perm	39	2895	0	0	0	2.62650906137083	1.65081305249372	2112	192
rice_strat_x25	wilcoxon	raw	real_perm	40	2688	0	0	0	2.46257421975842	0.626056934401668	2112	192
rice_strat_x25	wilcoxon	raw	real_perm	41	2654	0	0	0	2.52457991077013	1.57783897111744	10382	192
rice_strat_x25	wilcoxon	raw	real_perm	42	2817	0	0	0	2.54152629673971	1.53201418899829	2112	192
rice_strat_x25	wilcoxon	raw	real_perm	43	2802	0	0	0	2.50795614047278	0.683029278030387	2112	192
rice_strat_x25	wilcoxon	raw	real_perm	44	2710	0	0	0	2.47471680323891	0.642081333670119	2112	192
rice_strat_x25	wilcoxon	raw	real_perm	45	2793	0	0	0	2.54050051213908	1.57695236307121	10382	192
rice_strat_x25	wilcoxon	raw	real_perm	46	2753	0	0	0	2.44201170604812	1.65580336439142	14853	192
rice_strat_x25	wilcoxon	raw	real_perm	47	2798	0	0	0	2.59251841685107	0.644673201071229	2112	192
rice_strat_x25	wilcoxon	raw	real_perm	48	2756	0	0	0	2.51420147828253	1.54558219356181	2112	192
rice_strat_x25	wilcoxon	raw	real_perm	49	2755	0	0	0	2.50152867294662	1.43425773584158	2112	192
rice_strat_x25	wilcoxon	raw	real_perm	50	2789	0	0	0	2.54392033836587	0.658174402770079	2112	192
rice_strat_x25	wilcoxon	raw	real_perm	51	2743	0	0	0	2.52745021147867	0.629601477540189	2112	192
rice_strat_x25	wilcoxon	raw	real_perm	52	2793	0	0	0	2.48182014059091	0.983332655137335	2112	192
rice_strat_x25	wilcoxon	raw	real_perm	53	2748	0	0	0	2.5336653136377	1.5223260426998	2112	192
rice_strat_x25	wilcoxon	raw	real_perm	54	2772	0	0	0	2.55690316797849	0.615765544196434	2112	192
rice_strat_x25	wilcoxon	raw	real_perm	55	2768	0	0	0	2.48140305526146	0.658852675090228	2112	192
rice_strat_x25	wilcoxon	raw	real_perm	56	2782	0	0	0	2.54457499234346	1.01791637350487	2112	192
rice_strat_x25	wilcoxon	raw	real_perm	57	2779	0	0	0	2.53134229025415	0.641318275672051	2112	192
rice_strat_x25	wilcoxon	raw	real_perm	58	2696	0	0	0	2.41275389442396	1.57738863612316	2112	192
rice_strat_x25	wilcoxon	raw	real_perm	59	2738	0	0	0	2.55671107291219	1.46803278688525	2112	192
rice_strat_x25	wilcoxon	raw	real_perm	60	2754	0	0	0	2.55690316797849	1.71523518498308	10382	192
rice_strat_x25	wilcoxon	raw	real_perm	61	2687	0	0	0	2.54613404202309	0.64515135124032	2112	192
rice_strat_x25	wilcoxon	raw	real_perm	62	2776	0	0	0	2.44072019176385	0.642062370518748	2112	192
rice_strat_x25	wilcoxon	raw	real_perm	63	2714	0	0	0	2.52548932260489	1.46688145258412	10382	192
rice_strat_x25	wilcoxon	raw	real_perm	64	2708	0	0	0	2.56450041649607	0.580645757708355	2112	192
rice_strat_x25	wilcoxon	raw	real_perm	65	2763	0	0	0	2.57758827598865	1.52828276429974	2112	192
rice_strat_x25	wilcoxon	raw	real_perm	66	2732	0	0	0	2.47052951208352	0.666588457743028	2112	192
rice_strat_x25	wilcoxon	raw	real_perm	67	2779	0	0	0	2.59132558697709	0.668544626807077	10382	192
rice_strat_x25	wilcoxon	raw	real_perm	68	2841	0	0	0	2.47417624105788	1.49634915366744	2112	192
rice_strat_x25	wilcoxon	raw	real_perm	69	2838	0	0	0	2.64199643493761	0.655333971603756	2112	192
rice_strat_x25	wilcoxon	raw	real_perm	70	2727	0	0	0	2.57053023724826	0.662313122923588	2112	192
rice_strat_x25	wilcoxon	raw	real_perm	71	2815	0	0	0	2.56332911322728	0.606329573001966	2112	192
rice_strat_x25	wilcoxon	raw	real_perm	72	2699	0	0	0	2.48940985805298	1.47425399735207	2112	192
rice_strat_x25	wilcoxon	raw	real_perm	73	2800	0	0	0	2.43427859229676	0.585779675753081	2112	192
rice_strat_x25	wilcoxon	raw	real_perm	74	2703	0	0	0	2.50869252276943	0.63791202809004	2112	192
rice_strat_x25	wilcoxon	raw	real_perm	75	2866	0	0	0	2.4915293351071	0.681296779254924	2112	192
rice_strat_x25	wilcoxon	raw	real_perm	76	2802	0	0	0	2.54827036995641	1.55705480243193	2112	192
rice_strat_x25	wilcoxon	raw	real_perm	77	2793	0	0	0	2.5091388809143	0.669588578233836	2112	192
rice_strat_x25	wilcoxon	raw	real_perm	78	2697	0	0	0	2.54472038289401	0.998516530681979	2112	192
rice_strat_x25	wilcoxon	raw	real_perm	79	2781	0	0	0	2.5021934726724	0.588088055965599	2112	192
rice_strat_x25	wilcoxon	raw	real_perm	80	2724	0	0	0	2.49439856867603	1.50438140349071	10382	192
rice_strat_x25	wilcoxon	raw	real_perm	81	2771	0	0	0	2.52703263848518	1.53647919755228	2112	192
rice_strat_x25	wilcoxon	raw	real_perm	82	2770	0	0	0	2.54392033836587	0.630634744601735	2112	192
rice_strat_x25	wilcoxon	raw	real_perm	83	2783	0	0	0	2.48032146199152	1.56432967220821	10382	192
rice_strat_x25	wilcoxon	raw	real_perm	84	2829	0	0	0	2.55268083690362	1.51243614437652	2112	192
rice_strat_x25	wilcoxon	raw	real_perm	85	2776	0	0	0	2.42010849132606	0.596525059421228	2112	192
rice_strat_x25	wilcoxon	raw	real_perm	86	2887	0	0	0	2.48488787353605	1.52631470597318	2112	192
rice_strat_x25	wilcoxon	raw	real_perm	87	2813	0	0	0	2.42783645100861	0.972391156657472	2112	192
rice_strat_x25	wilcoxon	raw	real_perm	88	2806	0	0	0	2.47714724339465	1.02450374524068	2112	192
rice_strat_x25	wilcoxon	raw	real_perm	89	2760	0	0	0	2.54152629673971	1.50959167467714	10382	192
rice_strat_x25	wilcoxon	raw	real_perm	90	2771	0	0	0	2.5819207450026	0.574942362077186	2112	192
rice_strat_x25	wilcoxon	raw	real_perm	91	2695	0	0	0	2.58633387888707	0.999052337567334	10382	192
rice_strat_x25	wilcoxon	raw	real_perm	92	2729	0	0	0	2.4789884561083	0.600493858833339	2112	192
rice_strat_x25	wilcoxon	raw	real_perm	93	2793	0	0	0	2.5091388809143	0.659716755765163	2112	192
rice_strat_x25	wilcoxon	raw	real_perm	94	2870	0	0	0	2.56762225047506	1.5938242280285	10382	192
rice_strat_x25	wilcoxon	raw	real_perm	95	2895	0	0	0	2.5182356179466	0.655479258641946	2112	192
rice_strat_x25	wilcoxon	raw	real_perm	96	2875	0	0	0	2.48316449985646	0.677025161683612	2112	192
rice_strat_x25	wilcoxon	raw	real_perm	97	2801	0	0	0	2.51848924753546	1.51019325580912	16016	192
rice_strat_x25	wilcoxon	raw	real_perm	98	2745	0	0	0	2.47641785227051	0.676706177295049	10382	192
rice_strat_x25	wilcoxon	raw	real_perm	99	2772	0	0	0	2.61734046345811	0.604379665562188	2112	192
rice_strat_x25	wilcoxon	raw	real_perm	100	2855	0	0	0	2.57830191290867	0.658220437624403	2112	192
