cell_id	method	condition	scenario	rep	n_tested	n_detected	frac_detected	any_detected	achieved_ratio_depth	achieved_ratio_perm	raref_depth	n_sub
rice_rhizo	ancombc2	rarefied	real_depth	1	2818	1123	0.398509581263307	1	1.61417759352102	1.18550976978139	2112	106
rice_rhizo	ancombc2	rarefied	real_depth	2	2830	1413	0.499293286219081	1	1.68429111440739	1.01386460154884	16016	106
rice_rhizo	ancombc2	rarefied	real_depth	3	2921	1169	0.40020540910647	1	1.61287621417293	0.986324996920044	2112	106
rice_rhizo	ancombc2	rarefied	real_depth	4	2972	1294	0.435397039030956	1	1.62859432450269	0.843518986928638	2112	106
rice_rhizo	ancombc2	rarefied	real_depth	5	2991	1172	0.391842193246406	1	1.53847862792144	1.18120191941504	2112	106
rice_rhizo	ancombc2	rarefied	real_depth	6	2890	1184	0.409688581314879	1	1.83312196153033	0.834972272375548	2112	106
rice_rhizo	ancombc2	rarefied	real_depth	7	2856	1375	0.481442577030812	1	1.57278212501178	1.12749081060166	20321	106
rice_rhizo	ancombc2	rarefied	real_depth	8	2912	1113	0.382211538461538	1	1.72647016603665	0.975434247447882	2112	106
rice_rhizo	ancombc2	rarefied	real_depth	9	2883	1119	0.388137356919875	1	1.57808465006347	0.943232924580192	2112	106
rice_rhizo	ancombc2	rarefied	real_depth	10	2802	1474	0.526052819414704	1	1.69095300628459	0.960568251169729	16016	106
rice_rhizo	ancombc2	rarefied	real_depth	11	2799	1116	0.39871382636656	1	1.75517504405692	0.937059015088468	2112	106
rice_rhizo	ancombc2	rarefied	real_depth	12	2909	1238	0.425575799243726	1	1.70446403318563	0.964760970235329	2112	106
rice_rhizo	ancombc2	rarefied	real_depth	13	2974	1104	0.371217215870881	1	1.68429111440739	1.04160314038869	2112	106
rice_rhizo	ancombc2	rarefied	real_depth	14	2838	1194	0.420718816067653	1	1.69956161025738	0.88355191167584	2112	106
rice_rhizo	ancombc2	rarefied	real_depth	15	2857	1144	0.40042002100105	1	1.58892712359762	0.843146244023839	2112	106
rice_rhizo	ancombc2	rarefied	real_depth	16	2941	1134	0.385583134988099	1	1.63217686433487	1.10612003960698	2112	106
rice_rhizo	ancombc2	rarefied	real_depth	17	2975	1542	0.518319327731092	1	1.55931602728803	1.07312805526995	20321	106
rice_rhizo	ancombc2	rarefied	real_depth	18	3000	1187	0.395666666666667	1	1.69221930400525	0.939948906804685	2112	106
rice_rhizo	ancombc2	rarefied	real_depth	19	2831	1063	0.375485694101024	1	1.81884912832612	1.07799707602339	2112	106
rice_rhizo	ancombc2	rarefied	real_depth	20	2886	1191	0.412681912681913	1	1.55181283410499	0.976433410095645	2112	106
rice_rhizo	ancombc2	rarefied	real_depth	21	2846	1124	0.394940267041462	1	1.59648787023303	1.03560222491621	2112	106
rice_rhizo	ancombc2	rarefied	real_depth	22	2902	1072	0.369400413507926	1	1.65928160648628	0.919627749576988	2112	106
rice_rhizo	ancombc2	rarefied	real_depth	23	2910	1532	0.526460481099656	1	1.62034518337867	0.931312296648247	20321	106
rice_rhizo	ancombc2	rarefied	real_depth	24	2880	1115	0.387152777777778	1	1.60641631315079	1.03236603104534	2112	106
rice_rhizo	ancombc2	rarefied	real_depth	25	2816	1072	0.380681818181818	1	1.66549363671423	0.870635894505051	2112	106
rice_rhizo	ancombc2	rarefied	real_depth	26	2992	1146	0.383021390374332	1	1.54136674664534	1.11831964395557	2112	106
rice_rhizo	ancombc2	rarefied	real_depth	27	2982	1513	0.507377598926895	1	1.62859432450269	0.845922683695634	16016	106
rice_rhizo	ancombc2	rarefied	real_depth	28	3033	1639	0.54038905374217	1	1.63524087866503	1.04702652281807	16016	106
rice_rhizo	ancombc2	rarefied	real_depth	29	2829	1075	0.379992930364086	1	1.70083435467144	0.942865307357415	2112	106
rice_rhizo	ancombc2	rarefied	real_depth	30	2931	1187	0.404981235073354	1	1.61417759352102	1.2370494585421	2112	106
rice_rhizo	ancombc2	rarefied	real_depth	31	2896	1161	0.400897790055249	1	1.63524087866503	1.19445256612674	2112	106
rice_rhizo	ancombc2	rarefied	real_depth	32	2847	1160	0.407446434843695	1	1.73806883918241	0.930516600352227	2112	106
rice_rhizo	ancombc2	rarefied	real_depth	33	2888	1463	0.506578947368421	1	1.60199502354928	0.950810393619758	16016	106
rice_rhizo	ancombc2	rarefied	real_depth	34	2965	1127	0.380101180438449	1	1.58892712359762	1.0865831365679	2112	106
rice_rhizo	ancombc2	rarefied	real_depth	35	2924	1055	0.360807113543092	1	1.59836537609639	0.96322980945277	2112	106
rice_rhizo	ancombc2	rarefied	real_depth	36	2883	1110	0.385015608740895	1	1.57841519751108	0.927862104450733	2112	106
rice_rhizo	ancombc2	rarefied	real_depth	37	2852	1184	0.415147265077139	1	1.74308233706132	1.17061519341308	2112	106
rice_rhizo	ancombc2	rarefied	real_depth	38	2965	1145	0.386172006745363	1	1.62034518337867	1.08718932748538	2112	106
rice_rhizo	ancombc2	rarefied	real_depth	39	2990	1471	0.491973244147157	1	1.59836537609639	0.996722717913521	16016	106
rice_rhizo	ancombc2	rarefied	real_depth	40	2844	1108	0.389592123769339	1	1.65677783626011	1.09966912512246	2112	106
rice_rhizo	ancombc2	rarefied	real_depth	41	2915	1116	0.382847341337907	1	1.62390957696276	0.995724024323993	2112	106
rice_rhizo	ancombc2	rarefied	real_depth	42	2979	1185	0.397784491440081	1	1.72517823819322	0.85982753693836	2112	106
rice_rhizo	ancombc2	rarefied	real_depth	43	2804	1093	0.389800285306705	1	1.58087890441797	0.954345917471466	2112	106
rice_rhizo	ancombc2	rarefied	real_depth	44	2988	1169	0.391231593038822	1	1.81884912832612	1.02855529278882	2112	106
rice_rhizo	ancombc2	rarefied	real_depth	45	2954	1495	0.506093432633717	1	1.62492768993444	1.09867095510083	16016	106
rice_rhizo	ancombc2	rarefied	real_depth	46	2885	1150	0.398613518197574	1	1.74062131340936	1.13934939005317	2112	106
rice_rhizo	ancombc2	rarefied	real_depth	47	3077	1590	0.516737081572961	1	1.62381176049565	0.97377038443906	16016	106
rice_rhizo	ancombc2	rarefied	real_depth	48	2854	1132	0.396636299929923	1	1.62695807147547	1.14787874171681	2112	106
rice_rhizo	ancombc2	rarefied	real_depth	49	2834	1048	0.369795342272407	1	1.72647016603665	0.948421413864104	2112	106
rice_rhizo	ancombc2	rarefied	real_depth	50	2835	1173	0.413756613756614	1	1.57462703258852	1.0154762519582	2112	106
rice_rhizo	ancombc2	rarefied	real_depth	51	2877	1251	0.434827945776851	1	1.69956161025738	0.9847596121245	2112	106
rice_rhizo	ancombc2	rarefied	real_depth	52	2895	1161	0.401036269430052	1	1.614059808987	0.94871711117281	2112	106
rice_rhizo	ancombc2	rarefied	real_depth	53	2773	1052	0.379372520735665	1	1.74937737580286	1.02933059148222	2112	106
rice_rhizo	ancombc2	rarefied	real_depth	54	2902	1039	0.35802894555479	1	1.54136674664534	1.1112209240761	2112	106
rice_rhizo	ancombc2	rarefied	real_depth	55	2935	1126	0.383645655877342	1	1.69956161025738	0.992445782929825	2112	106
rice_rhizo	ancombc2	rarefied	real_depth	56	2856	1087	0.380602240896359	1	1.69956161025738	0.997236839789507	2112	106
rice_rhizo	ancombc2	rarefied	real_depth	57	2981	1161	0.389466621938947	1	1.60319470363459	1.03945304143193	2112	106
rice_rhizo	ancombc2	rarefied	real_depth	58	2846	1169	0.410751932536894	1	1.63524087866503	0.927646300942565	2112	106
rice_rhizo	ancombc2	rarefied	real_depth	59	2878	1058	0.367616400277971	1	1.62859432450269	1.05162946587749	2112	106
rice_rhizo	ancombc2	rarefied	real_depth	60	2925	1130	0.386324786324786	1	1.65677783626011	1.08620248538012	2112	106
rice_rhizo	ancombc2	rarefied	real_depth	61	2872	1162	0.404596100278552	1	1.69956161025738	0.967366243981827	2112	106
rice_rhizo	ancombc2	rarefied	real_depth	62	2921	1096	0.37521396781924	1	1.63217686433487	1.08885402552949	2112	106
rice_rhizo	ancombc2	rarefied	real_depth	63	2958	1594	0.538877620013523	1	1.54068367838228	1.08148318096784	23595	106
rice_rhizo	ancombc2	rarefied	real_depth	64	2949	1216	0.412343167175314	1	1.65988803292024	0.910190622003129	2112	106
rice_rhizo	ancombc2	rarefied	real_depth	65	2906	1113	0.383000688231246	1	1.65988803292024	0.89369416452988	2112	106
rice_rhizo	ancombc2	rarefied	real_depth	66	2916	1156	0.396433470507545	1	1.61287621417293	0.948057410230798	2112	106
rice_rhizo	ancombc2	rarefied	real_depth	67	2960	1147	0.3875	1	1.90323764582514	1.14663857002902	2112	106
rice_rhizo	ancombc2	rarefied	real_depth	68	2864	1122	0.391759776536313	1	1.63524087866503	1.10864059051272	2112	106
rice_rhizo	ancombc2	rarefied	real_depth	69	2996	1159	0.386849132176235	1	1.63524087866503	1.01296085003209	2112	106
rice_rhizo	ancombc2	rarefied	real_depth	70	2811	1056	0.375667022411953	1	1.75517504405692	1.08924965045829	2112	106
rice_rhizo	ancombc2	rarefied	real_depth	71	2961	1566	0.52887537993921	1	1.65677783626011	1.00277081642018	20321	106
rice_rhizo	ancombc2	rarefied	real_depth	72	2830	1234	0.436042402826855	1	1.68429111440739	1.27301119622864	2112	106
rice_rhizo	ancombc2	rarefied	real_depth	73	2886	1395	0.483367983367983	1	1.61287621417293	0.927646300942565	16016	106
rice_rhizo	ancombc2	rarefied	real_depth	74	2933	1625	0.554040231844528	1	1.65677783626011	0.939801315521801	16016	106
rice_rhizo	ancombc2	rarefied	real_depth	75	3001	1180	0.393202265911363	1	1.61417759352102	0.954345917471466	2112	106
rice_rhizo	ancombc2	rarefied	real_depth	76	2957	1225	0.414271220831924	1	1.55931602728803	0.978698224852071	2112	106
rice_rhizo	ancombc2	rarefied	real_depth	77	2795	1118	0.4	1	1.58892712359762	0.997059725454119	2112	106
rice_rhizo	ancombc2	rarefied	real_depth	78	2946	1181	0.400882552613714	1	1.73806883918241	0.976433410095645	2112	106
rice_rhizo	ancombc2	rarefied	real_depth	79	2871	1120	0.390107976314873	1	1.74308233706132	0.931312296648247	2112	106
rice_rhizo	ancombc2	rarefied	real_depth	80	2927	1164	0.397676802186539	1	1.68429111440739	1.09158168722813	2112	106
rice_rhizo	ancombc2	rarefied	real_depth	81	2939	1108	0.376998979244641	1	1.53510175064427	0.872114392571576	2112	106
rice_rhizo	ancombc2	rarefied	real_depth	82	2988	1567	0.524431057563588	1	1.72647016603665	0.844207810024661	16016	106
rice_rhizo	ancombc2	rarefied	real_depth	83	2875	1075	0.373913043478261	1	1.54136674664534	0.907431973339373	2112	106
rice_rhizo	ancombc2	rarefied	real_depth	84	2877	1164	0.40458811261731	1	1.65677783626011	1.01214824982841	2112	106
rice_rhizo	ancombc2	rarefied	real_depth	85	2907	1143	0.393188854489164	1	1.614059808987	0.991828361973299	2112	106
rice_rhizo	ancombc2	rarefied	real_depth	86	2926	1132	0.386876281613124	1	1.68429111440739	0.950810393619758	2112	106
rice_rhizo	ancombc2	rarefied	real_depth	87	2921	1369	0.468675111263266	1	1.55199260167323	0.897527446601025	2112	106
rice_rhizo	ancombc2	rarefied	real_depth	88	2983	1516	0.508213208179685	1	1.53847862792144	0.942865307357415	16016	106
rice_rhizo	ancombc2	rarefied	real_depth	89	2888	1168	0.404432132963989	1	1.62859432450269	1.07728423815597	2112	106
rice_rhizo	ancombc2	rarefied	real_depth	90	2859	1517	0.530605106680658	1	1.69095300628459	1.21127419449155	16016	106
rice_rhizo	ancombc2	rarefied	real_depth	91	2852	1188	0.416549789621318	1	1.53510175064427	1.10496797771104	2112	106
rice_rhizo	ancombc2	rarefied	real_depth	92	2808	1045	0.372150997150997	1	1.67229078287698	1.19585993422325	2112	106
rice_rhizo	ancombc2	rarefied	real_depth	93	2886	1210	0.419265419265419	1	1.67229078287698	1.07565754255737	2112	106
rice_rhizo	ancombc2	rarefied	real_depth	94	2811	1079	0.383849163998577	1	1.81544108008913	1.04281798245614	2112	106
rice_rhizo	ancombc2	rarefied	real_depth	95	2930	1491	0.508873720136519	1	1.69095300628459	0.997236839789507	16016	106
rice_rhizo	ancombc2	rarefied	real_depth	96	2921	1118	0.382745635056488	1	1.89039192554725	1.06388761427412	2112	106
rice_rhizo	ancombc2	rarefied	real_depth	97	2936	1150	0.391689373297003	1	1.55181283410499	1.06123978444738	2112	106
rice_rhizo	ancombc2	rarefied	real_depth	98	2937	1192	0.405856315968675	1	1.74937737580286	0.98905792241714	2112	106
rice_rhizo	ancombc2	rarefied	real_depth	99	2850	1073	0.376491228070175	1	1.68429111440739	0.942880697208809	2112	106
rice_rhizo	ancombc2	rarefied	real_depth	100	2922	1202	0.411362080766598	1	1.69583059750492	1.17903874269006	2112	106
rice_rhizo	ancombc2	rarefied	real_perm	1	2818	961	0.341022001419446	1	1.61417759352102	1.18550976978139	2112	106
rice_rhizo	ancombc2	rarefied	real_perm	2	2830	1245	0.439929328621908	1	1.68429111440739	1.01386460154884	16016	106
rice_rhizo	ancombc2	rarefied	real_perm	3	2921	1022	0.349880178021226	1	1.61287621417293	0.986324996920044	2112	106
rice_rhizo	ancombc2	rarefied	real_perm	4	2972	1030	0.34656796769852	1	1.62859432450269	0.843518986928638	2112	106
rice_rhizo	ancombc2	rarefied	real_perm	5	2991	1007	0.336676696756937	1	1.53847862792144	1.18120191941504	2112	106
rice_rhizo	ancombc2	rarefied	real_perm	6	2890	916	0.316955017301038	1	1.83312196153033	0.834972272375548	2112	106
rice_rhizo	ancombc2	rarefied	real_perm	7	2856	1148	0.401960784313726	1	1.57278212501178	1.12749081060166	20321	106
rice_rhizo	ancombc2	rarefied	real_perm	8	2912	958	0.328983516483516	1	1.72647016603665	0.975434247447882	2112	106
rice_rhizo	ancombc2	rarefied	real_perm	9	2883	914	0.317030870620881	1	1.57808465006347	0.943232924580192	2112	106
rice_rhizo	ancombc2	rarefied	real_perm	10	2802	1301	0.464311206281228	1	1.69095300628459	0.960568251169729	16016	106
rice_rhizo	ancombc2	rarefied	real_perm	11	2799	971	0.346909610575205	1	1.75517504405692	0.937059015088468	2112	106
rice_rhizo	ancombc2	rarefied	real_perm	12	2909	959	0.329666552079752	1	1.70446403318563	0.964760970235329	2112	106
rice_rhizo	ancombc2	rarefied	real_perm	13	2974	971	0.32649630127774	1	1.68429111440739	1.04160314038869	2112	106
rice_rhizo	ancombc2	rarefied	real_perm	14	2838	980	0.345313601127555	1	1.69956161025738	0.88355191167584	2112	106
rice_rhizo	ancombc2	rarefied	real_perm	15	2857	1018	0.356317815890795	1	1.58892712359762	0.843146244023839	2112	106
rice_rhizo	ancombc2	rarefied	real_perm	16	2941	986	0.335260115606936	1	1.63217686433487	1.10612003960698	2112	106
rice_rhizo	ancombc2	rarefied	real_perm	17	2975	1357	0.456134453781513	1	1.55931602728803	1.07312805526995	20321	106
rice_rhizo	ancombc2	rarefied	real_perm	18	3000	973	0.324333333333333	1	1.69221930400525	0.939948906804685	2112	106
rice_rhizo	ancombc2	rarefied	real_perm	19	2831	989	0.349346520664076	1	1.81884912832612	1.07799707602339	2112	106
rice_rhizo	ancombc2	rarefied	real_perm	20	2886	1060	0.367290367290367	1	1.55181283410499	0.976433410095645	2112	106
rice_rhizo	ancombc2	rarefied	real_perm	21	2846	920	0.323260716795502	1	1.59648787023303	1.03560222491621	2112	106
rice_rhizo	ancombc2	rarefied	real_perm	22	2902	911	0.313921433494142	1	1.65928160648628	0.919627749576988	2112	106
rice_rhizo	ancombc2	rarefied	real_perm	23	2910	1234	0.424054982817869	1	1.62034518337867	0.931312296648247	20321	106
rice_rhizo	ancombc2	rarefied	real_perm	24	2880	1017	0.353125	1	1.60641631315079	1.03236603104534	2112	106
rice_rhizo	ancombc2	rarefied	real_perm	25	2816	918	0.325994318181818	1	1.66549363671423	0.870635894505051	2112	106
rice_rhizo	ancombc2	rarefied	real_perm	26	2992	1020	0.340909090909091	1	1.54136674664534	1.11831964395557	2112	106
rice_rhizo	ancombc2	rarefied	real_perm	27	2982	1164	0.390342052313883	1	1.62859432450269	0.845922683695634	16016	106
rice_rhizo	ancombc2	rarefied	real_perm	28	3033	1312	0.432575008242664	1	1.63524087866503	1.04702652281807	16016	106
rice_rhizo	ancombc2	rarefied	real_perm	29	2829	914	0.323082361258395	1	1.70083435467144	0.942865307357415	2112	106
rice_rhizo	ancombc2	rarefied	real_perm	30	2931	989	0.337427499147049	1	1.61417759352102	1.2370494585421	2112	106
rice_rhizo	ancombc2	rarefied	real_perm	31	2896	995	0.343577348066298	1	1.63524087866503	1.19445256612674	2112	106
rice_rhizo	ancombc2	rarefied	real_perm	32	2847	931	0.327010888654724	1	1.73806883918241	0.930516600352227	2112	106
rice_rhizo	ancombc2	rarefied	real_perm	33	2888	1318	0.456371191135734	1	1.60199502354928	0.950810393619758	16016	106
rice_rhizo	ancombc2	rarefied	real_perm	34	2965	1003	0.338279932546374	1	1.58892712359762	1.0865831365679	2112	106
rice_rhizo	ancombc2	rarefied	real_perm	35	2924	975	0.333447332421341	1	1.59836537609639	0.96322980945277	2112	106
rice_rhizo	ancombc2	rarefied	real_perm	36	2883	953	0.330558446063129	1	1.57841519751108	0.927862104450733	2112	106
rice_rhizo	ancombc2	rarefied	real_perm	37	2852	916	0.321178120617111	1	1.74308233706132	1.17061519341308	2112	106
rice_rhizo	ancombc2	rarefied	real_perm	38	2965	1022	0.34468802698145	1	1.62034518337867	1.08718932748538	2112	106
rice_rhizo	ancombc2	rarefied	real_perm	39	2990	1233	0.412374581939799	1	1.59836537609639	0.996722717913521	16016	106
rice_rhizo	ancombc2	rarefied	real_perm	40	2844	1001	0.35196905766526	1	1.65677783626011	1.09966912512246	2112	106
rice_rhizo	ancombc2	rarefied	real_perm	41	2915	1019	0.349571183533448	1	1.62390957696276	0.995724024323993	2112	106
rice_rhizo	ancombc2	rarefied	real_perm	42	2979	1006	0.337697213830144	1	1.72517823819322	0.85982753693836	2112	106
rice_rhizo	ancombc2	rarefied	real_perm	43	2804	912	0.325249643366619	1	1.58087890441797	0.954345917471466	2112	106
rice_rhizo	ancombc2	rarefied	real_perm	44	2988	996	0.333333333333333	1	1.81884912832612	1.02855529278882	2112	106
rice_rhizo	ancombc2	rarefied	real_perm	45	2954	1294	0.438050101557211	1	1.62492768993444	1.09867095510083	16016	106
rice_rhizo	ancombc2	rarefied	real_perm	46	2885	930	0.322357019064125	1	1.74062131340936	1.13934939005317	2112	106
rice_rhizo	ancombc2	rarefied	real_perm	47	3077	1309	0.425414364640884	1	1.62381176049565	0.97377038443906	16016	106
rice_rhizo	ancombc2	rarefied	real_perm	48	2854	874	0.306236860546601	1	1.62695807147547	1.14787874171681	2112	106
rice_rhizo	ancombc2	rarefied	real_perm	49	2834	935	0.329922371206775	1	1.72647016603665	0.948421413864104	2112	106
rice_rhizo	ancombc2	rarefied	real_perm	50	2835	910	0.320987654320988	1	1.57462703258852	1.0154762519582	2112	106
rice_rhizo	ancombc2	rarefied	real_perm	51	2877	980	0.340632603406326	1	1.69956161025738	0.9847596121245	2112	106
rice_rhizo	ancombc2	rarefied	real_perm	52	2895	1063	0.367184801381693	1	1.614059808987	0.94871711117281	2112	106
rice_rhizo	ancombc2	rarefied	real_perm	53	2773	933	0.336458708979445	1	1.74937737580286	1.02933059148222	2112	106
rice_rhizo	ancombc2	rarefied	real_perm	54	2902	962	0.331495520330806	1	1.54136674664534	1.1112209240761	2112	106
rice_rhizo	ancombc2	rarefied	real_perm	55	2935	1043	0.355366269165247	1	1.69956161025738	0.992445782929825	2112	106
rice_rhizo	ancombc2	rarefied	real_perm	56	2856	922	0.322829131652661	1	1.69956161025738	0.997236839789507	2112	106
rice_rhizo	ancombc2	rarefied	real_perm	57	2981	991	0.332438778933244	1	1.60319470363459	1.03945304143193	2112	106
rice_rhizo	ancombc2	rarefied	real_perm	58	2846	955	0.335558678847505	1	1.63524087866503	0.927646300942565	2112	106
rice_rhizo	ancombc2	rarefied	real_perm	59	2878	977	0.339471855455177	1	1.62859432450269	1.05162946587749	2112	106
rice_rhizo	ancombc2	rarefied	real_perm	60	2925	1011	0.345641025641026	1	1.65677783626011	1.08620248538012	2112	106
rice_rhizo	ancombc2	rarefied	real_perm	61	2872	902	0.314066852367688	1	1.69956161025738	0.967366243981827	2112	106
rice_rhizo	ancombc2	rarefied	real_perm	62	2921	985	0.337213283122218	1	1.63217686433487	1.08885402552949	2112	106
rice_rhizo	ancombc2	rarefied	real_perm	63	2958	1321	0.44658553076403	1	1.54068367838228	1.08148318096784	23595	106
rice_rhizo	ancombc2	rarefied	real_perm	64	2949	990	0.335707019328586	1	1.65988803292024	0.910190622003129	2112	106
rice_rhizo	ancombc2	rarefied	real_perm	65	2906	1011	0.347900894700619	1	1.65988803292024	0.89369416452988	2112	106
rice_rhizo	ancombc2	rarefied	real_perm	66	2916	943	0.323388203017833	1	1.61287621417293	0.948057410230798	2112	106
rice_rhizo	ancombc2	rarefied	real_perm	67	2960	1035	0.349662162162162	1	1.90323764582514	1.14663857002902	2112	106
rice_rhizo	ancombc2	rarefied	real_perm	68	2864	928	0.324022346368715	1	1.63524087866503	1.10864059051272	2112	106
rice_rhizo	ancombc2	rarefied	real_perm	69	2996	930	0.31041388518024	1	1.63524087866503	1.01296085003209	2112	106
rice_rhizo	ancombc2	rarefied	real_perm	70	2811	977	0.347563144788332	1	1.75517504405692	1.08924965045829	2112	106
rice_rhizo	ancombc2	rarefied	real_perm	71	2961	1192	0.402566700439041	1	1.65677783626011	1.00277081642018	20321	106
rice_rhizo	ancombc2	rarefied	real_perm	72	2830	1038	0.36678445229682	1	1.68429111440739	1.27301119622864	2112	106
rice_rhizo	ancombc2	rarefied	real_perm	73	2886	1162	0.402633402633403	1	1.61287621417293	0.927646300942565	16016	106
rice_rhizo	ancombc2	rarefied	real_perm	74	2933	1284	0.437777020115922	1	1.65677783626011	0.939801315521801	16016	106
rice_rhizo	ancombc2	rarefied	real_perm	75	3001	1038	0.345884705098301	1	1.61417759352102	0.954345917471466	2112	106
rice_rhizo	ancombc2	rarefied	real_perm	76	2957	960	0.324653364896855	1	1.55931602728803	0.978698224852071	2112	106
rice_rhizo	ancombc2	rarefied	real_perm	77	2795	1002	0.358497316636852	1	1.58892712359762	0.997059725454119	2112	106
rice_rhizo	ancombc2	rarefied	real_perm	78	2946	972	0.329938900203666	1	1.73806883918241	0.976433410095645	2112	106
rice_rhizo	ancombc2	rarefied	real_perm	79	2871	953	0.33194009056078	1	1.74308233706132	0.931312296648247	2112	106
rice_rhizo	ancombc2	rarefied	real_perm	80	2927	957	0.326955927570892	1	1.68429111440739	1.09158168722813	2112	106
rice_rhizo	ancombc2	rarefied	real_perm	81	2939	952	0.323919700578428	1	1.53510175064427	0.872114392571576	2112	106
rice_rhizo	ancombc2	rarefied	real_perm	82	2988	1225	0.409973226238286	1	1.72647016603665	0.844207810024661	16016	106
rice_rhizo	ancombc2	rarefied	real_perm	83	2875	907	0.315478260869565	1	1.54136674664534	0.907431973339373	2112	106
rice_rhizo	ancombc2	rarefied	real_perm	84	2877	956	0.332290580465763	1	1.65677783626011	1.01214824982841	2112	106
rice_rhizo	ancombc2	rarefied	real_perm	85	2907	1009	0.347093223254214	1	1.614059808987	0.991828361973299	2112	106
rice_rhizo	ancombc2	rarefied	real_perm	86	2926	1000	0.341763499658236	1	1.68429111440739	0.950810393619758	2112	106
rice_rhizo	ancombc2	rarefied	real_perm	87	2921	1058	0.362204724409449	1	1.55199260167323	0.897527446601025	2112	106
rice_rhizo	ancombc2	rarefied	real_perm	88	2983	1300	0.435802883003688	1	1.53847862792144	0.942865307357415	16016	106
rice_rhizo	ancombc2	rarefied	real_perm	89	2888	985	0.34106648199446	1	1.62859432450269	1.07728423815597	2112	106
rice_rhizo	ancombc2	rarefied	real_perm	90	2859	1232	0.430919902063659	1	1.69095300628459	1.21127419449155	16016	106
rice_rhizo	ancombc2	rarefied	real_perm	91	2852	898	0.314866760168303	1	1.53510175064427	1.10496797771104	2112	106
rice_rhizo	ancombc2	rarefied	real_perm	92	2808	1053	0.375	1	1.67229078287698	1.19585993422325	2112	106
rice_rhizo	ancombc2	rarefied	real_perm	93	2886	906	0.313929313929314	1	1.67229078287698	1.07565754255737	2112	106
rice_rhizo	ancombc2	rarefied	real_perm	94	2811	949	0.337602276769833	1	1.81544108008913	1.04281798245614	2112	106
rice_rhizo	ancombc2	rarefied	real_perm	95	2930	1313	0.448122866894198	1	1.69095300628459	0.997236839789507	16016	106
rice_rhizo	ancombc2	rarefied	real_perm	96	2921	990	0.338925025676138	1	1.89039192554725	1.06388761427412	2112	106
rice_rhizo	ancombc2	rarefied	real_perm	97	2936	1063	0.362057220708447	1	1.55181283410499	1.06123978444738	2112	106
rice_rhizo	ancombc2	rarefied	real_perm	98	2937	976	0.332311882873681	1	1.74937737580286	0.98905792241714	2112	106
rice_rhizo	ancombc2	rarefied	real_perm	99	2850	976	0.342456140350877	1	1.68429111440739	0.942880697208809	2112	106
rice_rhizo	ancombc2	rarefied	real_perm	100	2922	960	0.328542094455852	1	1.69583059750492	1.17903874269006	2112	106
rice_rhizo	ancombc2	raw	real_depth	1	2818	1484	0.526614620298084	1	1.61417759352102	1.18550976978139	2112	106
rice_rhizo	ancombc2	raw	real_depth	2	2830	1434	0.506713780918728	1	1.68429111440739	1.01386460154884	16016	106
rice_rhizo	ancombc2	raw	real_depth	3	2921	1522	0.521054433413215	1	1.61287621417293	0.986324996920044	2112	106
rice_rhizo	ancombc2	raw	real_depth	4	2972	1592	0.535666218034993	1	1.62859432450269	0.843518986928638	2112	106
rice_rhizo	ancombc2	raw	real_depth	5	2991	1472	0.49214309595453	1	1.53847862792144	1.18120191941504	2112	106
rice_rhizo	ancombc2	raw	real_depth	6	2890	1437	0.497231833910035	1	1.83312196153033	0.834972272375548	2112	106
rice_rhizo	ancombc2	raw	real_depth	7	2856	1343	0.470238095238095	1	1.57278212501178	1.12749081060166	20321	106
rice_rhizo	ancombc2	raw	real_depth	8	2912	1477	0.507211538461538	1	1.72647016603665	0.975434247447882	2112	106
rice_rhizo	ancombc2	raw	real_depth	9	2883	1584	0.54942767950052	1	1.57808465006347	0.943232924580192	2112	106
rice_rhizo	ancombc2	raw	real_depth	10	2802	1495	0.533547466095646	1	1.69095300628459	0.960568251169729	16016	106
rice_rhizo	ancombc2	raw	real_depth	11	2799	1377	0.491961414790997	1	1.75517504405692	0.937059015088468	2112	106
rice_rhizo	ancombc2	raw	real_depth	12	2909	1504	0.517016156754899	1	1.70446403318563	0.964760970235329	2112	106
rice_rhizo	ancombc2	raw	real_depth	13	2974	1519	0.510759919300605	1	1.68429111440739	1.04160314038869	2112	106
rice_rhizo	ancombc2	raw	real_depth	14	2838	1389	0.489429175475687	1	1.69956161025738	0.88355191167584	2112	106
rice_rhizo	ancombc2	raw	real_depth	15	2857	1460	0.511025551277564	1	1.58892712359762	0.843146244023839	2112	106
rice_rhizo	ancombc2	raw	real_depth	16	2941	1522	0.51751105066304	1	1.63217686433487	1.10612003960698	2112	106
rice_rhizo	ancombc2	raw	real_depth	17	2975	1518	0.510252100840336	1	1.55931602728803	1.07312805526995	20321	106
rice_rhizo	ancombc2	raw	real_depth	18	3000	1602	0.534	1	1.69221930400525	0.939948906804685	2112	106
rice_rhizo	ancombc2	raw	real_depth	19	2831	1341	0.473684210526316	1	1.81884912832612	1.07799707602339	2112	106
rice_rhizo	ancombc2	raw	real_depth	20	2886	1445	0.500693000693001	1	1.55181283410499	0.976433410095645	2112	106
rice_rhizo	ancombc2	raw	real_depth	21	2846	1451	0.509838369641602	1	1.59648787023303	1.03560222491621	2112	106
rice_rhizo	ancombc2	raw	real_depth	22	2902	1459	0.50275671950379	1	1.65928160648628	0.919627749576988	2112	106
rice_rhizo	ancombc2	raw	real_depth	23	2910	1509	0.518556701030928	1	1.62034518337867	0.931312296648247	20321	106
rice_rhizo	ancombc2	raw	real_depth	24	2880	1460	0.506944444444444	1	1.60641631315079	1.03236603104534	2112	106
rice_rhizo	ancombc2	raw	real_depth	25	2816	1475	0.523792613636364	1	1.66549363671423	0.870635894505051	2112	106
rice_rhizo	ancombc2	raw	real_depth	26	2992	1569	0.524398395721925	1	1.54136674664534	1.11831964395557	2112	106
rice_rhizo	ancombc2	raw	real_depth	27	2982	1543	0.517437961099933	1	1.62859432450269	0.845922683695634	16016	106
rice_rhizo	ancombc2	raw	real_depth	28	3033	1605	0.52917903066271	1	1.63524087866503	1.04702652281807	16016	106
rice_rhizo	ancombc2	raw	real_depth	29	2829	1522	0.537999293036409	1	1.70083435467144	0.942865307357415	2112	106
rice_rhizo	ancombc2	raw	real_depth	30	2931	1536	0.524053224155578	1	1.61417759352102	1.2370494585421	2112	106
rice_rhizo	ancombc2	raw	real_depth	31	2896	1521	0.525207182320442	1	1.63524087866503	1.19445256612674	2112	106
rice_rhizo	ancombc2	raw	real_depth	32	2847	1557	0.546891464699684	1	1.73806883918241	0.930516600352227	2112	106
rice_rhizo	ancombc2	raw	real_depth	33	2888	1443	0.499653739612188	1	1.60199502354928	0.950810393619758	16016	106
rice_rhizo	ancombc2	raw	real_depth	34	2965	1482	0.499831365935919	1	1.58892712359762	1.0865831365679	2112	106
rice_rhizo	ancombc2	raw	real_depth	35	2924	1424	0.487004103967168	1	1.59836537609639	0.96322980945277	2112	106
rice_rhizo	ancombc2	raw	real_depth	36	2883	1464	0.50780437044745	1	1.57841519751108	0.927862104450733	2112	106
rice_rhizo	ancombc2	raw	real_depth	37	2852	1463	0.512973352033661	1	1.74308233706132	1.17061519341308	2112	106
rice_rhizo	ancombc2	raw	real_depth	38	2965	1471	0.496121416526138	1	1.62034518337867	1.08718932748538	2112	106
rice_rhizo	ancombc2	raw	real_depth	39	2990	1463	0.489297658862876	1	1.59836537609639	0.996722717913521	16016	106
rice_rhizo	ancombc2	raw	real_depth	40	2844	1531	0.538326300984529	1	1.65677783626011	1.09966912512246	2112	106
rice_rhizo	ancombc2	raw	real_depth	41	2915	1470	0.504288164665523	1	1.62390957696276	0.995724024323993	2112	106
rice_rhizo	ancombc2	raw	real_depth	42	2979	1534	0.514937898623699	1	1.72517823819322	0.85982753693836	2112	106
rice_rhizo	ancombc2	raw	real_depth	43	2804	1397	0.498216833095578	1	1.58087890441797	0.954345917471466	2112	106
rice_rhizo	ancombc2	raw	real_depth	44	2988	1557	0.521084337349398	1	1.81884912832612	1.02855529278882	2112	106
rice_rhizo	ancombc2	raw	real_depth	45	2954	1475	0.499322951929587	1	1.62492768993444	1.09867095510083	16016	106
rice_rhizo	ancombc2	raw	real_depth	46	2885	1471	0.509878682842288	1	1.74062131340936	1.13934939005317	2112	106
rice_rhizo	ancombc2	raw	real_depth	47	3077	1555	0.505362365940851	1	1.62381176049565	0.97377038443906	16016	106
rice_rhizo	ancombc2	raw	real_depth	48	2854	1440	0.504555010511563	1	1.62695807147547	1.14787874171681	2112	106
rice_rhizo	ancombc2	raw	real_depth	49	2834	1487	0.52470007057163	1	1.72647016603665	0.948421413864104	2112	106
rice_rhizo	ancombc2	raw	real_depth	50	2835	1507	0.531569664902998	1	1.57462703258852	1.0154762519582	2112	106
rice_rhizo	ancombc2	raw	real_depth	51	2877	1578	0.548488008342023	1	1.69956161025738	0.9847596121245	2112	106
rice_rhizo	ancombc2	raw	real_depth	52	2895	1545	0.533678756476684	1	1.614059808987	0.94871711117281	2112	106
rice_rhizo	ancombc2	raw	real_depth	53	2773	1355	0.488640461593942	1	1.74937737580286	1.02933059148222	2112	106
rice_rhizo	ancombc2	raw	real_depth	54	2902	1408	0.485182632667126	1	1.54136674664534	1.1112209240761	2112	106
rice_rhizo	ancombc2	raw	real_depth	55	2935	1470	0.500851788756388	1	1.69956161025738	0.992445782929825	2112	106
rice_rhizo	ancombc2	raw	real_depth	56	2856	1445	0.505952380952381	1	1.69956161025738	0.997236839789507	2112	106
rice_rhizo	ancombc2	raw	real_depth	57	2981	1445	0.484736665548474	1	1.60319470363459	1.03945304143193	2112	106
rice_rhizo	ancombc2	raw	real_depth	58	2846	1443	0.507027406886859	1	1.63524087866503	0.927646300942565	2112	106
rice_rhizo	ancombc2	raw	real_depth	59	2878	1403	0.487491313412092	1	1.62859432450269	1.05162946587749	2112	106
rice_rhizo	ancombc2	raw	real_depth	60	2925	1474	0.503931623931624	1	1.65677783626011	1.08620248538012	2112	106
rice_rhizo	ancombc2	raw	real_depth	61	2872	1507	0.524721448467967	1	1.69956161025738	0.967366243981827	2112	106
rice_rhizo	ancombc2	raw	real_depth	62	2921	1534	0.525162615542622	1	1.63217686433487	1.08885402552949	2112	106
rice_rhizo	ancombc2	raw	real_depth	63	2958	1589	0.537187288708587	1	1.54068367838228	1.08148318096784	23595	106
rice_rhizo	ancombc2	raw	real_depth	64	2949	1556	0.527636486944727	1	1.65988803292024	0.910190622003129	2112	106
rice_rhizo	ancombc2	raw	real_depth	65	2906	1473	0.506882312456986	1	1.65988803292024	0.89369416452988	2112	106
rice_rhizo	ancombc2	raw	real_depth	66	2916	1484	0.508916323731139	1	1.61287621417293	0.948057410230798	2112	106
rice_rhizo	ancombc2	raw	real_depth	67	2960	1588	0.536486486486486	1	1.90323764582514	1.14663857002902	2112	106
rice_rhizo	ancombc2	raw	real_depth	68	2864	1503	0.524790502793296	1	1.63524087866503	1.10864059051272	2112	106
rice_rhizo	ancombc2	raw	real_depth	69	2996	1541	0.514352469959947	1	1.63524087866503	1.01296085003209	2112	106
rice_rhizo	ancombc2	raw	real_depth	70	2811	1397	0.496976165065813	1	1.75517504405692	1.08924965045829	2112	106
rice_rhizo	ancombc2	raw	real_depth	71	2961	1511	0.510300574130361	1	1.65677783626011	1.00277081642018	20321	106
rice_rhizo	ancombc2	raw	real_depth	72	2830	1483	0.524028268551237	1	1.68429111440739	1.27301119622864	2112	106
rice_rhizo	ancombc2	raw	real_depth	73	2886	1425	0.493762993762994	1	1.61287621417293	0.927646300942565	16016	106
rice_rhizo	ancombc2	raw	real_depth	74	2933	1512	0.515513126491647	1	1.65677783626011	0.939801315521801	16016	106
rice_rhizo	ancombc2	raw	real_depth	75	3001	1567	0.52215928023992	1	1.61417759352102	0.954345917471466	2112	106
rice_rhizo	ancombc2	raw	real_depth	76	2957	1513	0.511667230300981	1	1.55931602728803	0.978698224852071	2112	106
rice_rhizo	ancombc2	raw	real_depth	77	2795	1384	0.495169946332737	1	1.58892712359762	0.997059725454119	2112	106
rice_rhizo	ancombc2	raw	real_depth	78	2946	1595	0.541412084181942	1	1.73806883918241	0.976433410095645	2112	106
rice_rhizo	ancombc2	raw	real_depth	79	2871	1448	0.504353883664229	1	1.74308233706132	0.931312296648247	2112	106
rice_rhizo	ancombc2	raw	real_depth	80	2927	1534	0.524086094977793	1	1.68429111440739	1.09158168722813	2112	106
rice_rhizo	ancombc2	raw	real_depth	81	2939	1561	0.531133038448452	1	1.53510175064427	0.872114392571576	2112	106
rice_rhizo	ancombc2	raw	real_depth	82	2988	1546	0.517402945113788	1	1.72647016603665	0.844207810024661	16016	106
rice_rhizo	ancombc2	raw	real_depth	83	2875	1482	0.515478260869565	1	1.54136674664534	0.907431973339373	2112	106
rice_rhizo	ancombc2	raw	real_depth	84	2877	1461	0.507820646506778	1	1.65677783626011	1.01214824982841	2112	106
rice_rhizo	ancombc2	raw	real_depth	85	2907	1559	0.536291709666323	1	1.614059808987	0.991828361973299	2112	106
rice_rhizo	ancombc2	raw	real_depth	86	2926	1489	0.508885850991114	1	1.68429111440739	0.950810393619758	2112	106
rice_rhizo	ancombc2	raw	real_depth	87	2921	1578	0.540225950017117	1	1.55199260167323	0.897527446601025	2112	106
rice_rhizo	ancombc2	raw	real_depth	88	2983	1517	0.508548441166611	1	1.53847862792144	0.942865307357415	16016	106
rice_rhizo	ancombc2	raw	real_depth	89	2888	1464	0.506925207756233	1	1.62859432450269	1.07728423815597	2112	106
rice_rhizo	ancombc2	raw	real_depth	90	2859	1490	0.521161245190626	1	1.69095300628459	1.21127419449155	16016	106
rice_rhizo	ancombc2	raw	real_depth	91	2852	1435	0.503155680224404	1	1.53510175064427	1.10496797771104	2112	106
rice_rhizo	ancombc2	raw	real_depth	92	2808	1450	0.516381766381766	1	1.67229078287698	1.19585993422325	2112	106
rice_rhizo	ancombc2	raw	real_depth	93	2886	1459	0.505544005544006	1	1.67229078287698	1.07565754255737	2112	106
rice_rhizo	ancombc2	raw	real_depth	94	2811	1445	0.514051938811811	1	1.81544108008913	1.04281798245614	2112	106
rice_rhizo	ancombc2	raw	real_depth	95	2930	1473	0.502730375426621	1	1.69095300628459	0.997236839789507	16016	106
rice_rhizo	ancombc2	raw	real_depth	96	2921	1519	0.520027387880863	1	1.89039192554725	1.06388761427412	2112	106
rice_rhizo	ancombc2	raw	real_depth	97	2936	1513	0.515326975476839	1	1.55181283410499	1.06123978444738	2112	106
rice_rhizo	ancombc2	raw	real_depth	98	2937	1503	0.511746680286006	1	1.74937737580286	0.98905792241714	2112	106
rice_rhizo	ancombc2	raw	real_depth	99	2850	1443	0.506315789473684	1	1.68429111440739	0.942880697208809	2112	106
rice_rhizo	ancombc2	raw	real_depth	100	2922	1608	0.550308008213552	1	1.69583059750492	1.17903874269006	2112	106
rice_rhizo	ancombc2	raw	real_perm	1	2818	1098	0.389638041163946	1	1.61417759352102	1.18550976978139	2112	106
rice_rhizo	ancombc2	raw	real_perm	2	2830	1173	0.414487632508834	1	1.68429111440739	1.01386460154884	16016	106
rice_rhizo	ancombc2	raw	real_perm	3	2921	1222	0.418349880178021	1	1.61287621417293	0.986324996920044	2112	106
rice_rhizo	ancombc2	raw	real_perm	4	2972	1231	0.414199192462988	1	1.62859432450269	0.843518986928638	2112	106
rice_rhizo	ancombc2	raw	real_perm	5	2991	1291	0.431628217987295	1	1.53847862792144	1.18120191941504	2112	106
rice_rhizo	ancombc2	raw	real_perm	6	2890	1041	0.360207612456747	1	1.83312196153033	0.834972272375548	2112	106
rice_rhizo	ancombc2	raw	real_perm	7	2856	997	0.349089635854342	1	1.57278212501178	1.12749081060166	20321	106
rice_rhizo	ancombc2	raw	real_perm	8	2912	1160	0.398351648351648	1	1.72647016603665	0.975434247447882	2112	106
rice_rhizo	ancombc2	raw	real_perm	9	2883	1096	0.380159556018037	1	1.57808465006347	0.943232924580192	2112	106
rice_rhizo	ancombc2	raw	real_perm	10	2802	1219	0.435046395431834	1	1.69095300628459	0.960568251169729	16016	106
rice_rhizo	ancombc2	raw	real_perm	11	2799	1090	0.389424794569489	1	1.75517504405692	0.937059015088468	2112	106
rice_rhizo	ancombc2	raw	real_perm	12	2909	1329	0.456858026813338	1	1.70446403318563	0.964760970235329	2112	106
rice_rhizo	ancombc2	raw	real_perm	13	2974	1092	0.367182246133154	1	1.68429111440739	1.04160314038869	2112	106
rice_rhizo	ancombc2	raw	real_perm	14	2838	1195	0.42107117688513	1	1.69956161025738	0.88355191167584	2112	106
rice_rhizo	ancombc2	raw	real_perm	15	2857	1149	0.402170108505425	1	1.58892712359762	0.843146244023839	2112	106
rice_rhizo	ancombc2	raw	real_perm	16	2941	1247	0.42400544032642	1	1.63217686433487	1.10612003960698	2112	106
rice_rhizo	ancombc2	raw	real_perm	17	2975	1222	0.410756302521008	1	1.55931602728803	1.07312805526995	20321	106
rice_rhizo	ancombc2	raw	real_perm	18	3000	1150	0.383333333333333	1	1.69221930400525	0.939948906804685	2112	106
rice_rhizo	ancombc2	raw	real_perm	19	2831	1158	0.40904274108089	1	1.81884912832612	1.07799707602339	2112	106
rice_rhizo	ancombc2	raw	real_perm	20	2886	1241	0.43000693000693	1	1.55181283410499	0.976433410095645	2112	106
rice_rhizo	ancombc2	raw	real_perm	21	2846	1234	0.433591004919185	1	1.59648787023303	1.03560222491621	2112	106
rice_rhizo	ancombc2	raw	real_perm	22	2902	1121	0.386285320468642	1	1.65928160648628	0.919627749576988	2112	106
rice_rhizo	ancombc2	raw	real_perm	23	2910	1152	0.395876288659794	1	1.62034518337867	0.931312296648247	20321	106
rice_rhizo	ancombc2	raw	real_perm	24	2880	1231	0.427430555555556	1	1.60641631315079	1.03236603104534	2112	106
rice_rhizo	ancombc2	raw	real_perm	25	2816	1075	0.381747159090909	1	1.66549363671423	0.870635894505051	2112	106
rice_rhizo	ancombc2	raw	real_perm	26	2992	1273	0.425467914438503	1	1.54136674664534	1.11831964395557	2112	106
rice_rhizo	ancombc2	raw	real_perm	27	2982	1088	0.36485580147552	1	1.62859432450269	0.845922683695634	16016	106
rice_rhizo	ancombc2	raw	real_perm	28	3033	1264	0.416749093306957	1	1.63524087866503	1.04702652281807	16016	106
rice_rhizo	ancombc2	raw	real_perm	29	2829	1056	0.373276776246023	1	1.70083435467144	0.942865307357415	2112	106
rice_rhizo	ancombc2	raw	real_perm	30	2931	1127	0.384510406004777	1	1.61417759352102	1.2370494585421	2112	106
rice_rhizo	ancombc2	raw	real_perm	31	2896	1134	0.391574585635359	1	1.63524087866503	1.19445256612674	2112	106
rice_rhizo	ancombc2	raw	real_perm	32	2847	1108	0.389181594661047	1	1.73806883918241	0.930516600352227	2112	106
rice_rhizo	ancombc2	raw	real_perm	33	2888	1220	0.422437673130194	1	1.60199502354928	0.950810393619758	16016	106
rice_rhizo	ancombc2	raw	real_perm	34	2965	1088	0.366947723440135	1	1.58892712359762	1.0865831365679	2112	106
rice_rhizo	ancombc2	raw	real_perm	35	2924	1165	0.398426812585499	1	1.59836537609639	0.96322980945277	2112	106
rice_rhizo	ancombc2	raw	real_perm	36	2883	1083	0.375650364203954	1	1.57841519751108	0.927862104450733	2112	106
rice_rhizo	ancombc2	raw	real_perm	37	2852	1071	0.375525946704067	1	1.74308233706132	1.17061519341308	2112	106
rice_rhizo	ancombc2	raw	real_perm	38	2965	1225	0.413153456998314	1	1.62034518337867	1.08718932748538	2112	106
rice_rhizo	ancombc2	raw	real_perm	39	2990	1078	0.360535117056856	1	1.59836537609639	0.996722717913521	16016	106
rice_rhizo	ancombc2	raw	real_perm	40	2844	1127	0.396272855133615	1	1.65677783626011	1.09966912512246	2112	106
rice_rhizo	ancombc2	raw	real_perm	41	2915	1192	0.408919382504288	1	1.62390957696276	0.995724024323993	2112	106
rice_rhizo	ancombc2	raw	real_perm	42	2979	1090	0.365894595501846	1	1.72517823819322	0.85982753693836	2112	106
rice_rhizo	ancombc2	raw	real_perm	43	2804	1132	0.403708987161198	1	1.58087890441797	0.954345917471466	2112	106
rice_rhizo	ancombc2	raw	real_perm	44	2988	1188	0.397590361445783	1	1.81884912832612	1.02855529278882	2112	106
rice_rhizo	ancombc2	raw	real_perm	45	2954	1224	0.414353419092756	1	1.62492768993444	1.09867095510083	16016	106
rice_rhizo	ancombc2	raw	real_perm	46	2885	1030	0.357019064124783	1	1.74062131340936	1.13934939005317	2112	106
rice_rhizo	ancombc2	raw	real_perm	47	3077	1160	0.376990575235619	1	1.62381176049565	0.97377038443906	16016	106
rice_rhizo	ancombc2	raw	real_perm	48	2854	1065	0.373160476524177	1	1.62695807147547	1.14787874171681	2112	106
rice_rhizo	ancombc2	raw	real_perm	49	2834	1033	0.364502470007057	1	1.72647016603665	0.948421413864104	2112	106
rice_rhizo	ancombc2	raw	real_perm	50	2835	1067	0.37636684303351	1	1.57462703258852	1.0154762519582	2112	106
rice_rhizo	ancombc2	raw	real_perm	51	2877	1246	0.4330900243309	1	1.69956161025738	0.9847596121245	2112	106
rice_rhizo	ancombc2	raw	real_perm	52	2895	1284	0.443523316062176	1	1.614059808987	0.94871711117281	2112	106
rice_rhizo	ancombc2	raw	real_perm	53	2773	1083	0.390551749008294	1	1.74937737580286	1.02933059148222	2112	106
rice_rhizo	ancombc2	raw	real_perm	54	2902	1135	0.391109579600276	1	1.54136674664534	1.1112209240761	2112	106
rice_rhizo	ancombc2	raw	real_perm	55	2935	1169	0.398296422487223	1	1.69956161025738	0.992445782929825	2112	106
rice_rhizo	ancombc2	raw	real_perm	56	2856	1108	0.387955182072829	1	1.69956161025738	0.997236839789507	2112	106
rice_rhizo	ancombc2	raw	real_perm	57	2981	1176	0.39449849043945	1	1.60319470363459	1.03945304143193	2112	106
rice_rhizo	ancombc2	raw	real_perm	58	2846	1172	0.411806043569923	1	1.63524087866503	0.927646300942565	2112	106
rice_rhizo	ancombc2	raw	real_perm	59	2878	1202	0.417651146629604	1	1.62859432450269	1.05162946587749	2112	106
rice_rhizo	ancombc2	raw	real_perm	60	2925	1147	0.392136752136752	1	1.65677783626011	1.08620248538012	2112	106
rice_rhizo	ancombc2	raw	real_perm	61	2872	1065	0.370821727019499	1	1.69956161025738	0.967366243981827	2112	106
rice_rhizo	ancombc2	raw	real_perm	62	2921	1237	0.423485107839781	1	1.63217686433487	1.08885402552949	2112	106
rice_rhizo	ancombc2	raw	real_perm	63	2958	1285	0.434415145368492	1	1.54068367838228	1.08148318096784	23595	106
rice_rhizo	ancombc2	raw	real_perm	64	2949	1203	0.40793489318413	1	1.65988803292024	0.910190622003129	2112	106
rice_rhizo	ancombc2	raw	real_perm	65	2906	1068	0.367515485203028	1	1.65988803292024	0.89369416452988	2112	106
rice_rhizo	ancombc2	raw	real_perm	66	2916	1125	0.385802469135802	1	1.61287621417293	0.948057410230798	2112	106
rice_rhizo	ancombc2	raw	real_perm	67	2960	1198	0.40472972972973	1	1.90323764582514	1.14663857002902	2112	106
rice_rhizo	ancombc2	raw	real_perm	68	2864	1099	0.38372905027933	1	1.63524087866503	1.10864059051272	2112	106
rice_rhizo	ancombc2	raw	real_perm	69	2996	1109	0.370160213618158	1	1.63524087866503	1.01296085003209	2112	106
rice_rhizo	ancombc2	raw	real_perm	70	2811	1150	0.409107079331199	1	1.75517504405692	1.08924965045829	2112	106
rice_rhizo	ancombc2	raw	real_perm	71	2961	1122	0.378926038500507	1	1.65677783626011	1.00277081642018	20321	106
rice_rhizo	ancombc2	raw	real_perm	72	2830	1397	0.493639575971731	1	1.68429111440739	1.27301119622864	2112	106
rice_rhizo	ancombc2	raw	real_perm	73	2886	1045	0.362092862092862	1	1.61287621417293	0.927646300942565	16016	106
rice_rhizo	ancombc2	raw	real_perm	74	2933	1187	0.404705080122741	1	1.65677783626011	0.939801315521801	16016	106
rice_rhizo	ancombc2	raw	real_perm	75	3001	1104	0.367877374208597	1	1.61417759352102	0.954345917471466	2112	106
rice_rhizo	ancombc2	raw	real_perm	76	2957	1218	0.411903956712885	1	1.55931602728803	0.978698224852071	2112	106
rice_rhizo	ancombc2	raw	real_perm	77	2795	1095	0.391771019677996	1	1.58892712359762	0.997059725454119	2112	106
rice_rhizo	ancombc2	raw	real_perm	78	2946	1065	0.361507128309572	1	1.73806883918241	0.976433410095645	2112	106
rice_rhizo	ancombc2	raw	real_perm	79	2871	1154	0.401950539881574	1	1.74308233706132	0.931312296648247	2112	106
rice_rhizo	ancombc2	raw	real_perm	80	2927	1130	0.386060813119235	1	1.68429111440739	1.09158168722813	2112	106
rice_rhizo	ancombc2	raw	real_perm	81	2939	1158	0.394011568560735	1	1.53510175064427	0.872114392571576	2112	106
rice_rhizo	ancombc2	raw	real_perm	82	2988	1083	0.362449799196787	1	1.72647016603665	0.844207810024661	16016	106
rice_rhizo	ancombc2	raw	real_perm	83	2875	1158	0.402782608695652	1	1.54136674664534	0.907431973339373	2112	106
rice_rhizo	ancombc2	raw	real_perm	84	2877	1097	0.381299965241571	1	1.65677783626011	1.01214824982841	2112	106
rice_rhizo	ancombc2	raw	real_perm	85	2907	1142	0.392844857241142	1	1.614059808987	0.991828361973299	2112	106
rice_rhizo	ancombc2	raw	real_perm	86	2926	1134	0.38755980861244	1	1.68429111440739	0.950810393619758	2112	106
rice_rhizo	ancombc2	raw	real_perm	87	2921	1098	0.375898664840808	1	1.55199260167323	0.897527446601025	2112	106
rice_rhizo	ancombc2	raw	real_perm	88	2983	1231	0.4126718069058	1	1.53847862792144	0.942865307357415	16016	106
rice_rhizo	ancombc2	raw	real_perm	89	2888	1033	0.357686980609418	1	1.62859432450269	1.07728423815597	2112	106
rice_rhizo	ancombc2	raw	real_perm	90	2859	1127	0.39419377404687	1	1.69095300628459	1.21127419449155	16016	106
rice_rhizo	ancombc2	raw	real_perm	91	2852	1100	0.385694249649369	1	1.53510175064427	1.10496797771104	2112	106
rice_rhizo	ancombc2	raw	real_perm	92	2808	1303	0.464031339031339	1	1.67229078287698	1.19585993422325	2112	106
rice_rhizo	ancombc2	raw	real_perm	93	2886	1179	0.408523908523909	1	1.67229078287698	1.07565754255737	2112	106
rice_rhizo	ancombc2	raw	real_perm	94	2811	1099	0.390964069726076	1	1.81544108008913	1.04281798245614	2112	106
rice_rhizo	ancombc2	raw	real_perm	95	2930	1222	0.417064846416382	1	1.69095300628459	0.997236839789507	16016	106
rice_rhizo	ancombc2	raw	real_perm	96	2921	1175	0.402259500171174	1	1.89039192554725	1.06388761427412	2112	106
rice_rhizo	ancombc2	raw	real_perm	97	2936	1224	0.416893732970027	1	1.55181283410499	1.06123978444738	2112	106
rice_rhizo	ancombc2	raw	real_perm	98	2937	1073	0.365338781069118	1	1.74937737580286	0.98905792241714	2112	106
rice_rhizo	ancombc2	raw	real_perm	99	2850	1056	0.370526315789474	1	1.68429111440739	0.942880697208809	2112	106
rice_rhizo	ancombc2	raw	real_perm	100	2922	1102	0.377138945927447	1	1.69583059750492	1.17903874269006	2112	106
rice_rhizo	maaslin3	rarefied	real_depth	1	2818	5	0.00177430801987225	1	1.61417759352102	1.18550976978139	2112	106
rice_rhizo	maaslin3	rarefied	real_depth	2	2830	5	0.00176678445229682	1	1.68429111440739	1.01386460154884	16016	106
rice_rhizo	maaslin3	rarefied	real_depth	3	2921	3	0.00102704553235193	1	1.61287621417293	0.986324996920044	2112	106
rice_rhizo	maaslin3	rarefied	real_depth	4	2972	14	0.00471063257065949	1	1.62859432450269	0.843518986928638	2112	106
rice_rhizo	maaslin3	rarefied	real_depth	5	2991	4	0.00133734536944166	1	1.53847862792144	1.18120191941504	2112	106
rice_rhizo	maaslin3	rarefied	real_depth	6	2890	1	0.000346020761245675	1	1.83312196153033	0.834972272375548	2112	106
rice_rhizo	maaslin3	rarefied	real_depth	7	2856	0	0	0	1.57278212501178	1.12749081060166	20321	106
rice_rhizo	maaslin3	rarefied	real_depth	8	2912	5	0.00171703296703297	1	1.72647016603665	0.975434247447882	2112	106
rice_rhizo	maaslin3	rarefied	real_depth	9	2883	2	0.000693721817551162	1	1.57808465006347	0.943232924580192	2112	106
rice_rhizo	maaslin3	rarefied	real_depth	10	2802	5	0.00178443968593862	1	1.69095300628459	0.960568251169729	16016	106
rice_rhizo	maaslin3	rarefied	real_depth	11	2799	2	0.000714540907466952	1	1.75517504405692	0.937059015088468	2112	106
rice_rhizo	maaslin3	rarefied	real_depth	12	2909	5	0.00171880371261602	1	1.70446403318563	0.964760970235329	2112	106
rice_rhizo	maaslin3	rarefied	real_depth	13	2974	1	0.000336247478143914	1	1.68429111440739	1.04160314038869	2112	106
rice_rhizo	maaslin3	rarefied	real_depth	14	2838	4	0.00140944326990839	1	1.69956161025738	0.88355191167584	2112	106
rice_rhizo	maaslin3	rarefied	real_depth	15	2857	6	0.00210010500525026	1	1.58892712359762	0.843146244023839	2112	106
rice_rhizo	maaslin3	rarefied	real_depth	16	2941	5	0.00170010200612037	1	1.63217686433487	1.10612003960698	2112	106
rice_rhizo	maaslin3	rarefied	real_depth	17	2975	7	0.00235294117647059	1	1.55931602728803	1.07312805526995	20321	106
rice_rhizo	maaslin3	rarefied	real_depth	18	3000	2	0.000666666666666667	1	1.69221930400525	0.939948906804685	2112	106
rice_rhizo	maaslin3	rarefied	real_depth	19	2831	4	0.00141292829388909	1	1.81884912832612	1.07799707602339	2112	106
rice_rhizo	maaslin3	rarefied	real_depth	20	2886	2	0.000693000693000693	1	1.55181283410499	0.976433410095645	2112	106
rice_rhizo	maaslin3	rarefied	real_depth	21	2846	3	0.00105411103302881	1	1.59648787023303	1.03560222491621	2112	106
rice_rhizo	maaslin3	rarefied	real_depth	22	2902	4	0.00137835975189524	1	1.65928160648628	0.919627749576988	2112	106
rice_rhizo	maaslin3	rarefied	real_depth	23	2910	1	0.000343642611683849	1	1.62034518337867	0.931312296648247	20321	106
rice_rhizo	maaslin3	rarefied	real_depth	24	2880	0	0	0	1.60641631315079	1.03236603104534	2112	106
rice_rhizo	maaslin3	rarefied	real_depth	25	2816	6	0.00213068181818182	1	1.66549363671423	0.870635894505051	2112	106
rice_rhizo	maaslin3	rarefied	real_depth	26	2992	8	0.00267379679144385	1	1.54136674664534	1.11831964395557	2112	106
rice_rhizo	maaslin3	rarefied	real_depth	27	2982	1	0.000335345405767941	1	1.62859432450269	0.845922683695634	16016	106
rice_rhizo	maaslin3	rarefied	real_depth	28	3033	15	0.00494559841740851	1	1.63524087866503	1.04702652281807	16016	106
rice_rhizo	maaslin3	rarefied	real_depth	29	2829	10	0.00353481795687522	1	1.70083435467144	0.942865307357415	2112	106
rice_rhizo	maaslin3	rarefied	real_depth	30	2931	8	0.0027294438758103	1	1.61417759352102	1.2370494585421	2112	106
rice_rhizo	maaslin3	rarefied	real_depth	31	2896	6	0.00207182320441989	1	1.63524087866503	1.19445256612674	2112	106
rice_rhizo	maaslin3	rarefied	real_depth	32	2847	9	0.00316122233930453	1	1.73806883918241	0.930516600352227	2112	106
rice_rhizo	maaslin3	rarefied	real_depth	33	2888	2	0.000692520775623269	1	1.60199502354928	0.950810393619758	16016	106
rice_rhizo	maaslin3	rarefied	real_depth	34	2965	3	0.00101180438448567	1	1.58892712359762	1.0865831365679	2112	106
rice_rhizo	maaslin3	rarefied	real_depth	35	2924	6	0.00205198358413133	1	1.59836537609639	0.96322980945277	2112	106
rice_rhizo	maaslin3	rarefied	real_depth	36	2883	1	0.000346860908775581	1	1.57841519751108	0.927862104450733	2112	106
rice_rhizo	maaslin3	rarefied	real_depth	37	2852	0	0	0	1.74308233706132	1.17061519341308	2112	106
rice_rhizo	maaslin3	rarefied	real_depth	38	2965	1	0.000337268128161889	1	1.62034518337867	1.08718932748538	2112	106
rice_rhizo	maaslin3	rarefied	real_depth	39	2990	3	0.00100334448160535	1	1.59836537609639	0.996722717913521	16016	106
rice_rhizo	maaslin3	rarefied	real_depth	40	2844	2	0.00070323488045007	1	1.65677783626011	1.09966912512246	2112	106
rice_rhizo	maaslin3	rarefied	real_depth	41	2915	6	0.00205831903945111	1	1.62390957696276	0.995724024323993	2112	106
rice_rhizo	maaslin3	rarefied	real_depth	42	2979	7	0.00234978180597516	1	1.72517823819322	0.85982753693836	2112	106
rice_rhizo	maaslin3	rarefied	real_depth	43	2804	0	0	0	1.58087890441797	0.954345917471466	2112	106
rice_rhizo	maaslin3	rarefied	real_depth	44	2988	1	0.000334672021419009	1	1.81884912832612	1.02855529278882	2112	106
rice_rhizo	maaslin3	rarefied	real_depth	45	2954	2	0.000677048070412999	1	1.62492768993444	1.09867095510083	16016	106
rice_rhizo	maaslin3	rarefied	real_depth	46	2885	7	0.0024263431542461	1	1.74062131340936	1.13934939005317	2112	106
rice_rhizo	maaslin3	rarefied	real_depth	47	3077	11	0.00357491062723432	1	1.62381176049565	0.97377038443906	16016	106
rice_rhizo	maaslin3	rarefied	real_depth	48	2854	3	0.00105115627189909	1	1.62695807147547	1.14787874171681	2112	106
rice_rhizo	maaslin3	rarefied	real_depth	49	2834	10	0.00352858151023289	1	1.72647016603665	0.948421413864104	2112	106
rice_rhizo	maaslin3	rarefied	real_depth	50	2835	2	0.000705467372134039	1	1.57462703258852	1.0154762519582	2112	106
rice_rhizo	maaslin3	rarefied	real_depth	51	2877	11	0.00382342718109141	1	1.69956161025738	0.9847596121245	2112	106
rice_rhizo	maaslin3	rarefied	real_depth	52	2895	9	0.00310880829015544	1	1.614059808987	0.94871711117281	2112	106
rice_rhizo	maaslin3	rarefied	real_depth	53	2773	6	0.00216372160115399	1	1.74937737580286	1.02933059148222	2112	106
rice_rhizo	maaslin3	rarefied	real_depth	54	2902	1	0.000344589937973811	1	1.54136674664534	1.1112209240761	2112	106
rice_rhizo	maaslin3	rarefied	real_depth	55	2935	1	0.000340715502555366	1	1.69956161025738	0.992445782929825	2112	106
rice_rhizo	maaslin3	rarefied	real_depth	56	2856	5	0.00175070028011204	1	1.69956161025738	0.997236839789507	2112	106
rice_rhizo	maaslin3	rarefied	real_depth	57	2981	0	0	0	1.60319470363459	1.03945304143193	2112	106
rice_rhizo	maaslin3	rarefied	real_depth	58	2846	1	0.000351370344342937	1	1.63524087866503	0.927646300942565	2112	106
rice_rhizo	maaslin3	rarefied	real_depth	59	2878	5	0.00173731758165393	1	1.62859432450269	1.05162946587749	2112	106
rice_rhizo	maaslin3	rarefied	real_depth	60	2925	0	0	0	1.65677783626011	1.08620248538012	2112	106
rice_rhizo	maaslin3	rarefied	real_depth	61	2872	3	0.00104456824512535	1	1.69956161025738	0.967366243981827	2112	106
rice_rhizo	maaslin3	rarefied	real_depth	62	2921	5	0.00171174255391989	1	1.63217686433487	1.08885402552949	2112	106
rice_rhizo	maaslin3	rarefied	real_depth	63	2958	16	0.00540906017579446	1	1.54068367838228	1.08148318096784	23595	106
rice_rhizo	maaslin3	rarefied	real_depth	64	2949	9	0.00305188199389624	1	1.65988803292024	0.910190622003129	2112	106
rice_rhizo	maaslin3	rarefied	real_depth	65	2906	4	0.00137646249139711	1	1.65988803292024	0.89369416452988	2112	106
rice_rhizo	maaslin3	rarefied	real_depth	66	2916	1	0.000342935528120713	1	1.61287621417293	0.948057410230798	2112	106
rice_rhizo	maaslin3	rarefied	real_depth	67	2960	10	0.00337837837837838	1	1.90323764582514	1.14663857002902	2112	106
rice_rhizo	maaslin3	rarefied	real_depth	68	2864	12	0.00418994413407821	1	1.63524087866503	1.10864059051272	2112	106
rice_rhizo	maaslin3	rarefied	real_depth	69	2996	4	0.00133511348464619	1	1.63524087866503	1.01296085003209	2112	106
rice_rhizo	maaslin3	rarefied	real_depth	70	2811	3	0.00106723585912487	1	1.75517504405692	1.08924965045829	2112	106
rice_rhizo	maaslin3	rarefied	real_depth	71	2961	10	0.00337723741979061	1	1.65677783626011	1.00277081642018	20321	106
rice_rhizo	maaslin3	rarefied	real_depth	72	2830	6	0.00212014134275618	1	1.68429111440739	1.27301119622864	2112	106
rice_rhizo	maaslin3	rarefied	real_depth	73	2886	1	0.000346500346500347	1	1.61287621417293	0.927646300942565	16016	106
rice_rhizo	maaslin3	rarefied	real_depth	74	2933	9	0.00306853051483123	1	1.65677783626011	0.939801315521801	16016	106
rice_rhizo	maaslin3	rarefied	real_depth	75	3001	3	0.000999666777740753	1	1.61417759352102	0.954345917471466	2112	106
rice_rhizo	maaslin3	rarefied	real_depth	76	2957	1	0.000338180588434224	1	1.55931602728803	0.978698224852071	2112	106
rice_rhizo	maaslin3	rarefied	real_depth	77	2795	0	0	0	1.58892712359762	0.997059725454119	2112	106
rice_rhizo	maaslin3	rarefied	real_depth	78	2946	6	0.00203665987780041	1	1.73806883918241	0.976433410095645	2112	106
rice_rhizo	maaslin3	rarefied	real_depth	79	2871	1	0.000348310693138279	1	1.74308233706132	0.931312296648247	2112	106
rice_rhizo	maaslin3	rarefied	real_depth	80	2927	3	0.00102494021182098	1	1.68429111440739	1.09158168722813	2112	106
rice_rhizo	maaslin3	rarefied	real_depth	81	2939	8	0.00272201429057503	1	1.53510175064427	0.872114392571576	2112	106
rice_rhizo	maaslin3	rarefied	real_depth	82	2988	8	0.00267737617135207	1	1.72647016603665	0.844207810024661	16016	106
rice_rhizo	maaslin3	rarefied	real_depth	83	2875	3	0.00104347826086957	1	1.54136674664534	0.907431973339373	2112	106
rice_rhizo	maaslin3	rarefied	real_depth	84	2877	2	0.000695168578380257	1	1.65677783626011	1.01214824982841	2112	106
rice_rhizo	maaslin3	rarefied	real_depth	85	2907	5	0.00171998624011008	1	1.614059808987	0.991828361973299	2112	106
rice_rhizo	maaslin3	rarefied	real_depth	86	2926	1	0.000341763499658237	1	1.68429111440739	0.950810393619758	2112	106
rice_rhizo	maaslin3	rarefied	real_depth	87	2921	5	0.00171174255391989	1	1.55199260167323	0.897527446601025	2112	106
rice_rhizo	maaslin3	rarefied	real_depth	88	2983	7	0.00234663090848139	1	1.53847862792144	0.942865307357415	16016	106
rice_rhizo	maaslin3	rarefied	real_depth	89	2888	3	0.0010387811634349	1	1.62859432450269	1.07728423815597	2112	106
rice_rhizo	maaslin3	rarefied	real_depth	90	2859	9	0.00314795383001049	1	1.69095300628459	1.21127419449155	16016	106
rice_rhizo	maaslin3	rarefied	real_depth	91	2852	6	0.00210378681626928	1	1.53510175064427	1.10496797771104	2112	106
rice_rhizo	maaslin3	rarefied	real_depth	92	2808	1	0.000356125356125356	1	1.67229078287698	1.19585993422325	2112	106
rice_rhizo	maaslin3	rarefied	real_depth	93	2886	5	0.00173250173250173	1	1.67229078287698	1.07565754255737	2112	106
rice_rhizo	maaslin3	rarefied	real_depth	94	2811	1	0.000355745286374956	1	1.81544108008913	1.04281798245614	2112	106
rice_rhizo	maaslin3	rarefied	real_depth	95	2930	8	0.00273037542662116	1	1.69095300628459	0.997236839789507	16016	106
rice_rhizo	maaslin3	rarefied	real_depth	96	2921	2	0.000684697021567956	1	1.89039192554725	1.06388761427412	2112	106
rice_rhizo	maaslin3	rarefied	real_depth	97	2936	0	0	0	1.55181283410499	1.06123978444738	2112	106
rice_rhizo	maaslin3	rarefied	real_depth	98	2937	1	0.000340483486550902	1	1.74937737580286	0.98905792241714	2112	106
rice_rhizo	maaslin3	rarefied	real_depth	99	2850	1	0.000350877192982456	1	1.68429111440739	0.942880697208809	2112	106
rice_rhizo	maaslin3	rarefied	real_depth	100	2922	5	0.00171115674195756	1	1.69583059750492	1.17903874269006	2112	106
rice_rhizo	maaslin3	rarefied	real_perm	1	2818	0	0	0	1.61417759352102	1.18550976978139	2112	106
rice_rhizo	maaslin3	rarefied	real_perm	2	2830	0	0	0	1.68429111440739	1.01386460154884	16016	106
rice_rhizo	maaslin3	rarefied	real_perm	3	2921	1	0.000342348510783978	1	1.61287621417293	0.986324996920044	2112	106
rice_rhizo	maaslin3	rarefied	real_perm	4	2972	0	0	0	1.62859432450269	0.843518986928638	2112	106
rice_rhizo	maaslin3	rarefied	real_perm	5	2991	0	0	0	1.53847862792144	1.18120191941504	2112	106
rice_rhizo	maaslin3	rarefied	real_perm	6	2890	0	0	0	1.83312196153033	0.834972272375548	2112	106
rice_rhizo	maaslin3	rarefied	real_perm	7	2856	0	0	0	1.57278212501178	1.12749081060166	20321	106
rice_rhizo	maaslin3	rarefied	real_perm	8	2912	0	0	0	1.72647016603665	0.975434247447882	2112	106
rice_rhizo	maaslin3	rarefied	real_perm	9	2883	2	0.000693721817551162	1	1.57808465006347	0.943232924580192	2112	106
rice_rhizo	maaslin3	rarefied	real_perm	10	2802	0	0	0	1.69095300628459	0.960568251169729	16016	106
rice_rhizo	maaslin3	rarefied	real_perm	11	2799	2	0.000714540907466952	1	1.75517504405692	0.937059015088468	2112	106
rice_rhizo	maaslin3	rarefied	real_perm	12	2909	3	0.00103128222756961	1	1.70446403318563	0.964760970235329	2112	106
rice_rhizo	maaslin3	rarefied	real_perm	13	2974	3	0.00100874243443174	1	1.68429111440739	1.04160314038869	2112	106
rice_rhizo	maaslin3	rarefied	real_perm	14	2838	0	0	0	1.69956161025738	0.88355191167584	2112	106
rice_rhizo	maaslin3	rarefied	real_perm	15	2857	0	0	0	1.58892712359762	0.843146244023839	2112	106
rice_rhizo	maaslin3	rarefied	real_perm	16	2941	0	0	0	1.63217686433487	1.10612003960698	2112	106
rice_rhizo	maaslin3	rarefied	real_perm	17	2975	0	0	0	1.55931602728803	1.07312805526995	20321	106
rice_rhizo	maaslin3	rarefied	real_perm	18	3000	0	0	0	1.69221930400525	0.939948906804685	2112	106
rice_rhizo	maaslin3	rarefied	real_perm	19	2831	0	0	0	1.81884912832612	1.07799707602339	2112	106
rice_rhizo	maaslin3	rarefied	real_perm	20	2886	1	0.000346500346500347	1	1.55181283410499	0.976433410095645	2112	106
rice_rhizo	maaslin3	rarefied	real_perm	21	2846	0	0	0	1.59648787023303	1.03560222491621	2112	106
rice_rhizo	maaslin3	rarefied	real_perm	22	2902	1	0.000344589937973811	1	1.65928160648628	0.919627749576988	2112	106
rice_rhizo	maaslin3	rarefied	real_perm	23	2910	0	0	0	1.62034518337867	0.931312296648247	20321	106
rice_rhizo	maaslin3	rarefied	real_perm	24	2880	0	0	0	1.60641631315079	1.03236603104534	2112	106
rice_rhizo	maaslin3	rarefied	real_perm	25	2816	4	0.00142045454545455	1	1.66549363671423	0.870635894505051	2112	106
rice_rhizo	maaslin3	rarefied	real_perm	26	2992	4	0.00133689839572193	1	1.54136674664534	1.11831964395557	2112	106
rice_rhizo	maaslin3	rarefied	real_perm	27	2982	0	0	0	1.62859432450269	0.845922683695634	16016	106
rice_rhizo	maaslin3	rarefied	real_perm	28	3033	0	0	0	1.63524087866503	1.04702652281807	16016	106
rice_rhizo	maaslin3	rarefied	real_perm	29	2829	1	0.000353481795687522	1	1.70083435467144	0.942865307357415	2112	106
rice_rhizo	maaslin3	rarefied	real_perm	30	2931	2	0.000682360968952576	1	1.61417759352102	1.2370494585421	2112	106
rice_rhizo	maaslin3	rarefied	real_perm	31	2896	4	0.00138121546961326	1	1.63524087866503	1.19445256612674	2112	106
rice_rhizo	maaslin3	rarefied	real_perm	32	2847	0	0	0	1.73806883918241	0.930516600352227	2112	106
rice_rhizo	maaslin3	rarefied	real_perm	33	2888	0	0	0	1.60199502354928	0.950810393619758	16016	106
rice_rhizo	maaslin3	rarefied	real_perm	34	2965	1	0.000337268128161889	1	1.58892712359762	1.0865831365679	2112	106
rice_rhizo	maaslin3	rarefied	real_perm	35	2924	0	0	0	1.59836537609639	0.96322980945277	2112	106
rice_rhizo	maaslin3	rarefied	real_perm	36	2883	2	0.000693721817551162	1	1.57841519751108	0.927862104450733	2112	106
rice_rhizo	maaslin3	rarefied	real_perm	37	2852	2	0.000701262272089762	1	1.74308233706132	1.17061519341308	2112	106
rice_rhizo	maaslin3	rarefied	real_perm	38	2965	2	0.000674536256323777	1	1.62034518337867	1.08718932748538	2112	106
rice_rhizo	maaslin3	rarefied	real_perm	39	2990	0	0	0	1.59836537609639	0.996722717913521	16016	106
rice_rhizo	maaslin3	rarefied	real_perm	40	2844	0	0	0	1.65677783626011	1.09966912512246	2112	106
rice_rhizo	maaslin3	rarefied	real_perm	41	2915	0	0	0	1.62390957696276	0.995724024323993	2112	106
rice_rhizo	maaslin3	rarefied	real_perm	42	2979	0	0	0	1.72517823819322	0.85982753693836	2112	106
rice_rhizo	maaslin3	rarefied	real_perm	43	2804	4	0.0014265335235378	1	1.58087890441797	0.954345917471466	2112	106
rice_rhizo	maaslin3	rarefied	real_perm	44	2988	5	0.00167336010709505	1	1.81884912832612	1.02855529278882	2112	106
rice_rhizo	maaslin3	rarefied	real_perm	45	2954	0	0	0	1.62492768993444	1.09867095510083	16016	106
rice_rhizo	maaslin3	rarefied	real_perm	46	2885	3	0.00103986135181976	1	1.74062131340936	1.13934939005317	2112	106
rice_rhizo	maaslin3	rarefied	real_perm	47	3077	0	0	0	1.62381176049565	0.97377038443906	16016	106
rice_rhizo	maaslin3	rarefied	real_perm	48	2854	2	0.000700770847932726	1	1.62695807147547	1.14787874171681	2112	106
rice_rhizo	maaslin3	rarefied	real_perm	49	2834	1	0.000352858151023289	1	1.72647016603665	0.948421413864104	2112	106
rice_rhizo	maaslin3	rarefied	real_perm	50	2835	5	0.0017636684303351	1	1.57462703258852	1.0154762519582	2112	106
rice_rhizo	maaslin3	rarefied	real_perm	51	2877	0	0	0	1.69956161025738	0.9847596121245	2112	106
rice_rhizo	maaslin3	rarefied	real_perm	52	2895	0	0	0	1.614059808987	0.94871711117281	2112	106
rice_rhizo	maaslin3	rarefied	real_perm	53	2773	0	0	0	1.74937737580286	1.02933059148222	2112	106
rice_rhizo	maaslin3	rarefied	real_perm	54	2902	1	0.000344589937973811	1	1.54136674664534	1.1112209240761	2112	106
rice_rhizo	maaslin3	rarefied	real_perm	55	2935	0	0	0	1.69956161025738	0.992445782929825	2112	106
rice_rhizo	maaslin3	rarefied	real_perm	56	2856	2	0.000700280112044818	1	1.69956161025738	0.997236839789507	2112	106
rice_rhizo	maaslin3	rarefied	real_perm	57	2981	0	0	0	1.60319470363459	1.03945304143193	2112	106
rice_rhizo	maaslin3	rarefied	real_perm	58	2846	0	0	0	1.63524087866503	0.927646300942565	2112	106
rice_rhizo	maaslin3	rarefied	real_perm	59	2878	0	0	0	1.62859432450269	1.05162946587749	2112	106
rice_rhizo	maaslin3	rarefied	real_perm	60	2925	1	0.000341880341880342	1	1.65677783626011	1.08620248538012	2112	106
rice_rhizo	maaslin3	rarefied	real_perm	61	2872	2	0.000696378830083565	1	1.69956161025738	0.967366243981827	2112	106
rice_rhizo	maaslin3	rarefied	real_perm	62	2921	1	0.000342348510783978	1	1.63217686433487	1.08885402552949	2112	106
rice_rhizo	maaslin3	rarefied	real_perm	63	2958	0	0	0	1.54068367838228	1.08148318096784	23595	106
rice_rhizo	maaslin3	rarefied	real_perm	64	2949	0	0	0	1.65988803292024	0.910190622003129	2112	106
rice_rhizo	maaslin3	rarefied	real_perm	65	2906	0	0	0	1.65988803292024	0.89369416452988	2112	106
rice_rhizo	maaslin3	rarefied	real_perm	66	2916	8	0.00274348422496571	1	1.61287621417293	0.948057410230798	2112	106
rice_rhizo	maaslin3	rarefied	real_perm	67	2960	1	0.000337837837837838	1	1.90323764582514	1.14663857002902	2112	106
rice_rhizo	maaslin3	rarefied	real_perm	68	2864	0	0	0	1.63524087866503	1.10864059051272	2112	106
rice_rhizo	maaslin3	rarefied	real_perm	69	2996	0	0	0	1.63524087866503	1.01296085003209	2112	106
rice_rhizo	maaslin3	rarefied	real_perm	70	2811	1	0.000355745286374956	1	1.75517504405692	1.08924965045829	2112	106
rice_rhizo	maaslin3	rarefied	real_perm	71	2961	0	0	0	1.65677783626011	1.00277081642018	20321	106
rice_rhizo	maaslin3	rarefied	real_perm	72	2830	2	0.000706713780918728	1	1.68429111440739	1.27301119622864	2112	106
rice_rhizo	maaslin3	rarefied	real_perm	73	2886	0	0	0	1.61287621417293	0.927646300942565	16016	106
rice_rhizo	maaslin3	rarefied	real_perm	74	2933	0	0	0	1.65677783626011	0.939801315521801	16016	106
rice_rhizo	maaslin3	rarefied	real_perm	75	3001	1	0.000333222259246918	1	1.61417759352102	0.954345917471466	2112	106
rice_rhizo	maaslin3	rarefied	real_perm	76	2957	3	0.00101454176530267	1	1.55931602728803	0.978698224852071	2112	106
rice_rhizo	maaslin3	rarefied	real_perm	77	2795	0	0	0	1.58892712359762	0.997059725454119	2112	106
rice_rhizo	maaslin3	rarefied	real_perm	78	2946	1	0.000339443312966735	1	1.73806883918241	0.976433410095645	2112	106
rice_rhizo	maaslin3	rarefied	real_perm	79	2871	0	0	0	1.74308233706132	0.931312296648247	2112	106
rice_rhizo	maaslin3	rarefied	real_perm	80	2927	1	0.000341646737273659	1	1.68429111440739	1.09158168722813	2112	106
rice_rhizo	maaslin3	rarefied	real_perm	81	2939	0	0	0	1.53510175064427	0.872114392571576	2112	106
rice_rhizo	maaslin3	rarefied	real_perm	82	2988	0	0	0	1.72647016603665	0.844207810024661	16016	106
rice_rhizo	maaslin3	rarefied	real_perm	83	2875	2	0.000695652173913044	1	1.54136674664534	0.907431973339373	2112	106
rice_rhizo	maaslin3	rarefied	real_perm	84	2877	0	0	0	1.65677783626011	1.01214824982841	2112	106
rice_rhizo	maaslin3	rarefied	real_perm	85	2907	0	0	0	1.614059808987	0.991828361973299	2112	106
rice_rhizo	maaslin3	rarefied	real_perm	86	2926	0	0	0	1.68429111440739	0.950810393619758	2112	106
rice_rhizo	maaslin3	rarefied	real_perm	87	2921	0	0	0	1.55199260167323	0.897527446601025	2112	106
rice_rhizo	maaslin3	rarefied	real_perm	88	2983	0	0	0	1.53847862792144	0.942865307357415	16016	106
rice_rhizo	maaslin3	rarefied	real_perm	89	2888	1	0.000346260387811634	1	1.62859432450269	1.07728423815597	2112	106
rice_rhizo	maaslin3	rarefied	real_perm	90	2859	0	0	0	1.69095300628459	1.21127419449155	16016	106
rice_rhizo	maaslin3	rarefied	real_perm	91	2852	0	0	0	1.53510175064427	1.10496797771104	2112	106
rice_rhizo	maaslin3	rarefied	real_perm	92	2808	0	0	0	1.67229078287698	1.19585993422325	2112	106
rice_rhizo	maaslin3	rarefied	real_perm	93	2886	0	0	0	1.67229078287698	1.07565754255737	2112	106
rice_rhizo	maaslin3	rarefied	real_perm	94	2811	0	0	0	1.81544108008913	1.04281798245614	2112	106
rice_rhizo	maaslin3	rarefied	real_perm	95	2930	0	0	0	1.69095300628459	0.997236839789507	16016	106
rice_rhizo	maaslin3	rarefied	real_perm	96	2921	3	0.00102704553235193	1	1.89039192554725	1.06388761427412	2112	106
rice_rhizo	maaslin3	rarefied	real_perm	97	2936	5	0.00170299727520436	1	1.55181283410499	1.06123978444738	2112	106
rice_rhizo	maaslin3	rarefied	real_perm	98	2937	2	0.000680966973101805	1	1.74937737580286	0.98905792241714	2112	106
rice_rhizo	maaslin3	rarefied	real_perm	99	2850	1	0.000350877192982456	1	1.68429111440739	0.942880697208809	2112	106
rice_rhizo	maaslin3	rarefied	real_perm	100	2922	3	0.00102669404517454	1	1.69583059750492	1.17903874269006	2112	106
rice_rhizo	maaslin3	raw	real_depth	1	2818	24	0.0085166784953868	1	1.61417759352102	1.18550976978139	2112	106
rice_rhizo	maaslin3	raw	real_depth	2	2830	8	0.00282685512367491	1	1.68429111440739	1.01386460154884	16016	106
rice_rhizo	maaslin3	raw	real_depth	3	2921	10	0.00342348510783978	1	1.61287621417293	0.986324996920044	2112	106
rice_rhizo	maaslin3	raw	real_depth	4	2972	13	0.00437415881561238	1	1.62859432450269	0.843518986928638	2112	106
rice_rhizo	maaslin3	raw	real_depth	5	2991	18	0.00601805416248746	1	1.53847862792144	1.18120191941504	2112	106
rice_rhizo	maaslin3	raw	real_depth	6	2890	1	0.000346020761245675	1	1.83312196153033	0.834972272375548	2112	106
rice_rhizo	maaslin3	raw	real_depth	7	2856	3	0.00105042016806723	1	1.57278212501178	1.12749081060166	20321	106
rice_rhizo	maaslin3	raw	real_depth	8	2912	8	0.00274725274725275	1	1.72647016603665	0.975434247447882	2112	106
rice_rhizo	maaslin3	raw	real_depth	9	2883	25	0.00867152271938952	1	1.57808465006347	0.943232924580192	2112	106
rice_rhizo	maaslin3	raw	real_depth	10	2802	8	0.00285510349750178	1	1.69095300628459	0.960568251169729	16016	106
rice_rhizo	maaslin3	raw	real_depth	11	2799	3	0.00107181136120043	1	1.75517504405692	0.937059015088468	2112	106
rice_rhizo	maaslin3	raw	real_depth	12	2909	11	0.00378136816775524	1	1.70446403318563	0.964760970235329	2112	106
rice_rhizo	maaslin3	raw	real_depth	13	2974	9	0.00302622730329523	1	1.68429111440739	1.04160314038869	2112	106
rice_rhizo	maaslin3	raw	real_depth	14	2838	2	0.000704721634954193	1	1.69956161025738	0.88355191167584	2112	106
rice_rhizo	maaslin3	raw	real_depth	15	2857	2	0.000700035001750087	1	1.58892712359762	0.843146244023839	2112	106
rice_rhizo	maaslin3	raw	real_depth	16	2941	4	0.00136008160489629	1	1.63217686433487	1.10612003960698	2112	106
rice_rhizo	maaslin3	raw	real_depth	17	2975	8	0.0026890756302521	1	1.55931602728803	1.07312805526995	20321	106
rice_rhizo	maaslin3	raw	real_depth	18	3000	38	0.0126666666666667	1	1.69221930400525	0.939948906804685	2112	106
rice_rhizo	maaslin3	raw	real_depth	19	2831	5	0.00176616036736136	1	1.81884912832612	1.07799707602339	2112	106
rice_rhizo	maaslin3	raw	real_depth	20	2886	1	0.000346500346500347	1	1.55181283410499	0.976433410095645	2112	106
rice_rhizo	maaslin3	raw	real_depth	21	2846	8	0.0028109627547435	1	1.59648787023303	1.03560222491621	2112	106
rice_rhizo	maaslin3	raw	real_depth	22	2902	14	0.00482425913163336	1	1.65928160648628	0.919627749576988	2112	106
rice_rhizo	maaslin3	raw	real_depth	23	2910	2	0.000687285223367698	1	1.62034518337867	0.931312296648247	20321	106
rice_rhizo	maaslin3	raw	real_depth	24	2880	1	0.000347222222222222	1	1.60641631315079	1.03236603104534	2112	106
rice_rhizo	maaslin3	raw	real_depth	25	2816	19	0.00674715909090909	1	1.66549363671423	0.870635894505051	2112	106
rice_rhizo	maaslin3	raw	real_depth	26	2992	27	0.00902406417112299	1	1.54136674664534	1.11831964395557	2112	106
rice_rhizo	maaslin3	raw	real_depth	27	2982	6	0.00201207243460765	1	1.62859432450269	0.845922683695634	16016	106
rice_rhizo	maaslin3	raw	real_depth	28	3033	25	0.00824266402901418	1	1.63524087866503	1.04702652281807	16016	106
rice_rhizo	maaslin3	raw	real_depth	29	2829	20	0.00706963591375044	1	1.70083435467144	0.942865307357415	2112	106
rice_rhizo	maaslin3	raw	real_depth	30	2931	18	0.00614124872057318	1	1.61417759352102	1.2370494585421	2112	106
rice_rhizo	maaslin3	raw	real_depth	31	2896	20	0.0069060773480663	1	1.63524087866503	1.19445256612674	2112	106
rice_rhizo	maaslin3	raw	real_depth	32	2847	33	0.0115911485774499	1	1.73806883918241	0.930516600352227	2112	106
rice_rhizo	maaslin3	raw	real_depth	33	2888	3	0.0010387811634349	1	1.60199502354928	0.950810393619758	16016	106
rice_rhizo	maaslin3	raw	real_depth	34	2965	0	0	0	1.58892712359762	1.0865831365679	2112	106
rice_rhizo	maaslin3	raw	real_depth	35	2924	6	0.00205198358413133	1	1.59836537609639	0.96322980945277	2112	106
rice_rhizo	maaslin3	raw	real_depth	36	2883	1	0.000346860908775581	1	1.57841519751108	0.927862104450733	2112	106
rice_rhizo	maaslin3	raw	real_depth	37	2852	7	0.00245441795231417	1	1.74308233706132	1.17061519341308	2112	106
rice_rhizo	maaslin3	raw	real_depth	38	2965	4	0.00134907251264755	1	1.62034518337867	1.08718932748538	2112	106
rice_rhizo	maaslin3	raw	real_depth	39	2990	6	0.0020066889632107	1	1.59836537609639	0.996722717913521	16016	106
rice_rhizo	maaslin3	raw	real_depth	40	2844	7	0.00246132208157525	1	1.65677783626011	1.09966912512246	2112	106
rice_rhizo	maaslin3	raw	real_depth	41	2915	4	0.00137221269296741	1	1.62390957696276	0.995724024323993	2112	106
rice_rhizo	maaslin3	raw	real_depth	42	2979	16	0.00537092984222894	1	1.72517823819322	0.85982753693836	2112	106
rice_rhizo	maaslin3	raw	real_depth	43	2804	2	0.000713266761768902	1	1.58087890441797	0.954345917471466	2112	106
rice_rhizo	maaslin3	raw	real_depth	44	2988	12	0.00401606425702811	1	1.81884912832612	1.02855529278882	2112	106
rice_rhizo	maaslin3	raw	real_depth	45	2954	2	0.000677048070412999	1	1.62492768993444	1.09867095510083	16016	106
rice_rhizo	maaslin3	raw	real_depth	46	2885	18	0.00623916811091854	1	1.74062131340936	1.13934939005317	2112	106
rice_rhizo	maaslin3	raw	real_depth	47	3077	18	0.00584985375365616	1	1.62381176049565	0.97377038443906	16016	106
rice_rhizo	maaslin3	raw	real_depth	48	2854	18	0.00630693763139453	1	1.62695807147547	1.14787874171681	2112	106
rice_rhizo	maaslin3	raw	real_depth	49	2834	12	0.00423429781227946	1	1.72647016603665	0.948421413864104	2112	106
rice_rhizo	maaslin3	raw	real_depth	50	2835	18	0.00634920634920635	1	1.57462703258852	1.0154762519582	2112	106
rice_rhizo	maaslin3	raw	real_depth	51	2877	15	0.00521376433785193	1	1.69956161025738	0.9847596121245	2112	106
rice_rhizo	maaslin3	raw	real_depth	52	2895	24	0.00829015544041451	1	1.614059808987	0.94871711117281	2112	106
rice_rhizo	maaslin3	raw	real_depth	53	2773	2	0.000721240533717995	1	1.74937737580286	1.02933059148222	2112	106
rice_rhizo	maaslin3	raw	real_depth	54	2902	1	0.000344589937973811	1	1.54136674664534	1.1112209240761	2112	106
rice_rhizo	maaslin3	raw	real_depth	55	2935	4	0.00136286201022147	1	1.69956161025738	0.992445782929825	2112	106
rice_rhizo	maaslin3	raw	real_depth	56	2856	6	0.00210084033613445	1	1.69956161025738	0.997236839789507	2112	106
rice_rhizo	maaslin3	raw	real_depth	57	2981	1	0.000335457900033546	1	1.60319470363459	1.03945304143193	2112	106
rice_rhizo	maaslin3	raw	real_depth	58	2846	2	0.000702740688685875	1	1.63524087866503	0.927646300942565	2112	106
rice_rhizo	maaslin3	raw	real_depth	59	2878	3	0.00104239054899236	1	1.62859432450269	1.05162946587749	2112	106
rice_rhizo	maaslin3	raw	real_depth	60	2925	1	0.000341880341880342	1	1.65677783626011	1.08620248538012	2112	106
rice_rhizo	maaslin3	raw	real_depth	61	2872	10	0.00348189415041783	1	1.69956161025738	0.967366243981827	2112	106
rice_rhizo	maaslin3	raw	real_depth	62	2921	18	0.0061622731941116	1	1.63217686433487	1.08885402552949	2112	106
rice_rhizo	maaslin3	raw	real_depth	63	2958	26	0.00878972278566599	1	1.54068367838228	1.08148318096784	23595	106
rice_rhizo	maaslin3	raw	real_depth	64	2949	16	0.00542556798914886	1	1.65988803292024	0.910190622003129	2112	106
rice_rhizo	maaslin3	raw	real_depth	65	2906	10	0.00344115622849277	1	1.65988803292024	0.89369416452988	2112	106
rice_rhizo	maaslin3	raw	real_depth	66	2916	13	0.00445816186556927	1	1.61287621417293	0.948057410230798	2112	106
rice_rhizo	maaslin3	raw	real_depth	67	2960	35	0.0118243243243243	1	1.90323764582514	1.14663857002902	2112	106
rice_rhizo	maaslin3	raw	real_depth	68	2864	27	0.00942737430167598	1	1.63524087866503	1.10864059051272	2112	106
rice_rhizo	maaslin3	raw	real_depth	69	2996	6	0.00200267022696929	1	1.63524087866503	1.01296085003209	2112	106
rice_rhizo	maaslin3	raw	real_depth	70	2811	1	0.000355745286374956	1	1.75517504405692	1.08924965045829	2112	106
rice_rhizo	maaslin3	raw	real_depth	71	2961	16	0.00540357987166498	1	1.65677783626011	1.00277081642018	20321	106
rice_rhizo	maaslin3	raw	real_depth	72	2830	26	0.00918727915194346	1	1.68429111440739	1.27301119622864	2112	106
rice_rhizo	maaslin3	raw	real_depth	73	2886	4	0.00138600138600139	1	1.61287621417293	0.927646300942565	16016	106
rice_rhizo	maaslin3	raw	real_depth	74	2933	9	0.00306853051483123	1	1.65677783626011	0.939801315521801	16016	106
rice_rhizo	maaslin3	raw	real_depth	75	3001	13	0.00433188937020993	1	1.61417759352102	0.954345917471466	2112	106
rice_rhizo	maaslin3	raw	real_depth	76	2957	8	0.00270544470747379	1	1.55931602728803	0.978698224852071	2112	106
rice_rhizo	maaslin3	raw	real_depth	77	2795	2	0.000715563506261181	1	1.58892712359762	0.997059725454119	2112	106
rice_rhizo	maaslin3	raw	real_depth	78	2946	17	0.00577053632043449	1	1.73806883918241	0.976433410095645	2112	106
rice_rhizo	maaslin3	raw	real_depth	79	2871	2	0.000696621386276559	1	1.74308233706132	0.931312296648247	2112	106
rice_rhizo	maaslin3	raw	real_depth	80	2927	16	0.00546634779637854	1	1.68429111440739	1.09158168722813	2112	106
rice_rhizo	maaslin3	raw	real_depth	81	2939	2	0.000680503572643756	1	1.53510175064427	0.872114392571576	2112	106
rice_rhizo	maaslin3	raw	real_depth	82	2988	11	0.0036813922356091	1	1.72647016603665	0.844207810024661	16016	106
rice_rhizo	maaslin3	raw	real_depth	83	2875	5	0.00173913043478261	1	1.54136674664534	0.907431973339373	2112	106
rice_rhizo	maaslin3	raw	real_depth	84	2877	12	0.00417101147028154	1	1.65677783626011	1.01214824982841	2112	106
rice_rhizo	maaslin3	raw	real_depth	85	2907	19	0.0065359477124183	1	1.614059808987	0.991828361973299	2112	106
rice_rhizo	maaslin3	raw	real_depth	86	2926	4	0.00136705399863295	1	1.68429111440739	0.950810393619758	2112	106
rice_rhizo	maaslin3	raw	real_depth	87	2921	20	0.00684697021567956	1	1.55199260167323	0.897527446601025	2112	106
rice_rhizo	maaslin3	raw	real_depth	88	2983	10	0.00335232986925913	1	1.53847862792144	0.942865307357415	16016	106
rice_rhizo	maaslin3	raw	real_depth	89	2888	5	0.00173130193905817	1	1.62859432450269	1.07728423815597	2112	106
rice_rhizo	maaslin3	raw	real_depth	90	2859	14	0.00489681706890521	1	1.69095300628459	1.21127419449155	16016	106
rice_rhizo	maaslin3	raw	real_depth	91	2852	4	0.00140252454417952	1	1.53510175064427	1.10496797771104	2112	106
rice_rhizo	maaslin3	raw	real_depth	92	2808	5	0.00178062678062678	1	1.67229078287698	1.19585993422325	2112	106
rice_rhizo	maaslin3	raw	real_depth	93	2886	4	0.00138600138600139	1	1.67229078287698	1.07565754255737	2112	106
rice_rhizo	maaslin3	raw	real_depth	94	2811	3	0.00106723585912487	1	1.81544108008913	1.04281798245614	2112	106
rice_rhizo	maaslin3	raw	real_depth	95	2930	6	0.00204778156996587	1	1.69095300628459	0.997236839789507	16016	106
rice_rhizo	maaslin3	raw	real_depth	96	2921	9	0.0030811365970558	1	1.89039192554725	1.06388761427412	2112	106
rice_rhizo	maaslin3	raw	real_depth	97	2936	1	0.000340599455040872	1	1.55181283410499	1.06123978444738	2112	106
rice_rhizo	maaslin3	raw	real_depth	98	2937	5	0.00170241743275451	1	1.74937737580286	0.98905792241714	2112	106
rice_rhizo	maaslin3	raw	real_depth	99	2850	5	0.00175438596491228	1	1.68429111440739	0.942880697208809	2112	106
rice_rhizo	maaslin3	raw	real_depth	100	2922	14	0.00479123887748118	1	1.69583059750492	1.17903874269006	2112	106
rice_rhizo	maaslin3	raw	real_perm	1	2818	0	0	0	1.61417759352102	1.18550976978139	2112	106
rice_rhizo	maaslin3	raw	real_perm	2	2830	0	0	0	1.68429111440739	1.01386460154884	16016	106
rice_rhizo	maaslin3	raw	real_perm	3	2921	0	0	0	1.61287621417293	0.986324996920044	2112	106
rice_rhizo	maaslin3	raw	real_perm	4	2972	0	0	0	1.62859432450269	0.843518986928638	2112	106
rice_rhizo	maaslin3	raw	real_perm	5	2991	0	0	0	1.53847862792144	1.18120191941504	2112	106
rice_rhizo	maaslin3	raw	real_perm	6	2890	0	0	0	1.83312196153033	0.834972272375548	2112	106
rice_rhizo	maaslin3	raw	real_perm	7	2856	0	0	0	1.57278212501178	1.12749081060166	20321	106
rice_rhizo	maaslin3	raw	real_perm	8	2912	0	0	0	1.72647016603665	0.975434247447882	2112	106
rice_rhizo	maaslin3	raw	real_perm	9	2883	0	0	0	1.57808465006347	0.943232924580192	2112	106
rice_rhizo	maaslin3	raw	real_perm	10	2802	0	0	0	1.69095300628459	0.960568251169729	16016	106
rice_rhizo	maaslin3	raw	real_perm	11	2799	0	0	0	1.75517504405692	0.937059015088468	2112	106
rice_rhizo	maaslin3	raw	real_perm	12	2909	1	0.000343760742523204	1	1.70446403318563	0.964760970235329	2112	106
rice_rhizo	maaslin3	raw	real_perm	13	2974	0	0	0	1.68429111440739	1.04160314038869	2112	106
rice_rhizo	maaslin3	raw	real_perm	14	2838	0	0	0	1.69956161025738	0.88355191167584	2112	106
rice_rhizo	maaslin3	raw	real_perm	15	2857	0	0	0	1.58892712359762	0.843146244023839	2112	106
rice_rhizo	maaslin3	raw	real_perm	16	2941	0	0	0	1.63217686433487	1.10612003960698	2112	106
rice_rhizo	maaslin3	raw	real_perm	17	2975	0	0	0	1.55931602728803	1.07312805526995	20321	106
rice_rhizo	maaslin3	raw	real_perm	18	3000	0	0	0	1.69221930400525	0.939948906804685	2112	106
rice_rhizo	maaslin3	raw	real_perm	19	2831	0	0	0	1.81884912832612	1.07799707602339	2112	106
rice_rhizo	maaslin3	raw	real_perm	20	2886	0	0	0	1.55181283410499	0.976433410095645	2112	106
rice_rhizo	maaslin3	raw	real_perm	21	2846	0	0	0	1.59648787023303	1.03560222491621	2112	106
rice_rhizo	maaslin3	raw	real_perm	22	2902	0	0	0	1.65928160648628	0.919627749576988	2112	106
rice_rhizo	maaslin3	raw	real_perm	23	2910	0	0	0	1.62034518337867	0.931312296648247	20321	106
rice_rhizo	maaslin3	raw	real_perm	24	2880	0	0	0	1.60641631315079	1.03236603104534	2112	106
rice_rhizo	maaslin3	raw	real_perm	25	2816	1	0.000355113636363636	1	1.66549363671423	0.870635894505051	2112	106
rice_rhizo	maaslin3	raw	real_perm	26	2992	0	0	0	1.54136674664534	1.11831964395557	2112	106
rice_rhizo	maaslin3	raw	real_perm	27	2982	0	0	0	1.62859432450269	0.845922683695634	16016	106
rice_rhizo	maaslin3	raw	real_perm	28	3033	0	0	0	1.63524087866503	1.04702652281807	16016	106
rice_rhizo	maaslin3	raw	real_perm	29	2829	0	0	0	1.70083435467144	0.942865307357415	2112	106
rice_rhizo	maaslin3	raw	real_perm	30	2931	0	0	0	1.61417759352102	1.2370494585421	2112	106
rice_rhizo	maaslin3	raw	real_perm	31	2896	0	0	0	1.63524087866503	1.19445256612674	2112	106
rice_rhizo	maaslin3	raw	real_perm	32	2847	0	0	0	1.73806883918241	0.930516600352227	2112	106
rice_rhizo	maaslin3	raw	real_perm	33	2888	0	0	0	1.60199502354928	0.950810393619758	16016	106
rice_rhizo	maaslin3	raw	real_perm	34	2965	0	0	0	1.58892712359762	1.0865831365679	2112	106
rice_rhizo	maaslin3	raw	real_perm	35	2924	0	0	0	1.59836537609639	0.96322980945277	2112	106
rice_rhizo	maaslin3	raw	real_perm	36	2883	0	0	0	1.57841519751108	0.927862104450733	2112	106
rice_rhizo	maaslin3	raw	real_perm	37	2852	0	0	0	1.74308233706132	1.17061519341308	2112	106
rice_rhizo	maaslin3	raw	real_perm	38	2965	0	0	0	1.62034518337867	1.08718932748538	2112	106
rice_rhizo	maaslin3	raw	real_perm	39	2990	0	0	0	1.59836537609639	0.996722717913521	16016	106
rice_rhizo	maaslin3	raw	real_perm	40	2844	0	0	0	1.65677783626011	1.09966912512246	2112	106
rice_rhizo	maaslin3	raw	real_perm	41	2915	0	0	0	1.62390957696276	0.995724024323993	2112	106
rice_rhizo	maaslin3	raw	real_perm	42	2979	0	0	0	1.72517823819322	0.85982753693836	2112	106
rice_rhizo	maaslin3	raw	real_perm	43	2804	0	0	0	1.58087890441797	0.954345917471466	2112	106
rice_rhizo	maaslin3	raw	real_perm	44	2988	0	0	0	1.81884912832612	1.02855529278882	2112	106
rice_rhizo	maaslin3	raw	real_perm	45	2954	0	0	0	1.62492768993444	1.09867095510083	16016	106
rice_rhizo	maaslin3	raw	real_perm	46	2885	0	0	0	1.74062131340936	1.13934939005317	2112	106
rice_rhizo	maaslin3	raw	real_perm	47	3077	0	0	0	1.62381176049565	0.97377038443906	16016	106
rice_rhizo	maaslin3	raw	real_perm	48	2854	0	0	0	1.62695807147547	1.14787874171681	2112	106
rice_rhizo	maaslin3	raw	real_perm	49	2834	0	0	0	1.72647016603665	0.948421413864104	2112	106
rice_rhizo	maaslin3	raw	real_perm	50	2835	0	0	0	1.57462703258852	1.0154762519582	2112	106
rice_rhizo	maaslin3	raw	real_perm	51	2877	0	0	0	1.69956161025738	0.9847596121245	2112	106
rice_rhizo	maaslin3	raw	real_perm	52	2895	0	0	0	1.614059808987	0.94871711117281	2112	106
rice_rhizo	maaslin3	raw	real_perm	53	2773	0	0	0	1.74937737580286	1.02933059148222	2112	106
rice_rhizo	maaslin3	raw	real_perm	54	2902	0	0	0	1.54136674664534	1.1112209240761	2112	106
rice_rhizo	maaslin3	raw	real_perm	55	2935	0	0	0	1.69956161025738	0.992445782929825	2112	106
rice_rhizo	maaslin3	raw	real_perm	56	2856	0	0	0	1.69956161025738	0.997236839789507	2112	106
rice_rhizo	maaslin3	raw	real_perm	57	2981	0	0	0	1.60319470363459	1.03945304143193	2112	106
rice_rhizo	maaslin3	raw	real_perm	58	2846	0	0	0	1.63524087866503	0.927646300942565	2112	106
rice_rhizo	maaslin3	raw	real_perm	59	2878	0	0	0	1.62859432450269	1.05162946587749	2112	106
rice_rhizo	maaslin3	raw	real_perm	60	2925	0	0	0	1.65677783626011	1.08620248538012	2112	106
rice_rhizo	maaslin3	raw	real_perm	61	2872	0	0	0	1.69956161025738	0.967366243981827	2112	106
rice_rhizo	maaslin3	raw	real_perm	62	2921	0	0	0	1.63217686433487	1.08885402552949	2112	106
rice_rhizo	maaslin3	raw	real_perm	63	2958	0	0	0	1.54068367838228	1.08148318096784	23595	106
rice_rhizo	maaslin3	raw	real_perm	64	2949	0	0	0	1.65988803292024	0.910190622003129	2112	106
rice_rhizo	maaslin3	raw	real_perm	65	2906	0	0	0	1.65988803292024	0.89369416452988	2112	106
rice_rhizo	maaslin3	raw	real_perm	66	2916	0	0	0	1.61287621417293	0.948057410230798	2112	106
rice_rhizo	maaslin3	raw	real_perm	67	2960	0	0	0	1.90323764582514	1.14663857002902	2112	106
rice_rhizo	maaslin3	raw	real_perm	68	2864	0	0	0	1.63524087866503	1.10864059051272	2112	106
rice_rhizo	maaslin3	raw	real_perm	69	2996	0	0	0	1.63524087866503	1.01296085003209	2112	106
rice_rhizo	maaslin3	raw	real_perm	70	2811	0	0	0	1.75517504405692	1.08924965045829	2112	106
rice_rhizo	maaslin3	raw	real_perm	71	2961	0	0	0	1.65677783626011	1.00277081642018	20321	106
rice_rhizo	maaslin3	raw	real_perm	72	2830	0	0	0	1.68429111440739	1.27301119622864	2112	106
rice_rhizo	maaslin3	raw	real_perm	73	2886	0	0	0	1.61287621417293	0.927646300942565	16016	106
rice_rhizo	maaslin3	raw	real_perm	74	2933	0	0	0	1.65677783626011	0.939801315521801	16016	106
rice_rhizo	maaslin3	raw	real_perm	75	3001	0	0	0	1.61417759352102	0.954345917471466	2112	106
rice_rhizo	maaslin3	raw	real_perm	76	2957	0	0	0	1.55931602728803	0.978698224852071	2112	106
rice_rhizo	maaslin3	raw	real_perm	77	2795	0	0	0	1.58892712359762	0.997059725454119	2112	106
rice_rhizo	maaslin3	raw	real_perm	78	2946	0	0	0	1.73806883918241	0.976433410095645	2112	106
rice_rhizo	maaslin3	raw	real_perm	79	2871	0	0	0	1.74308233706132	0.931312296648247	2112	106
rice_rhizo	maaslin3	raw	real_perm	80	2927	0	0	0	1.68429111440739	1.09158168722813	2112	106
rice_rhizo	maaslin3	raw	real_perm	81	2939	0	0	0	1.53510175064427	0.872114392571576	2112	106
rice_rhizo	maaslin3	raw	real_perm	82	2988	0	0	0	1.72647016603665	0.844207810024661	16016	106
rice_rhizo	maaslin3	raw	real_perm	83	2875	0	0	0	1.54136674664534	0.907431973339373	2112	106
rice_rhizo	maaslin3	raw	real_perm	84	2877	0	0	0	1.65677783626011	1.01214824982841	2112	106
rice_rhizo	maaslin3	raw	real_perm	85	2907	0	0	0	1.614059808987	0.991828361973299	2112	106
rice_rhizo	maaslin3	raw	real_perm	86	2926	0	0	0	1.68429111440739	0.950810393619758	2112	106
rice_rhizo	maaslin3	raw	real_perm	87	2921	0	0	0	1.55199260167323	0.897527446601025	2112	106
rice_rhizo	maaslin3	raw	real_perm	88	2983	0	0	0	1.53847862792144	0.942865307357415	16016	106
rice_rhizo	maaslin3	raw	real_perm	89	2888	0	0	0	1.62859432450269	1.07728423815597	2112	106
rice_rhizo	maaslin3	raw	real_perm	90	2859	0	0	0	1.69095300628459	1.21127419449155	16016	106
rice_rhizo	maaslin3	raw	real_perm	91	2852	0	0	0	1.53510175064427	1.10496797771104	2112	106
rice_rhizo	maaslin3	raw	real_perm	92	2808	0	0	0	1.67229078287698	1.19585993422325	2112	106
rice_rhizo	maaslin3	raw	real_perm	93	2886	0	0	0	1.67229078287698	1.07565754255737	2112	106
rice_rhizo	maaslin3	raw	real_perm	94	2811	0	0	0	1.81544108008913	1.04281798245614	2112	106
rice_rhizo	maaslin3	raw	real_perm	95	2930	0	0	0	1.69095300628459	0.997236839789507	16016	106
rice_rhizo	maaslin3	raw	real_perm	96	2921	0	0	0	1.89039192554725	1.06388761427412	2112	106
rice_rhizo	maaslin3	raw	real_perm	97	2936	0	0	0	1.55181283410499	1.06123978444738	2112	106
rice_rhizo	maaslin3	raw	real_perm	98	2937	0	0	0	1.74937737580286	0.98905792241714	2112	106
rice_rhizo	maaslin3	raw	real_perm	99	2850	0	0	0	1.68429111440739	0.942880697208809	2112	106
rice_rhizo	maaslin3	raw	real_perm	100	2922	0	0	0	1.69583059750492	1.17903874269006	2112	106
rice_rhizo	maaslin3_prev	rarefied	real_depth	1	2818	9	0.00319375443577005	1	1.61417759352102	1.18550976978139	2112	106
rice_rhizo	maaslin3_prev	rarefied	real_depth	2	2830	8	0.00282685512367491	1	1.68429111440739	1.01386460154884	16016	106
rice_rhizo	maaslin3_prev	rarefied	real_depth	3	2921	1	0.000342348510783978	1	1.61287621417293	0.986324996920044	2112	106
rice_rhizo	maaslin3_prev	rarefied	real_depth	4	2972	13	0.00437415881561238	1	1.62859432450269	0.843518986928638	2112	106
rice_rhizo	maaslin3_prev	rarefied	real_depth	5	2991	0	0	0	1.53847862792144	1.18120191941504	2112	106
rice_rhizo	maaslin3_prev	rarefied	real_depth	6	2890	0	0	0	1.83312196153033	0.834972272375548	2112	106
rice_rhizo	maaslin3_prev	rarefied	real_depth	7	2856	1	0.000350140056022409	1	1.57278212501178	1.12749081060166	20321	106
rice_rhizo	maaslin3_prev	rarefied	real_depth	8	2912	6	0.00206043956043956	1	1.72647016603665	0.975434247447882	2112	106
rice_rhizo	maaslin3_prev	rarefied	real_depth	9	2883	13	0.00450919181408255	1	1.57808465006347	0.943232924580192	2112	106
rice_rhizo	maaslin3_prev	rarefied	real_depth	10	2802	20	0.00713775874375446	1	1.69095300628459	0.960568251169729	16016	106
rice_rhizo	maaslin3_prev	rarefied	real_depth	11	2799	1	0.000357270453733476	1	1.75517504405692	0.937059015088468	2112	106
rice_rhizo	maaslin3_prev	rarefied	real_depth	12	2909	3	0.00103128222756961	1	1.70446403318563	0.964760970235329	2112	106
rice_rhizo	maaslin3_prev	rarefied	real_depth	13	2974	3	0.00100874243443174	1	1.68429111440739	1.04160314038869	2112	106
rice_rhizo	maaslin3_prev	rarefied	real_depth	14	2838	3	0.00105708245243129	1	1.69956161025738	0.88355191167584	2112	106
rice_rhizo	maaslin3_prev	rarefied	real_depth	15	2857	1	0.000350017500875044	1	1.58892712359762	0.843146244023839	2112	106
rice_rhizo	maaslin3_prev	rarefied	real_depth	16	2941	2	0.000680040802448147	1	1.63217686433487	1.10612003960698	2112	106
rice_rhizo	maaslin3_prev	rarefied	real_depth	17	2975	20	0.00672268907563025	1	1.55931602728803	1.07312805526995	20321	106
rice_rhizo	maaslin3_prev	rarefied	real_depth	18	3000	10	0.00333333333333333	1	1.69221930400525	0.939948906804685	2112	106
rice_rhizo	maaslin3_prev	rarefied	real_depth	19	2831	4	0.00141292829388909	1	1.81884912832612	1.07799707602339	2112	106
rice_rhizo	maaslin3_prev	rarefied	real_depth	20	2886	1	0.000346500346500347	1	1.55181283410499	0.976433410095645	2112	106
rice_rhizo	maaslin3_prev	rarefied	real_depth	21	2846	3	0.00105411103302881	1	1.59648787023303	1.03560222491621	2112	106
rice_rhizo	maaslin3_prev	rarefied	real_depth	22	2902	7	0.00241212956581668	1	1.65928160648628	0.919627749576988	2112	106
rice_rhizo	maaslin3_prev	rarefied	real_depth	23	2910	3	0.00103092783505155	1	1.62034518337867	0.931312296648247	20321	106
rice_rhizo	maaslin3_prev	rarefied	real_depth	24	2880	0	0	0	1.60641631315079	1.03236603104534	2112	106
rice_rhizo	maaslin3_prev	rarefied	real_depth	25	2816	2	0.000710227272727273	1	1.66549363671423	0.870635894505051	2112	106
rice_rhizo	maaslin3_prev	rarefied	real_depth	26	2992	6	0.00200534759358289	1	1.54136674664534	1.11831964395557	2112	106
rice_rhizo	maaslin3_prev	rarefied	real_depth	27	2982	7	0.00234741784037559	1	1.62859432450269	0.845922683695634	16016	106
rice_rhizo	maaslin3_prev	rarefied	real_depth	28	3033	68	0.0224200461589186	1	1.63524087866503	1.04702652281807	16016	106
rice_rhizo	maaslin3_prev	rarefied	real_depth	29	2829	10	0.00353481795687522	1	1.70083435467144	0.942865307357415	2112	106
rice_rhizo	maaslin3_prev	rarefied	real_depth	30	2931	5	0.00170590242238144	1	1.61417759352102	1.2370494585421	2112	106
rice_rhizo	maaslin3_prev	rarefied	real_depth	31	2896	6	0.00207182320441989	1	1.63524087866503	1.19445256612674	2112	106
rice_rhizo	maaslin3_prev	rarefied	real_depth	32	2847	10	0.00351246926589392	1	1.73806883918241	0.930516600352227	2112	106
rice_rhizo	maaslin3_prev	rarefied	real_depth	33	2888	5	0.00173130193905817	1	1.60199502354928	0.950810393619758	16016	106
rice_rhizo	maaslin3_prev	rarefied	real_depth	34	2965	1	0.000337268128161889	1	1.58892712359762	1.0865831365679	2112	106
rice_rhizo	maaslin3_prev	rarefied	real_depth	35	2924	10	0.00341997264021888	1	1.59836537609639	0.96322980945277	2112	106
rice_rhizo	maaslin3_prev	rarefied	real_depth	36	2883	0	0	0	1.57841519751108	0.927862104450733	2112	106
rice_rhizo	maaslin3_prev	rarefied	real_depth	37	2852	0	0	0	1.74308233706132	1.17061519341308	2112	106
rice_rhizo	maaslin3_prev	rarefied	real_depth	38	2965	1	0.000337268128161889	1	1.62034518337867	1.08718932748538	2112	106
rice_rhizo	maaslin3_prev	rarefied	real_depth	39	2990	13	0.00434782608695652	1	1.59836537609639	0.996722717913521	16016	106
rice_rhizo	maaslin3_prev	rarefied	real_depth	40	2844	4	0.00140646976090014	1	1.65677783626011	1.09966912512246	2112	106
rice_rhizo	maaslin3_prev	rarefied	real_depth	41	2915	3	0.00102915951972556	1	1.62390957696276	0.995724024323993	2112	106
rice_rhizo	maaslin3_prev	rarefied	real_depth	42	2979	15	0.00503524672708963	1	1.72517823819322	0.85982753693836	2112	106
rice_rhizo	maaslin3_prev	rarefied	real_depth	43	2804	0	0	0	1.58087890441797	0.954345917471466	2112	106
rice_rhizo	maaslin3_prev	rarefied	real_depth	44	2988	0	0	0	1.81884912832612	1.02855529278882	2112	106
rice_rhizo	maaslin3_prev	rarefied	real_depth	45	2954	8	0.002708192281652	1	1.62492768993444	1.09867095510083	16016	106
rice_rhizo	maaslin3_prev	rarefied	real_depth	46	2885	7	0.0024263431542461	1	1.74062131340936	1.13934939005317	2112	106
rice_rhizo	maaslin3_prev	rarefied	real_depth	47	3077	32	0.0103997400064998	1	1.62381176049565	0.97377038443906	16016	106
rice_rhizo	maaslin3_prev	rarefied	real_depth	48	2854	6	0.00210231254379818	1	1.62695807147547	1.14787874171681	2112	106
rice_rhizo	maaslin3_prev	rarefied	real_depth	49	2834	10	0.00352858151023289	1	1.72647016603665	0.948421413864104	2112	106
rice_rhizo	maaslin3_prev	rarefied	real_depth	50	2835	2	0.000705467372134039	1	1.57462703258852	1.0154762519582	2112	106
rice_rhizo	maaslin3_prev	rarefied	real_depth	51	2877	4	0.00139033715676051	1	1.69956161025738	0.9847596121245	2112	106
rice_rhizo	maaslin3_prev	rarefied	real_depth	52	2895	10	0.00345423143350604	1	1.614059808987	0.94871711117281	2112	106
rice_rhizo	maaslin3_prev	rarefied	real_depth	53	2773	5	0.00180310133429499	1	1.74937737580286	1.02933059148222	2112	106
rice_rhizo	maaslin3_prev	rarefied	real_depth	54	2902	3	0.00103376981392143	1	1.54136674664534	1.1112209240761	2112	106
rice_rhizo	maaslin3_prev	rarefied	real_depth	55	2935	1	0.000340715502555366	1	1.69956161025738	0.992445782929825	2112	106
rice_rhizo	maaslin3_prev	rarefied	real_depth	56	2856	1	0.000350140056022409	1	1.69956161025738	0.997236839789507	2112	106
rice_rhizo	maaslin3_prev	rarefied	real_depth	57	2981	1	0.000335457900033546	1	1.60319470363459	1.03945304143193	2112	106
rice_rhizo	maaslin3_prev	rarefied	real_depth	58	2846	1	0.000351370344342937	1	1.63524087866503	0.927646300942565	2112	106
rice_rhizo	maaslin3_prev	rarefied	real_depth	59	2878	4	0.00138985406532314	1	1.62859432450269	1.05162946587749	2112	106
rice_rhizo	maaslin3_prev	rarefied	real_depth	60	2925	0	0	0	1.65677783626011	1.08620248538012	2112	106
rice_rhizo	maaslin3_prev	rarefied	real_depth	61	2872	4	0.00139275766016713	1	1.69956161025738	0.967366243981827	2112	106
rice_rhizo	maaslin3_prev	rarefied	real_depth	62	2921	7	0.00239643957548785	1	1.63217686433487	1.08885402552949	2112	106
rice_rhizo	maaslin3_prev	rarefied	real_depth	63	2958	58	0.0196078431372549	1	1.54068367838228	1.08148318096784	23595	106
rice_rhizo	maaslin3_prev	rarefied	real_depth	64	2949	6	0.00203458799593082	1	1.65988803292024	0.910190622003129	2112	106
rice_rhizo	maaslin3_prev	rarefied	real_depth	65	2906	5	0.00172057811424639	1	1.65988803292024	0.89369416452988	2112	106
rice_rhizo	maaslin3_prev	rarefied	real_depth	66	2916	0	0	0	1.61287621417293	0.948057410230798	2112	106
rice_rhizo	maaslin3_prev	rarefied	real_depth	67	2960	11	0.00371621621621622	1	1.90323764582514	1.14663857002902	2112	106
rice_rhizo	maaslin3_prev	rarefied	real_depth	68	2864	11	0.00384078212290503	1	1.63524087866503	1.10864059051272	2112	106
rice_rhizo	maaslin3_prev	rarefied	real_depth	69	2996	2	0.000667556742323097	1	1.63524087866503	1.01296085003209	2112	106
rice_rhizo	maaslin3_prev	rarefied	real_depth	70	2811	4	0.00142298114549982	1	1.75517504405692	1.08924965045829	2112	106
rice_rhizo	maaslin3_prev	rarefied	real_depth	71	2961	19	0.00641675109760216	1	1.65677783626011	1.00277081642018	20321	106
rice_rhizo	maaslin3_prev	rarefied	real_depth	72	2830	3	0.00106007067137809	1	1.68429111440739	1.27301119622864	2112	106
rice_rhizo	maaslin3_prev	rarefied	real_depth	73	2886	2	0.000693000693000693	1	1.61287621417293	0.927646300942565	16016	106
rice_rhizo	maaslin3_prev	rarefied	real_depth	74	2933	29	0.00988748721445619	1	1.65677783626011	0.939801315521801	16016	106
rice_rhizo	maaslin3_prev	rarefied	real_depth	75	3001	3	0.000999666777740753	1	1.61417759352102	0.954345917471466	2112	106
rice_rhizo	maaslin3_prev	rarefied	real_depth	76	2957	1	0.000338180588434224	1	1.55931602728803	0.978698224852071	2112	106
rice_rhizo	maaslin3_prev	rarefied	real_depth	77	2795	2	0.000715563506261181	1	1.58892712359762	0.997059725454119	2112	106
rice_rhizo	maaslin3_prev	rarefied	real_depth	78	2946	5	0.00169721656483367	1	1.73806883918241	0.976433410095645	2112	106
rice_rhizo	maaslin3_prev	rarefied	real_depth	79	2871	0	0	0	1.74308233706132	0.931312296648247	2112	106
rice_rhizo	maaslin3_prev	rarefied	real_depth	80	2927	1	0.000341646737273659	1	1.68429111440739	1.09158168722813	2112	106
rice_rhizo	maaslin3_prev	rarefied	real_depth	81	2939	2	0.000680503572643756	1	1.53510175064427	0.872114392571576	2112	106
rice_rhizo	maaslin3_prev	rarefied	real_depth	82	2988	18	0.00602409638554217	1	1.72647016603665	0.844207810024661	16016	106
rice_rhizo	maaslin3_prev	rarefied	real_depth	83	2875	3	0.00104347826086957	1	1.54136674664534	0.907431973339373	2112	106
rice_rhizo	maaslin3_prev	rarefied	real_depth	84	2877	3	0.00104275286757039	1	1.65677783626011	1.01214824982841	2112	106
rice_rhizo	maaslin3_prev	rarefied	real_depth	85	2907	8	0.00275197798417613	1	1.614059808987	0.991828361973299	2112	106
rice_rhizo	maaslin3_prev	rarefied	real_depth	86	2926	1	0.000341763499658237	1	1.68429111440739	0.950810393619758	2112	106
rice_rhizo	maaslin3_prev	rarefied	real_depth	87	2921	8	0.00273878808627182	1	1.55199260167323	0.897527446601025	2112	106
rice_rhizo	maaslin3_prev	rarefied	real_depth	88	2983	36	0.0120683875293329	1	1.53847862792144	0.942865307357415	16016	106
rice_rhizo	maaslin3_prev	rarefied	real_depth	89	2888	1	0.000346260387811634	1	1.62859432450269	1.07728423815597	2112	106
rice_rhizo	maaslin3_prev	rarefied	real_depth	90	2859	29	0.0101434067855894	1	1.69095300628459	1.21127419449155	16016	106
rice_rhizo	maaslin3_prev	rarefied	real_depth	91	2852	3	0.00105189340813464	1	1.53510175064427	1.10496797771104	2112	106
rice_rhizo	maaslin3_prev	rarefied	real_depth	92	2808	2	0.000712250712250712	1	1.67229078287698	1.19585993422325	2112	106
rice_rhizo	maaslin3_prev	rarefied	real_depth	93	2886	4	0.00138600138600139	1	1.67229078287698	1.07565754255737	2112	106
rice_rhizo	maaslin3_prev	rarefied	real_depth	94	2811	1	0.000355745286374956	1	1.81544108008913	1.04281798245614	2112	106
rice_rhizo	maaslin3_prev	rarefied	real_depth	95	2930	8	0.00273037542662116	1	1.69095300628459	0.997236839789507	16016	106
rice_rhizo	maaslin3_prev	rarefied	real_depth	96	2921	1	0.000342348510783978	1	1.89039192554725	1.06388761427412	2112	106
rice_rhizo	maaslin3_prev	rarefied	real_depth	97	2936	0	0	0	1.55181283410499	1.06123978444738	2112	106
rice_rhizo	maaslin3_prev	rarefied	real_depth	98	2937	2	0.000680966973101805	1	1.74937737580286	0.98905792241714	2112	106
rice_rhizo	maaslin3_prev	rarefied	real_depth	99	2850	1	0.000350877192982456	1	1.68429111440739	0.942880697208809	2112	106
rice_rhizo	maaslin3_prev	rarefied	real_depth	100	2922	4	0.00136892539356605	1	1.69583059750492	1.17903874269006	2112	106
rice_rhizo	maaslin3_prev	rarefied	real_perm	1	2818	0	0	0	1.61417759352102	1.18550976978139	2112	106
rice_rhizo	maaslin3_prev	rarefied	real_perm	2	2830	0	0	0	1.68429111440739	1.01386460154884	16016	106
rice_rhizo	maaslin3_prev	rarefied	real_perm	3	2921	0	0	0	1.61287621417293	0.986324996920044	2112	106
rice_rhizo	maaslin3_prev	rarefied	real_perm	4	2972	0	0	0	1.62859432450269	0.843518986928638	2112	106
rice_rhizo	maaslin3_prev	rarefied	real_perm	5	2991	0	0	0	1.53847862792144	1.18120191941504	2112	106
rice_rhizo	maaslin3_prev	rarefied	real_perm	6	2890	0	0	0	1.83312196153033	0.834972272375548	2112	106
rice_rhizo	maaslin3_prev	rarefied	real_perm	7	2856	0	0	0	1.57278212501178	1.12749081060166	20321	106
rice_rhizo	maaslin3_prev	rarefied	real_perm	8	2912	0	0	0	1.72647016603665	0.975434247447882	2112	106
rice_rhizo	maaslin3_prev	rarefied	real_perm	9	2883	0	0	0	1.57808465006347	0.943232924580192	2112	106
rice_rhizo	maaslin3_prev	rarefied	real_perm	10	2802	0	0	0	1.69095300628459	0.960568251169729	16016	106
rice_rhizo	maaslin3_prev	rarefied	real_perm	11	2799	0	0	0	1.75517504405692	0.937059015088468	2112	106
rice_rhizo	maaslin3_prev	rarefied	real_perm	12	2909	0	0	0	1.70446403318563	0.964760970235329	2112	106
rice_rhizo	maaslin3_prev	rarefied	real_perm	13	2974	0	0	0	1.68429111440739	1.04160314038869	2112	106
rice_rhizo	maaslin3_prev	rarefied	real_perm	14	2838	0	0	0	1.69956161025738	0.88355191167584	2112	106
rice_rhizo	maaslin3_prev	rarefied	real_perm	15	2857	0	0	0	1.58892712359762	0.843146244023839	2112	106
rice_rhizo	maaslin3_prev	rarefied	real_perm	16	2941	0	0	0	1.63217686433487	1.10612003960698	2112	106
rice_rhizo	maaslin3_prev	rarefied	real_perm	17	2975	0	0	0	1.55931602728803	1.07312805526995	20321	106
rice_rhizo	maaslin3_prev	rarefied	real_perm	18	3000	0	0	0	1.69221930400525	0.939948906804685	2112	106
rice_rhizo	maaslin3_prev	rarefied	real_perm	19	2831	0	0	0	1.81884912832612	1.07799707602339	2112	106
rice_rhizo	maaslin3_prev	rarefied	real_perm	20	2886	0	0	0	1.55181283410499	0.976433410095645	2112	106
rice_rhizo	maaslin3_prev	rarefied	real_perm	21	2846	0	0	0	1.59648787023303	1.03560222491621	2112	106
rice_rhizo	maaslin3_prev	rarefied	real_perm	22	2902	0	0	0	1.65928160648628	0.919627749576988	2112	106
rice_rhizo	maaslin3_prev	rarefied	real_perm	23	2910	0	0	0	1.62034518337867	0.931312296648247	20321	106
rice_rhizo	maaslin3_prev	rarefied	real_perm	24	2880	0	0	0	1.60641631315079	1.03236603104534	2112	106
rice_rhizo	maaslin3_prev	rarefied	real_perm	25	2816	0	0	0	1.66549363671423	0.870635894505051	2112	106
rice_rhizo	maaslin3_prev	rarefied	real_perm	26	2992	0	0	0	1.54136674664534	1.11831964395557	2112	106
rice_rhizo	maaslin3_prev	rarefied	real_perm	27	2982	0	0	0	1.62859432450269	0.845922683695634	16016	106
rice_rhizo	maaslin3_prev	rarefied	real_perm	28	3033	0	0	0	1.63524087866503	1.04702652281807	16016	106
rice_rhizo	maaslin3_prev	rarefied	real_perm	29	2829	0	0	0	1.70083435467144	0.942865307357415	2112	106
rice_rhizo	maaslin3_prev	rarefied	real_perm	30	2931	0	0	0	1.61417759352102	1.2370494585421	2112	106
rice_rhizo	maaslin3_prev	rarefied	real_perm	31	2896	0	0	0	1.63524087866503	1.19445256612674	2112	106
rice_rhizo	maaslin3_prev	rarefied	real_perm	32	2847	0	0	0	1.73806883918241	0.930516600352227	2112	106
rice_rhizo	maaslin3_prev	rarefied	real_perm	33	2888	0	0	0	1.60199502354928	0.950810393619758	16016	106
rice_rhizo	maaslin3_prev	rarefied	real_perm	34	2965	0	0	0	1.58892712359762	1.0865831365679	2112	106
rice_rhizo	maaslin3_prev	rarefied	real_perm	35	2924	0	0	0	1.59836537609639	0.96322980945277	2112	106
rice_rhizo	maaslin3_prev	rarefied	real_perm	36	2883	0	0	0	1.57841519751108	0.927862104450733	2112	106
rice_rhizo	maaslin3_prev	rarefied	real_perm	37	2852	0	0	0	1.74308233706132	1.17061519341308	2112	106
rice_rhizo	maaslin3_prev	rarefied	real_perm	38	2965	0	0	0	1.62034518337867	1.08718932748538	2112	106
rice_rhizo	maaslin3_prev	rarefied	real_perm	39	2990	0	0	0	1.59836537609639	0.996722717913521	16016	106
rice_rhizo	maaslin3_prev	rarefied	real_perm	40	2844	0	0	0	1.65677783626011	1.09966912512246	2112	106
rice_rhizo	maaslin3_prev	rarefied	real_perm	41	2915	0	0	0	1.62390957696276	0.995724024323993	2112	106
rice_rhizo	maaslin3_prev	rarefied	real_perm	42	2979	0	0	0	1.72517823819322	0.85982753693836	2112	106
rice_rhizo	maaslin3_prev	rarefied	real_perm	43	2804	0	0	0	1.58087890441797	0.954345917471466	2112	106
rice_rhizo	maaslin3_prev	rarefied	real_perm	44	2988	0	0	0	1.81884912832612	1.02855529278882	2112	106
rice_rhizo	maaslin3_prev	rarefied	real_perm	45	2954	0	0	0	1.62492768993444	1.09867095510083	16016	106
rice_rhizo	maaslin3_prev	rarefied	real_perm	46	2885	0	0	0	1.74062131340936	1.13934939005317	2112	106
rice_rhizo	maaslin3_prev	rarefied	real_perm	47	3077	0	0	0	1.62381176049565	0.97377038443906	16016	106
rice_rhizo	maaslin3_prev	rarefied	real_perm	48	2854	0	0	0	1.62695807147547	1.14787874171681	2112	106
rice_rhizo	maaslin3_prev	rarefied	real_perm	49	2834	0	0	0	1.72647016603665	0.948421413864104	2112	106
rice_rhizo	maaslin3_prev	rarefied	real_perm	50	2835	0	0	0	1.57462703258852	1.0154762519582	2112	106
rice_rhizo	maaslin3_prev	rarefied	real_perm	51	2877	0	0	0	1.69956161025738	0.9847596121245	2112	106
rice_rhizo	maaslin3_prev	rarefied	real_perm	52	2895	0	0	0	1.614059808987	0.94871711117281	2112	106
rice_rhizo	maaslin3_prev	rarefied	real_perm	53	2773	0	0	0	1.74937737580286	1.02933059148222	2112	106
rice_rhizo	maaslin3_prev	rarefied	real_perm	54	2902	0	0	0	1.54136674664534	1.1112209240761	2112	106
rice_rhizo	maaslin3_prev	rarefied	real_perm	55	2935	0	0	0	1.69956161025738	0.992445782929825	2112	106
rice_rhizo	maaslin3_prev	rarefied	real_perm	56	2856	0	0	0	1.69956161025738	0.997236839789507	2112	106
rice_rhizo	maaslin3_prev	rarefied	real_perm	57	2981	0	0	0	1.60319470363459	1.03945304143193	2112	106
rice_rhizo	maaslin3_prev	rarefied	real_perm	58	2846	0	0	0	1.63524087866503	0.927646300942565	2112	106
rice_rhizo	maaslin3_prev	rarefied	real_perm	59	2878	0	0	0	1.62859432450269	1.05162946587749	2112	106
rice_rhizo	maaslin3_prev	rarefied	real_perm	60	2925	0	0	0	1.65677783626011	1.08620248538012	2112	106
rice_rhizo	maaslin3_prev	rarefied	real_perm	61	2872	0	0	0	1.69956161025738	0.967366243981827	2112	106
rice_rhizo	maaslin3_prev	rarefied	real_perm	62	2921	0	0	0	1.63217686433487	1.08885402552949	2112	106
rice_rhizo	maaslin3_prev	rarefied	real_perm	63	2958	0	0	0	1.54068367838228	1.08148318096784	23595	106
rice_rhizo	maaslin3_prev	rarefied	real_perm	64	2949	0	0	0	1.65988803292024	0.910190622003129	2112	106
rice_rhizo	maaslin3_prev	rarefied	real_perm	65	2906	0	0	0	1.65988803292024	0.89369416452988	2112	106
rice_rhizo	maaslin3_prev	rarefied	real_perm	66	2916	0	0	0	1.61287621417293	0.948057410230798	2112	106
rice_rhizo	maaslin3_prev	rarefied	real_perm	67	2960	0	0	0	1.90323764582514	1.14663857002902	2112	106
rice_rhizo	maaslin3_prev	rarefied	real_perm	68	2864	0	0	0	1.63524087866503	1.10864059051272	2112	106
rice_rhizo	maaslin3_prev	rarefied	real_perm	69	2996	0	0	0	1.63524087866503	1.01296085003209	2112	106
rice_rhizo	maaslin3_prev	rarefied	real_perm	70	2811	0	0	0	1.75517504405692	1.08924965045829	2112	106
rice_rhizo	maaslin3_prev	rarefied	real_perm	71	2961	0	0	0	1.65677783626011	1.00277081642018	20321	106
rice_rhizo	maaslin3_prev	rarefied	real_perm	72	2830	0	0	0	1.68429111440739	1.27301119622864	2112	106
rice_rhizo	maaslin3_prev	rarefied	real_perm	73	2886	0	0	0	1.61287621417293	0.927646300942565	16016	106
rice_rhizo	maaslin3_prev	rarefied	real_perm	74	2933	0	0	0	1.65677783626011	0.939801315521801	16016	106
rice_rhizo	maaslin3_prev	rarefied	real_perm	75	3001	0	0	0	1.61417759352102	0.954345917471466	2112	106
rice_rhizo	maaslin3_prev	rarefied	real_perm	76	2957	0	0	0	1.55931602728803	0.978698224852071	2112	106
rice_rhizo	maaslin3_prev	rarefied	real_perm	77	2795	0	0	0	1.58892712359762	0.997059725454119	2112	106
rice_rhizo	maaslin3_prev	rarefied	real_perm	78	2946	0	0	0	1.73806883918241	0.976433410095645	2112	106
rice_rhizo	maaslin3_prev	rarefied	real_perm	79	2871	0	0	0	1.74308233706132	0.931312296648247	2112	106
rice_rhizo	maaslin3_prev	rarefied	real_perm	80	2927	0	0	0	1.68429111440739	1.09158168722813	2112	106
rice_rhizo	maaslin3_prev	rarefied	real_perm	81	2939	0	0	0	1.53510175064427	0.872114392571576	2112	106
rice_rhizo	maaslin3_prev	rarefied	real_perm	82	2988	0	0	0	1.72647016603665	0.844207810024661	16016	106
rice_rhizo	maaslin3_prev	rarefied	real_perm	83	2875	0	0	0	1.54136674664534	0.907431973339373	2112	106
rice_rhizo	maaslin3_prev	rarefied	real_perm	84	2877	0	0	0	1.65677783626011	1.01214824982841	2112	106
rice_rhizo	maaslin3_prev	rarefied	real_perm	85	2907	0	0	0	1.614059808987	0.991828361973299	2112	106
rice_rhizo	maaslin3_prev	rarefied	real_perm	86	2926	0	0	0	1.68429111440739	0.950810393619758	2112	106
rice_rhizo	maaslin3_prev	rarefied	real_perm	87	2921	0	0	0	1.55199260167323	0.897527446601025	2112	106
rice_rhizo	maaslin3_prev	rarefied	real_perm	88	2983	0	0	0	1.53847862792144	0.942865307357415	16016	106
rice_rhizo	maaslin3_prev	rarefied	real_perm	89	2888	0	0	0	1.62859432450269	1.07728423815597	2112	106
rice_rhizo	maaslin3_prev	rarefied	real_perm	90	2859	0	0	0	1.69095300628459	1.21127419449155	16016	106
rice_rhizo	maaslin3_prev	rarefied	real_perm	91	2852	0	0	0	1.53510175064427	1.10496797771104	2112	106
rice_rhizo	maaslin3_prev	rarefied	real_perm	92	2808	0	0	0	1.67229078287698	1.19585993422325	2112	106
rice_rhizo	maaslin3_prev	rarefied	real_perm	93	2886	0	0	0	1.67229078287698	1.07565754255737	2112	106
rice_rhizo	maaslin3_prev	rarefied	real_perm	94	2811	0	0	0	1.81544108008913	1.04281798245614	2112	106
rice_rhizo	maaslin3_prev	rarefied	real_perm	95	2930	0	0	0	1.69095300628459	0.997236839789507	16016	106
rice_rhizo	maaslin3_prev	rarefied	real_perm	96	2921	0	0	0	1.89039192554725	1.06388761427412	2112	106
rice_rhizo	maaslin3_prev	rarefied	real_perm	97	2936	0	0	0	1.55181283410499	1.06123978444738	2112	106
rice_rhizo	maaslin3_prev	rarefied	real_perm	98	2937	0	0	0	1.74937737580286	0.98905792241714	2112	106
rice_rhizo	maaslin3_prev	rarefied	real_perm	99	2850	0	0	0	1.68429111440739	0.942880697208809	2112	106
rice_rhizo	maaslin3_prev	rarefied	real_perm	100	2922	0	0	0	1.69583059750492	1.17903874269006	2112	106
rice_rhizo	maaslin3_prev	raw	real_depth	1	2818	91	0.0322924059616749	1	1.61417759352102	1.18550976978139	2112	106
rice_rhizo	maaslin3_prev	raw	real_depth	2	2830	13	0.00459363957597173	1	1.68429111440739	1.01386460154884	16016	106
rice_rhizo	maaslin3_prev	raw	real_depth	3	2921	17	0.00581992468332763	1	1.61287621417293	0.986324996920044	2112	106
rice_rhizo	maaslin3_prev	raw	real_depth	4	2972	58	0.0195154777927322	1	1.62859432450269	0.843518986928638	2112	106
rice_rhizo	maaslin3_prev	raw	real_depth	5	2991	48	0.0160481444332999	1	1.53847862792144	1.18120191941504	2112	106
rice_rhizo	maaslin3_prev	raw	real_depth	6	2890	8	0.0027681660899654	1	1.83312196153033	0.834972272375548	2112	106
rice_rhizo	maaslin3_prev	raw	real_depth	7	2856	2	0.000700280112044818	1	1.57278212501178	1.12749081060166	20321	106
rice_rhizo	maaslin3_prev	raw	real_depth	8	2912	23	0.00789835164835165	1	1.72647016603665	0.975434247447882	2112	106
rice_rhizo	maaslin3_prev	raw	real_depth	9	2883	92	0.0319112036073535	1	1.57808465006347	0.943232924580192	2112	106
rice_rhizo	maaslin3_prev	raw	real_depth	10	2802	24	0.00856531049250535	1	1.69095300628459	0.960568251169729	16016	106
rice_rhizo	maaslin3_prev	raw	real_depth	11	2799	10	0.00357270453733476	1	1.75517504405692	0.937059015088468	2112	106
rice_rhizo	maaslin3_prev	raw	real_depth	12	2909	43	0.0147817119284978	1	1.70446403318563	0.964760970235329	2112	106
rice_rhizo	maaslin3_prev	raw	real_depth	13	2974	48	0.0161398789509079	1	1.68429111440739	1.04160314038869	2112	106
rice_rhizo	maaslin3_prev	raw	real_depth	14	2838	15	0.00528541226215645	1	1.69956161025738	0.88355191167584	2112	106
rice_rhizo	maaslin3_prev	raw	real_depth	15	2857	20	0.00700035001750087	1	1.58892712359762	0.843146244023839	2112	106
rice_rhizo	maaslin3_prev	raw	real_depth	16	2941	8	0.00272016320979259	1	1.63217686433487	1.10612003960698	2112	106
rice_rhizo	maaslin3_prev	raw	real_depth	17	2975	33	0.0110924369747899	1	1.55931602728803	1.07312805526995	20321	106
rice_rhizo	maaslin3_prev	raw	real_depth	18	3000	135	0.045	1	1.69221930400525	0.939948906804685	2112	106
rice_rhizo	maaslin3_prev	raw	real_depth	19	2831	14	0.0049452490286118	1	1.81884912832612	1.07799707602339	2112	106
rice_rhizo	maaslin3_prev	raw	real_depth	20	2886	3	0.00103950103950104	1	1.55181283410499	0.976433410095645	2112	106
rice_rhizo	maaslin3_prev	raw	real_depth	21	2846	29	0.0101897399859452	1	1.59648787023303	1.03560222491621	2112	106
rice_rhizo	maaslin3_prev	raw	real_depth	22	2902	53	0.018263266712612	1	1.65928160648628	0.919627749576988	2112	106
rice_rhizo	maaslin3_prev	raw	real_depth	23	2910	4	0.0013745704467354	1	1.62034518337867	0.931312296648247	20321	106
rice_rhizo	maaslin3_prev	raw	real_depth	24	2880	8	0.00277777777777778	1	1.60641631315079	1.03236603104534	2112	106
rice_rhizo	maaslin3_prev	raw	real_depth	25	2816	36	0.0127840909090909	1	1.66549363671423	0.870635894505051	2112	106
rice_rhizo	maaslin3_prev	raw	real_depth	26	2992	61	0.0203877005347594	1	1.54136674664534	1.11831964395557	2112	106
rice_rhizo	maaslin3_prev	raw	real_depth	27	2982	19	0.00637156270959088	1	1.62859432450269	0.845922683695634	16016	106
rice_rhizo	maaslin3_prev	raw	real_depth	28	3033	91	0.0300032970656116	1	1.63524087866503	1.04702652281807	16016	106
rice_rhizo	maaslin3_prev	raw	real_depth	29	2829	48	0.0169671261930011	1	1.70083435467144	0.942865307357415	2112	106
rice_rhizo	maaslin3_prev	raw	real_depth	30	2931	45	0.015353121801433	1	1.61417759352102	1.2370494585421	2112	106
rice_rhizo	maaslin3_prev	raw	real_depth	31	2896	56	0.0193370165745856	1	1.63524087866503	1.19445256612674	2112	106
rice_rhizo	maaslin3_prev	raw	real_depth	32	2847	99	0.0347734457323498	1	1.73806883918241	0.930516600352227	2112	106
rice_rhizo	maaslin3_prev	raw	real_depth	33	2888	9	0.00311634349030471	1	1.60199502354928	0.950810393619758	16016	106
rice_rhizo	maaslin3_prev	raw	real_depth	34	2965	2	0.000674536256323777	1	1.58892712359762	1.0865831365679	2112	106
rice_rhizo	maaslin3_prev	raw	real_depth	35	2924	36	0.012311901504788	1	1.59836537609639	0.96322980945277	2112	106
rice_rhizo	maaslin3_prev	raw	real_depth	36	2883	4	0.00138744363510232	1	1.57841519751108	0.927862104450733	2112	106
rice_rhizo	maaslin3_prev	raw	real_depth	37	2852	17	0.00596072931276297	1	1.74308233706132	1.17061519341308	2112	106
rice_rhizo	maaslin3_prev	raw	real_depth	38	2965	6	0.00202360876897133	1	1.62034518337867	1.08718932748538	2112	106
rice_rhizo	maaslin3_prev	raw	real_depth	39	2990	21	0.00702341137123746	1	1.59836537609639	0.996722717913521	16016	106
rice_rhizo	maaslin3_prev	raw	real_depth	40	2844	26	0.00914205344585091	1	1.65677783626011	1.09966912512246	2112	106
rice_rhizo	maaslin3_prev	raw	real_depth	41	2915	15	0.00514579759862779	1	1.62390957696276	0.995724024323993	2112	106
rice_rhizo	maaslin3_prev	raw	real_depth	42	2979	71	0.0238335011748909	1	1.72517823819322	0.85982753693836	2112	106
rice_rhizo	maaslin3_prev	raw	real_depth	43	2804	5	0.00178316690442225	1	1.58087890441797	0.954345917471466	2112	106
rice_rhizo	maaslin3_prev	raw	real_depth	44	2988	45	0.0150602409638554	1	1.81884912832612	1.02855529278882	2112	106
rice_rhizo	maaslin3_prev	raw	real_depth	45	2954	18	0.00609343263371699	1	1.62492768993444	1.09867095510083	16016	106
rice_rhizo	maaslin3_prev	raw	real_depth	46	2885	41	0.01421143847487	1	1.74062131340936	1.13934939005317	2112	106
rice_rhizo	maaslin3_prev	raw	real_depth	47	3077	48	0.0155996100097498	1	1.62381176049565	0.97377038443906	16016	106
rice_rhizo	maaslin3_prev	raw	real_depth	48	2854	68	0.0238262088297127	1	1.62695807147547	1.14787874171681	2112	106
rice_rhizo	maaslin3_prev	raw	real_depth	49	2834	26	0.0091743119266055	1	1.72647016603665	0.948421413864104	2112	106
rice_rhizo	maaslin3_prev	raw	real_depth	50	2835	58	0.0204585537918871	1	1.57462703258852	1.0154762519582	2112	106
rice_rhizo	maaslin3_prev	raw	real_depth	51	2877	39	0.013555787278415	1	1.69956161025738	0.9847596121245	2112	106
rice_rhizo	maaslin3_prev	raw	real_depth	52	2895	94	0.0324697754749568	1	1.614059808987	0.94871711117281	2112	106
rice_rhizo	maaslin3_prev	raw	real_depth	53	2773	18	0.00649116480346195	1	1.74937737580286	1.02933059148222	2112	106
rice_rhizo	maaslin3_prev	raw	real_depth	54	2902	4	0.00137835975189524	1	1.54136674664534	1.1112209240761	2112	106
rice_rhizo	maaslin3_prev	raw	real_depth	55	2935	15	0.00511073253833049	1	1.69956161025738	0.992445782929825	2112	106
rice_rhizo	maaslin3_prev	raw	real_depth	56	2856	23	0.0080532212885154	1	1.69956161025738	0.997236839789507	2112	106
rice_rhizo	maaslin3_prev	raw	real_depth	57	2981	6	0.00201274740020127	1	1.60319470363459	1.03945304143193	2112	106
rice_rhizo	maaslin3_prev	raw	real_depth	58	2846	17	0.00597329585382994	1	1.63524087866503	0.927646300942565	2112	106
rice_rhizo	maaslin3_prev	raw	real_depth	59	2878	24	0.00833912439193885	1	1.62859432450269	1.05162946587749	2112	106
rice_rhizo	maaslin3_prev	raw	real_depth	60	2925	6	0.00205128205128205	1	1.65677783626011	1.08620248538012	2112	106
rice_rhizo	maaslin3_prev	raw	real_depth	61	2872	31	0.0107938718662953	1	1.69956161025738	0.967366243981827	2112	106
rice_rhizo	maaslin3_prev	raw	real_depth	62	2921	66	0.0225950017117426	1	1.63217686433487	1.08885402552949	2112	106
rice_rhizo	maaslin3_prev	raw	real_depth	63	2958	75	0.0253549695740365	1	1.54068367838228	1.08148318096784	23595	106
rice_rhizo	maaslin3_prev	raw	real_depth	64	2949	39	0.0132248219735504	1	1.65988803292024	0.910190622003129	2112	106
rice_rhizo	maaslin3_prev	raw	real_depth	65	2906	26	0.00894700619408121	1	1.65988803292024	0.89369416452988	2112	106
rice_rhizo	maaslin3_prev	raw	real_depth	66	2916	32	0.0109739368998628	1	1.61287621417293	0.948057410230798	2112	106
rice_rhizo	maaslin3_prev	raw	real_depth	67	2960	119	0.0402027027027027	1	1.90323764582514	1.14663857002902	2112	106
rice_rhizo	maaslin3_prev	raw	real_depth	68	2864	126	0.0439944134078212	1	1.63524087866503	1.10864059051272	2112	106
rice_rhizo	maaslin3_prev	raw	real_depth	69	2996	29	0.00967957276368491	1	1.63524087866503	1.01296085003209	2112	106
rice_rhizo	maaslin3_prev	raw	real_depth	70	2811	7	0.00249021700462469	1	1.75517504405692	1.08924965045829	2112	106
rice_rhizo	maaslin3_prev	raw	real_depth	71	2961	29	0.00979398851739277	1	1.65677783626011	1.00277081642018	20321	106
rice_rhizo	maaslin3_prev	raw	real_depth	72	2830	57	0.0201413427561837	1	1.68429111440739	1.27301119622864	2112	106
rice_rhizo	maaslin3_prev	raw	real_depth	73	2886	6	0.00207900207900208	1	1.61287621417293	0.927646300942565	16016	106
rice_rhizo	maaslin3_prev	raw	real_depth	74	2933	35	0.0119331742243437	1	1.65677783626011	0.939801315521801	16016	106
rice_rhizo	maaslin3_prev	raw	real_depth	75	3001	59	0.0196601132955681	1	1.61417759352102	0.954345917471466	2112	106
rice_rhizo	maaslin3_prev	raw	real_depth	76	2957	37	0.0125126817720663	1	1.55931602728803	0.978698224852071	2112	106
rice_rhizo	maaslin3_prev	raw	real_depth	77	2795	2	0.000715563506261181	1	1.58892712359762	0.997059725454119	2112	106
rice_rhizo	maaslin3_prev	raw	real_depth	78	2946	61	0.0207060420909708	1	1.73806883918241	0.976433410095645	2112	106
rice_rhizo	maaslin3_prev	raw	real_depth	79	2871	3	0.00104493207941484	1	1.74308233706132	0.931312296648247	2112	106
rice_rhizo	maaslin3_prev	raw	real_depth	80	2927	55	0.0187905705500512	1	1.68429111440739	1.09158168722813	2112	106
rice_rhizo	maaslin3_prev	raw	real_depth	81	2939	10	0.00340251786321878	1	1.53510175064427	0.872114392571576	2112	106
rice_rhizo	maaslin3_prev	raw	real_depth	82	2988	21	0.0070281124497992	1	1.72647016603665	0.844207810024661	16016	106
rice_rhizo	maaslin3_prev	raw	real_depth	83	2875	30	0.0104347826086957	1	1.54136674664534	0.907431973339373	2112	106
rice_rhizo	maaslin3_prev	raw	real_depth	84	2877	43	0.0149461244351755	1	1.65677783626011	1.01214824982841	2112	106
rice_rhizo	maaslin3_prev	raw	real_depth	85	2907	57	0.0196078431372549	1	1.614059808987	0.991828361973299	2112	106
rice_rhizo	maaslin3_prev	raw	real_depth	86	2926	28	0.00956937799043062	1	1.68429111440739	0.950810393619758	2112	106
rice_rhizo	maaslin3_prev	raw	real_depth	87	2921	59	0.0201985621362547	1	1.55199260167323	0.897527446601025	2112	106
rice_rhizo	maaslin3_prev	raw	real_depth	88	2983	48	0.0160911833724438	1	1.53847862792144	0.942865307357415	16016	106
rice_rhizo	maaslin3_prev	raw	real_depth	89	2888	26	0.00900277008310249	1	1.62859432450269	1.07728423815597	2112	106
rice_rhizo	maaslin3_prev	raw	real_depth	90	2859	46	0.0160895417978314	1	1.69095300628459	1.21127419449155	16016	106
rice_rhizo	maaslin3_prev	raw	real_depth	91	2852	14	0.00490883590462833	1	1.53510175064427	1.10496797771104	2112	106
rice_rhizo	maaslin3_prev	raw	real_depth	92	2808	14	0.00498575498575499	1	1.67229078287698	1.19585993422325	2112	106
rice_rhizo	maaslin3_prev	raw	real_depth	93	2886	21	0.00727650727650728	1	1.67229078287698	1.07565754255737	2112	106
rice_rhizo	maaslin3_prev	raw	real_depth	94	2811	5	0.00177872643187478	1	1.81544108008913	1.04281798245614	2112	106
rice_rhizo	maaslin3_prev	raw	real_depth	95	2930	8	0.00273037542662116	1	1.69095300628459	0.997236839789507	16016	106
rice_rhizo	maaslin3_prev	raw	real_depth	96	2921	32	0.0109551523450873	1	1.89039192554725	1.06388761427412	2112	106
rice_rhizo	maaslin3_prev	raw	real_depth	97	2936	7	0.0023841961852861	1	1.55181283410499	1.06123978444738	2112	106
rice_rhizo	maaslin3_prev	raw	real_depth	98	2937	16	0.00544773578481444	1	1.74937737580286	0.98905792241714	2112	106
rice_rhizo	maaslin3_prev	raw	real_depth	99	2850	5	0.00175438596491228	1	1.68429111440739	0.942880697208809	2112	106
rice_rhizo	maaslin3_prev	raw	real_depth	100	2922	42	0.0143737166324435	1	1.69583059750492	1.17903874269006	2112	106
rice_rhizo	maaslin3_prev	raw	real_perm	1	2818	0	0	0	1.61417759352102	1.18550976978139	2112	106
rice_rhizo	maaslin3_prev	raw	real_perm	2	2830	0	0	0	1.68429111440739	1.01386460154884	16016	106
rice_rhizo	maaslin3_prev	raw	real_perm	3	2921	0	0	0	1.61287621417293	0.986324996920044	2112	106
rice_rhizo	maaslin3_prev	raw	real_perm	4	2972	0	0	0	1.62859432450269	0.843518986928638	2112	106
rice_rhizo	maaslin3_prev	raw	real_perm	5	2991	0	0	0	1.53847862792144	1.18120191941504	2112	106
rice_rhizo	maaslin3_prev	raw	real_perm	6	2890	0	0	0	1.83312196153033	0.834972272375548	2112	106
rice_rhizo	maaslin3_prev	raw	real_perm	7	2856	0	0	0	1.57278212501178	1.12749081060166	20321	106
rice_rhizo	maaslin3_prev	raw	real_perm	8	2912	0	0	0	1.72647016603665	0.975434247447882	2112	106
rice_rhizo	maaslin3_prev	raw	real_perm	9	2883	0	0	0	1.57808465006347	0.943232924580192	2112	106
rice_rhizo	maaslin3_prev	raw	real_perm	10	2802	0	0	0	1.69095300628459	0.960568251169729	16016	106
rice_rhizo	maaslin3_prev	raw	real_perm	11	2799	0	0	0	1.75517504405692	0.937059015088468	2112	106
rice_rhizo	maaslin3_prev	raw	real_perm	12	2909	0	0	0	1.70446403318563	0.964760970235329	2112	106
rice_rhizo	maaslin3_prev	raw	real_perm	13	2974	0	0	0	1.68429111440739	1.04160314038869	2112	106
rice_rhizo	maaslin3_prev	raw	real_perm	14	2838	0	0	0	1.69956161025738	0.88355191167584	2112	106
rice_rhizo	maaslin3_prev	raw	real_perm	15	2857	0	0	0	1.58892712359762	0.843146244023839	2112	106
rice_rhizo	maaslin3_prev	raw	real_perm	16	2941	0	0	0	1.63217686433487	1.10612003960698	2112	106
rice_rhizo	maaslin3_prev	raw	real_perm	17	2975	0	0	0	1.55931602728803	1.07312805526995	20321	106
rice_rhizo	maaslin3_prev	raw	real_perm	18	3000	0	0	0	1.69221930400525	0.939948906804685	2112	106
rice_rhizo	maaslin3_prev	raw	real_perm	19	2831	0	0	0	1.81884912832612	1.07799707602339	2112	106
rice_rhizo	maaslin3_prev	raw	real_perm	20	2886	0	0	0	1.55181283410499	0.976433410095645	2112	106
rice_rhizo	maaslin3_prev	raw	real_perm	21	2846	0	0	0	1.59648787023303	1.03560222491621	2112	106
rice_rhizo	maaslin3_prev	raw	real_perm	22	2902	0	0	0	1.65928160648628	0.919627749576988	2112	106
rice_rhizo	maaslin3_prev	raw	real_perm	23	2910	0	0	0	1.62034518337867	0.931312296648247	20321	106
rice_rhizo	maaslin3_prev	raw	real_perm	24	2880	0	0	0	1.60641631315079	1.03236603104534	2112	106
rice_rhizo	maaslin3_prev	raw	real_perm	25	2816	0	0	0	1.66549363671423	0.870635894505051	2112	106
rice_rhizo	maaslin3_prev	raw	real_perm	26	2992	0	0	0	1.54136674664534	1.11831964395557	2112	106
rice_rhizo	maaslin3_prev	raw	real_perm	27	2982	0	0	0	1.62859432450269	0.845922683695634	16016	106
rice_rhizo	maaslin3_prev	raw	real_perm	28	3033	0	0	0	1.63524087866503	1.04702652281807	16016	106
rice_rhizo	maaslin3_prev	raw	real_perm	29	2829	0	0	0	1.70083435467144	0.942865307357415	2112	106
rice_rhizo	maaslin3_prev	raw	real_perm	30	2931	0	0	0	1.61417759352102	1.2370494585421	2112	106
rice_rhizo	maaslin3_prev	raw	real_perm	31	2896	0	0	0	1.63524087866503	1.19445256612674	2112	106
rice_rhizo	maaslin3_prev	raw	real_perm	32	2847	0	0	0	1.73806883918241	0.930516600352227	2112	106
rice_rhizo	maaslin3_prev	raw	real_perm	33	2888	0	0	0	1.60199502354928	0.950810393619758	16016	106
rice_rhizo	maaslin3_prev	raw	real_perm	34	2965	0	0	0	1.58892712359762	1.0865831365679	2112	106
rice_rhizo	maaslin3_prev	raw	real_perm	35	2924	0	0	0	1.59836537609639	0.96322980945277	2112	106
rice_rhizo	maaslin3_prev	raw	real_perm	36	2883	0	0	0	1.57841519751108	0.927862104450733	2112	106
rice_rhizo	maaslin3_prev	raw	real_perm	37	2852	0	0	0	1.74308233706132	1.17061519341308	2112	106
rice_rhizo	maaslin3_prev	raw	real_perm	38	2965	0	0	0	1.62034518337867	1.08718932748538	2112	106
rice_rhizo	maaslin3_prev	raw	real_perm	39	2990	0	0	0	1.59836537609639	0.996722717913521	16016	106
rice_rhizo	maaslin3_prev	raw	real_perm	40	2844	0	0	0	1.65677783626011	1.09966912512246	2112	106
rice_rhizo	maaslin3_prev	raw	real_perm	41	2915	0	0	0	1.62390957696276	0.995724024323993	2112	106
rice_rhizo	maaslin3_prev	raw	real_perm	42	2979	0	0	0	1.72517823819322	0.85982753693836	2112	106
rice_rhizo	maaslin3_prev	raw	real_perm	43	2804	0	0	0	1.58087890441797	0.954345917471466	2112	106
rice_rhizo	maaslin3_prev	raw	real_perm	44	2988	0	0	0	1.81884912832612	1.02855529278882	2112	106
rice_rhizo	maaslin3_prev	raw	real_perm	45	2954	0	0	0	1.62492768993444	1.09867095510083	16016	106
rice_rhizo	maaslin3_prev	raw	real_perm	46	2885	0	0	0	1.74062131340936	1.13934939005317	2112	106
rice_rhizo	maaslin3_prev	raw	real_perm	47	3077	0	0	0	1.62381176049565	0.97377038443906	16016	106
rice_rhizo	maaslin3_prev	raw	real_perm	48	2854	0	0	0	1.62695807147547	1.14787874171681	2112	106
rice_rhizo	maaslin3_prev	raw	real_perm	49	2834	0	0	0	1.72647016603665	0.948421413864104	2112	106
rice_rhizo	maaslin3_prev	raw	real_perm	50	2835	0	0	0	1.57462703258852	1.0154762519582	2112	106
rice_rhizo	maaslin3_prev	raw	real_perm	51	2877	0	0	0	1.69956161025738	0.9847596121245	2112	106
rice_rhizo	maaslin3_prev	raw	real_perm	52	2895	0	0	0	1.614059808987	0.94871711117281	2112	106
rice_rhizo	maaslin3_prev	raw	real_perm	53	2773	0	0	0	1.74937737580286	1.02933059148222	2112	106
rice_rhizo	maaslin3_prev	raw	real_perm	54	2902	0	0	0	1.54136674664534	1.1112209240761	2112	106
rice_rhizo	maaslin3_prev	raw	real_perm	55	2935	0	0	0	1.69956161025738	0.992445782929825	2112	106
rice_rhizo	maaslin3_prev	raw	real_perm	56	2856	0	0	0	1.69956161025738	0.997236839789507	2112	106
rice_rhizo	maaslin3_prev	raw	real_perm	57	2981	0	0	0	1.60319470363459	1.03945304143193	2112	106
rice_rhizo	maaslin3_prev	raw	real_perm	58	2846	0	0	0	1.63524087866503	0.927646300942565	2112	106
rice_rhizo	maaslin3_prev	raw	real_perm	59	2878	0	0	0	1.62859432450269	1.05162946587749	2112	106
rice_rhizo	maaslin3_prev	raw	real_perm	60	2925	0	0	0	1.65677783626011	1.08620248538012	2112	106
rice_rhizo	maaslin3_prev	raw	real_perm	61	2872	0	0	0	1.69956161025738	0.967366243981827	2112	106
rice_rhizo	maaslin3_prev	raw	real_perm	62	2921	0	0	0	1.63217686433487	1.08885402552949	2112	106
rice_rhizo	maaslin3_prev	raw	real_perm	63	2958	0	0	0	1.54068367838228	1.08148318096784	23595	106
rice_rhizo	maaslin3_prev	raw	real_perm	64	2949	0	0	0	1.65988803292024	0.910190622003129	2112	106
rice_rhizo	maaslin3_prev	raw	real_perm	65	2906	0	0	0	1.65988803292024	0.89369416452988	2112	106
rice_rhizo	maaslin3_prev	raw	real_perm	66	2916	0	0	0	1.61287621417293	0.948057410230798	2112	106
rice_rhizo	maaslin3_prev	raw	real_perm	67	2960	0	0	0	1.90323764582514	1.14663857002902	2112	106
rice_rhizo	maaslin3_prev	raw	real_perm	68	2864	0	0	0	1.63524087866503	1.10864059051272	2112	106
rice_rhizo	maaslin3_prev	raw	real_perm	69	2996	0	0	0	1.63524087866503	1.01296085003209	2112	106
rice_rhizo	maaslin3_prev	raw	real_perm	70	2811	0	0	0	1.75517504405692	1.08924965045829	2112	106
rice_rhizo	maaslin3_prev	raw	real_perm	71	2961	0	0	0	1.65677783626011	1.00277081642018	20321	106
rice_rhizo	maaslin3_prev	raw	real_perm	72	2830	0	0	0	1.68429111440739	1.27301119622864	2112	106
rice_rhizo	maaslin3_prev	raw	real_perm	73	2886	0	0	0	1.61287621417293	0.927646300942565	16016	106
rice_rhizo	maaslin3_prev	raw	real_perm	74	2933	0	0	0	1.65677783626011	0.939801315521801	16016	106
rice_rhizo	maaslin3_prev	raw	real_perm	75	3001	0	0	0	1.61417759352102	0.954345917471466	2112	106
rice_rhizo	maaslin3_prev	raw	real_perm	76	2957	0	0	0	1.55931602728803	0.978698224852071	2112	106
rice_rhizo	maaslin3_prev	raw	real_perm	77	2795	0	0	0	1.58892712359762	0.997059725454119	2112	106
rice_rhizo	maaslin3_prev	raw	real_perm	78	2946	0	0	0	1.73806883918241	0.976433410095645	2112	106
rice_rhizo	maaslin3_prev	raw	real_perm	79	2871	0	0	0	1.74308233706132	0.931312296648247	2112	106
rice_rhizo	maaslin3_prev	raw	real_perm	80	2927	0	0	0	1.68429111440739	1.09158168722813	2112	106
rice_rhizo	maaslin3_prev	raw	real_perm	81	2939	0	0	0	1.53510175064427	0.872114392571576	2112	106
rice_rhizo	maaslin3_prev	raw	real_perm	82	2988	0	0	0	1.72647016603665	0.844207810024661	16016	106
rice_rhizo	maaslin3_prev	raw	real_perm	83	2875	0	0	0	1.54136674664534	0.907431973339373	2112	106
rice_rhizo	maaslin3_prev	raw	real_perm	84	2877	0	0	0	1.65677783626011	1.01214824982841	2112	106
rice_rhizo	maaslin3_prev	raw	real_perm	85	2907	0	0	0	1.614059808987	0.991828361973299	2112	106
rice_rhizo	maaslin3_prev	raw	real_perm	86	2926	0	0	0	1.68429111440739	0.950810393619758	2112	106
rice_rhizo	maaslin3_prev	raw	real_perm	87	2921	0	0	0	1.55199260167323	0.897527446601025	2112	106
rice_rhizo	maaslin3_prev	raw	real_perm	88	2983	0	0	0	1.53847862792144	0.942865307357415	16016	106
rice_rhizo	maaslin3_prev	raw	real_perm	89	2888	0	0	0	1.62859432450269	1.07728423815597	2112	106
rice_rhizo	maaslin3_prev	raw	real_perm	90	2859	0	0	0	1.69095300628459	1.21127419449155	16016	106
rice_rhizo	maaslin3_prev	raw	real_perm	91	2852	0	0	0	1.53510175064427	1.10496797771104	2112	106
rice_rhizo	maaslin3_prev	raw	real_perm	92	2808	0	0	0	1.67229078287698	1.19585993422325	2112	106
rice_rhizo	maaslin3_prev	raw	real_perm	93	2886	0	0	0	1.67229078287698	1.07565754255737	2112	106
rice_rhizo	maaslin3_prev	raw	real_perm	94	2811	0	0	0	1.81544108008913	1.04281798245614	2112	106
rice_rhizo	maaslin3_prev	raw	real_perm	95	2930	0	0	0	1.69095300628459	0.997236839789507	16016	106
rice_rhizo	maaslin3_prev	raw	real_perm	96	2921	0	0	0	1.89039192554725	1.06388761427412	2112	106
rice_rhizo	maaslin3_prev	raw	real_perm	97	2936	0	0	0	1.55181283410499	1.06123978444738	2112	106
rice_rhizo	maaslin3_prev	raw	real_perm	98	2937	0	0	0	1.74937737580286	0.98905792241714	2112	106
rice_rhizo	maaslin3_prev	raw	real_perm	99	2850	0	0	0	1.68429111440739	0.942880697208809	2112	106
rice_rhizo	maaslin3_prev	raw	real_perm	100	2922	0	0	0	1.69583059750492	1.17903874269006	2112	106
rice_rhizo	wilcoxon	rarefied	real_depth	1	2818	70	0.0248403122782115	1	1.61417759352102	1.18550976978139	2112	106
rice_rhizo	wilcoxon	rarefied	real_depth	2	2830	150	0.0530035335689046	1	1.68429111440739	1.01386460154884	16016	106
rice_rhizo	wilcoxon	rarefied	real_depth	3	2921	12	0.00410818212940774	1	1.61287621417293	0.986324996920044	2112	106
rice_rhizo	wilcoxon	rarefied	real_depth	4	2972	45	0.0151413189771198	1	1.62859432450269	0.843518986928638	2112	106
rice_rhizo	wilcoxon	rarefied	real_depth	5	2991	16	0.00534938147776663	1	1.53847862792144	1.18120191941504	2112	106
rice_rhizo	wilcoxon	rarefied	real_depth	6	2890	1	0.000346020761245675	1	1.83312196153033	0.834972272375548	2112	106
rice_rhizo	wilcoxon	rarefied	real_depth	7	2856	35	0.0122549019607843	1	1.57278212501178	1.12749081060166	20321	106
rice_rhizo	wilcoxon	rarefied	real_depth	8	2912	20	0.00686813186813187	1	1.72647016603665	0.975434247447882	2112	106
rice_rhizo	wilcoxon	rarefied	real_depth	9	2883	68	0.0235865417967395	1	1.57808465006347	0.943232924580192	2112	106
rice_rhizo	wilcoxon	rarefied	real_depth	10	2802	181	0.0645967166309779	1	1.69095300628459	0.960568251169729	16016	106
rice_rhizo	wilcoxon	rarefied	real_depth	11	2799	6	0.00214362272240086	1	1.75517504405692	0.937059015088468	2112	106
rice_rhizo	wilcoxon	rarefied	real_depth	12	2909	6	0.00206256445513922	1	1.70446403318563	0.964760970235329	2112	106
rice_rhizo	wilcoxon	rarefied	real_depth	13	2974	34	0.0114324142568931	1	1.68429111440739	1.04160314038869	2112	106
rice_rhizo	wilcoxon	rarefied	real_depth	14	2838	4	0.00140944326990839	1	1.69956161025738	0.88355191167584	2112	106
rice_rhizo	wilcoxon	rarefied	real_depth	15	2857	2	0.000700035001750087	1	1.58892712359762	0.843146244023839	2112	106
rice_rhizo	wilcoxon	rarefied	real_depth	16	2941	21	0.00714042842570554	1	1.63217686433487	1.10612003960698	2112	106
rice_rhizo	wilcoxon	rarefied	real_depth	17	2975	175	0.0588235294117647	1	1.55931602728803	1.07312805526995	20321	106
rice_rhizo	wilcoxon	rarefied	real_depth	18	3000	65	0.0216666666666667	1	1.69221930400525	0.939948906804685	2112	106
rice_rhizo	wilcoxon	rarefied	real_depth	19	2831	35	0.0123631225715295	1	1.81884912832612	1.07799707602339	2112	106
rice_rhizo	wilcoxon	rarefied	real_depth	20	2886	2	0.000693000693000693	1	1.55181283410499	0.976433410095645	2112	106
rice_rhizo	wilcoxon	rarefied	real_depth	21	2846	11	0.00386507378777231	1	1.59648787023303	1.03560222491621	2112	106
rice_rhizo	wilcoxon	rarefied	real_depth	22	2902	44	0.0151619572708477	1	1.65928160648628	0.919627749576988	2112	106
rice_rhizo	wilcoxon	rarefied	real_depth	23	2910	102	0.0350515463917526	1	1.62034518337867	0.931312296648247	20321	106
rice_rhizo	wilcoxon	rarefied	real_depth	24	2880	2	0.000694444444444444	1	1.60641631315079	1.03236603104534	2112	106
rice_rhizo	wilcoxon	rarefied	real_depth	25	2816	22	0.0078125	1	1.66549363671423	0.870635894505051	2112	106
rice_rhizo	wilcoxon	rarefied	real_depth	26	2992	48	0.0160427807486631	1	1.54136674664534	1.11831964395557	2112	106
rice_rhizo	wilcoxon	rarefied	real_depth	27	2982	106	0.0355466130114017	1	1.62859432450269	0.845922683695634	16016	106
rice_rhizo	wilcoxon	rarefied	real_depth	28	3033	424	0.13979558193208	1	1.63524087866503	1.04702652281807	16016	106
rice_rhizo	wilcoxon	rarefied	real_depth	29	2829	37	0.0130788264404383	1	1.70083435467144	0.942865307357415	2112	106
rice_rhizo	wilcoxon	rarefied	real_depth	30	2931	13	0.00443534629819174	1	1.61417759352102	1.2370494585421	2112	106
rice_rhizo	wilcoxon	rarefied	real_depth	31	2896	65	0.0224447513812155	1	1.63524087866503	1.19445256612674	2112	106
rice_rhizo	wilcoxon	rarefied	real_depth	32	2847	92	0.0323147172462241	1	1.73806883918241	0.930516600352227	2112	106
rice_rhizo	wilcoxon	rarefied	real_depth	33	2888	65	0.0225069252077562	1	1.60199502354928	0.950810393619758	16016	106
rice_rhizo	wilcoxon	rarefied	real_depth	34	2965	2	0.000674536256323777	1	1.58892712359762	1.0865831365679	2112	106
rice_rhizo	wilcoxon	rarefied	real_depth	35	2924	25	0.0085499316005472	1	1.59836537609639	0.96322980945277	2112	106
rice_rhizo	wilcoxon	rarefied	real_depth	36	2883	2	0.000693721817551162	1	1.57841519751108	0.927862104450733	2112	106
rice_rhizo	wilcoxon	rarefied	real_depth	37	2852	2	0.000701262272089762	1	1.74308233706132	1.17061519341308	2112	106
rice_rhizo	wilcoxon	rarefied	real_depth	38	2965	3	0.00101180438448567	1	1.62034518337867	1.08718932748538	2112	106
rice_rhizo	wilcoxon	rarefied	real_depth	39	2990	95	0.0317725752508361	1	1.59836537609639	0.996722717913521	16016	106
rice_rhizo	wilcoxon	rarefied	real_depth	40	2844	10	0.00351617440225035	1	1.65677783626011	1.09966912512246	2112	106
rice_rhizo	wilcoxon	rarefied	real_depth	41	2915	4	0.00137221269296741	1	1.62390957696276	0.995724024323993	2112	106
rice_rhizo	wilcoxon	rarefied	real_depth	42	2979	69	0.0231621349446123	1	1.72517823819322	0.85982753693836	2112	106
rice_rhizo	wilcoxon	rarefied	real_depth	43	2804	3	0.00106990014265335	1	1.58087890441797	0.954345917471466	2112	106
rice_rhizo	wilcoxon	rarefied	real_depth	44	2988	23	0.00769745649263722	1	1.81884912832612	1.02855529278882	2112	106
rice_rhizo	wilcoxon	rarefied	real_depth	45	2954	132	0.044685172647258	1	1.62492768993444	1.09867095510083	16016	106
rice_rhizo	wilcoxon	rarefied	real_depth	46	2885	36	0.0124783362218371	1	1.74062131340936	1.13934939005317	2112	106
rice_rhizo	wilcoxon	rarefied	real_depth	47	3077	214	0.0695482612934677	1	1.62381176049565	0.97377038443906	16016	106
rice_rhizo	wilcoxon	rarefied	real_depth	48	2854	41	0.0143658023826209	1	1.62695807147547	1.14787874171681	2112	106
rice_rhizo	wilcoxon	rarefied	real_depth	49	2834	56	0.0197600564573042	1	1.72647016603665	0.948421413864104	2112	106
rice_rhizo	wilcoxon	rarefied	real_depth	50	2835	41	0.0144620811287478	1	1.57462703258852	1.0154762519582	2112	106
rice_rhizo	wilcoxon	rarefied	real_depth	51	2877	35	0.0121654501216545	1	1.69956161025738	0.9847596121245	2112	106
rice_rhizo	wilcoxon	rarefied	real_depth	52	2895	48	0.016580310880829	1	1.614059808987	0.94871711117281	2112	106
rice_rhizo	wilcoxon	rarefied	real_depth	53	2773	10	0.00360620266858997	1	1.74937737580286	1.02933059148222	2112	106
rice_rhizo	wilcoxon	rarefied	real_depth	54	2902	7	0.00241212956581668	1	1.54136674664534	1.1112209240761	2112	106
rice_rhizo	wilcoxon	rarefied	real_depth	55	2935	12	0.0040885860306644	1	1.69956161025738	0.992445782929825	2112	106
rice_rhizo	wilcoxon	rarefied	real_depth	56	2856	5	0.00175070028011204	1	1.69956161025738	0.997236839789507	2112	106
rice_rhizo	wilcoxon	rarefied	real_depth	57	2981	2	0.000670915800067092	1	1.60319470363459	1.03945304143193	2112	106
rice_rhizo	wilcoxon	rarefied	real_depth	58	2846	14	0.00491918482080112	1	1.63524087866503	0.927646300942565	2112	106
rice_rhizo	wilcoxon	rarefied	real_depth	59	2878	22	0.00764419735927728	1	1.62859432450269	1.05162946587749	2112	106
rice_rhizo	wilcoxon	rarefied	real_depth	60	2925	3	0.00102564102564103	1	1.65677783626011	1.08620248538012	2112	106
rice_rhizo	wilcoxon	rarefied	real_depth	61	2872	27	0.00940111420612813	1	1.69956161025738	0.967366243981827	2112	106
rice_rhizo	wilcoxon	rarefied	real_depth	62	2921	32	0.0109551523450873	1	1.63217686433487	1.08885402552949	2112	106
rice_rhizo	wilcoxon	rarefied	real_depth	63	2958	339	0.114604462474645	1	1.54068367838228	1.08148318096784	23595	106
rice_rhizo	wilcoxon	rarefied	real_depth	64	2949	24	0.0081383519837233	1	1.65988803292024	0.910190622003129	2112	106
rice_rhizo	wilcoxon	rarefied	real_depth	65	2906	14	0.00481761871988988	1	1.65988803292024	0.89369416452988	2112	106
rice_rhizo	wilcoxon	rarefied	real_depth	66	2916	10	0.00342935528120713	1	1.61287621417293	0.948057410230798	2112	106
rice_rhizo	wilcoxon	rarefied	real_depth	67	2960	36	0.0121621621621622	1	1.90323764582514	1.14663857002902	2112	106
rice_rhizo	wilcoxon	rarefied	real_depth	68	2864	152	0.053072625698324	1	1.63524087866503	1.10864059051272	2112	106
rice_rhizo	wilcoxon	rarefied	real_depth	69	2996	10	0.00333778371161549	1	1.63524087866503	1.01296085003209	2112	106
rice_rhizo	wilcoxon	rarefied	real_depth	70	2811	11	0.00391319815012451	1	1.75517504405692	1.08924965045829	2112	106
rice_rhizo	wilcoxon	rarefied	real_depth	71	2961	175	0.0591016548463357	1	1.65677783626011	1.00277081642018	20321	106
rice_rhizo	wilcoxon	rarefied	real_depth	72	2830	41	0.0144876325088339	1	1.68429111440739	1.27301119622864	2112	106
rice_rhizo	wilcoxon	rarefied	real_depth	73	2886	54	0.0187110187110187	1	1.61287621417293	0.927646300942565	16016	106
rice_rhizo	wilcoxon	rarefied	real_depth	74	2933	366	0.124786907603137	1	1.65677783626011	0.939801315521801	16016	106
rice_rhizo	wilcoxon	rarefied	real_depth	75	3001	21	0.00699766744418527	1	1.61417759352102	0.954345917471466	2112	106
rice_rhizo	wilcoxon	rarefied	real_depth	76	2957	31	0.0104835982414609	1	1.55931602728803	0.978698224852071	2112	106
rice_rhizo	wilcoxon	rarefied	real_depth	77	2795	3	0.00107334525939177	1	1.58892712359762	0.997059725454119	2112	106
rice_rhizo	wilcoxon	rarefied	real_depth	78	2946	31	0.0105227427019688	1	1.73806883918241	0.976433410095645	2112	106
rice_rhizo	wilcoxon	rarefied	real_depth	79	2871	7	0.00243817485196796	1	1.74308233706132	0.931312296648247	2112	106
rice_rhizo	wilcoxon	rarefied	real_depth	80	2927	16	0.00546634779637854	1	1.68429111440739	1.09158168722813	2112	106
rice_rhizo	wilcoxon	rarefied	real_depth	81	2939	14	0.0047635250085063	1	1.53510175064427	0.872114392571576	2112	106
rice_rhizo	wilcoxon	rarefied	real_depth	82	2988	83	0.0277777777777778	1	1.72647016603665	0.844207810024661	16016	106
rice_rhizo	wilcoxon	rarefied	real_depth	83	2875	44	0.015304347826087	1	1.54136674664534	0.907431973339373	2112	106
rice_rhizo	wilcoxon	rarefied	real_depth	84	2877	31	0.010775112964894	1	1.65677783626011	1.01214824982841	2112	106
rice_rhizo	wilcoxon	rarefied	real_depth	85	2907	85	0.0292397660818713	1	1.614059808987	0.991828361973299	2112	106
rice_rhizo	wilcoxon	rarefied	real_depth	86	2926	7	0.00239234449760766	1	1.68429111440739	0.950810393619758	2112	106
rice_rhizo	wilcoxon	rarefied	real_depth	87	2921	39	0.0133515919205751	1	1.55199260167323	0.897527446601025	2112	106
rice_rhizo	wilcoxon	rarefied	real_depth	88	2983	327	0.109621186724774	1	1.53847862792144	0.942865307357415	16016	106
rice_rhizo	wilcoxon	rarefied	real_depth	89	2888	4	0.00138504155124654	1	1.62859432450269	1.07728423815597	2112	106
rice_rhizo	wilcoxon	rarefied	real_depth	90	2859	359	0.125568380552641	1	1.69095300628459	1.21127419449155	16016	106
rice_rhizo	wilcoxon	rarefied	real_depth	91	2852	12	0.00420757363253857	1	1.53510175064427	1.10496797771104	2112	106
rice_rhizo	wilcoxon	rarefied	real_depth	92	2808	19	0.00676638176638177	1	1.67229078287698	1.19585993422325	2112	106
rice_rhizo	wilcoxon	rarefied	real_depth	93	2886	5	0.00173250173250173	1	1.67229078287698	1.07565754255737	2112	106
rice_rhizo	wilcoxon	rarefied	real_depth	94	2811	2	0.000711490572749911	1	1.81544108008913	1.04281798245614	2112	106
rice_rhizo	wilcoxon	rarefied	real_depth	95	2930	118	0.0402730375426621	1	1.69095300628459	0.997236839789507	16016	106
rice_rhizo	wilcoxon	rarefied	real_depth	96	2921	18	0.0061622731941116	1	1.89039192554725	1.06388761427412	2112	106
rice_rhizo	wilcoxon	rarefied	real_depth	97	2936	3	0.00102179836512262	1	1.55181283410499	1.06123978444738	2112	106
rice_rhizo	wilcoxon	rarefied	real_depth	98	2937	4	0.00136193394620361	1	1.74937737580286	0.98905792241714	2112	106
rice_rhizo	wilcoxon	rarefied	real_depth	99	2850	4	0.00140350877192982	1	1.68429111440739	0.942880697208809	2112	106
rice_rhizo	wilcoxon	rarefied	real_depth	100	2922	33	0.0112936344969199	1	1.69583059750492	1.17903874269006	2112	106
rice_rhizo	wilcoxon	rarefied	real_perm	1	2818	0	0	0	1.61417759352102	1.18550976978139	2112	106
rice_rhizo	wilcoxon	rarefied	real_perm	2	2830	0	0	0	1.68429111440739	1.01386460154884	16016	106
rice_rhizo	wilcoxon	rarefied	real_perm	3	2921	0	0	0	1.61287621417293	0.986324996920044	2112	106
rice_rhizo	wilcoxon	rarefied	real_perm	4	2972	0	0	0	1.62859432450269	0.843518986928638	2112	106
rice_rhizo	wilcoxon	rarefied	real_perm	5	2991	0	0	0	1.53847862792144	1.18120191941504	2112	106
rice_rhizo	wilcoxon	rarefied	real_perm	6	2890	0	0	0	1.83312196153033	0.834972272375548	2112	106
rice_rhizo	wilcoxon	rarefied	real_perm	7	2856	0	0	0	1.57278212501178	1.12749081060166	20321	106
rice_rhizo	wilcoxon	rarefied	real_perm	8	2912	0	0	0	1.72647016603665	0.975434247447882	2112	106
rice_rhizo	wilcoxon	rarefied	real_perm	9	2883	0	0	0	1.57808465006347	0.943232924580192	2112	106
rice_rhizo	wilcoxon	rarefied	real_perm	10	2802	0	0	0	1.69095300628459	0.960568251169729	16016	106
rice_rhizo	wilcoxon	rarefied	real_perm	11	2799	0	0	0	1.75517504405692	0.937059015088468	2112	106
rice_rhizo	wilcoxon	rarefied	real_perm	12	2909	0	0	0	1.70446403318563	0.964760970235329	2112	106
rice_rhizo	wilcoxon	rarefied	real_perm	13	2974	0	0	0	1.68429111440739	1.04160314038869	2112	106
rice_rhizo	wilcoxon	rarefied	real_perm	14	2838	0	0	0	1.69956161025738	0.88355191167584	2112	106
rice_rhizo	wilcoxon	rarefied	real_perm	15	2857	0	0	0	1.58892712359762	0.843146244023839	2112	106
rice_rhizo	wilcoxon	rarefied	real_perm	16	2941	0	0	0	1.63217686433487	1.10612003960698	2112	106
rice_rhizo	wilcoxon	rarefied	real_perm	17	2975	0	0	0	1.55931602728803	1.07312805526995	20321	106
rice_rhizo	wilcoxon	rarefied	real_perm	18	3000	0	0	0	1.69221930400525	0.939948906804685	2112	106
rice_rhizo	wilcoxon	rarefied	real_perm	19	2831	0	0	0	1.81884912832612	1.07799707602339	2112	106
rice_rhizo	wilcoxon	rarefied	real_perm	20	2886	0	0	0	1.55181283410499	0.976433410095645	2112	106
rice_rhizo	wilcoxon	rarefied	real_perm	21	2846	0	0	0	1.59648787023303	1.03560222491621	2112	106
rice_rhizo	wilcoxon	rarefied	real_perm	22	2902	0	0	0	1.65928160648628	0.919627749576988	2112	106
rice_rhizo	wilcoxon	rarefied	real_perm	23	2910	0	0	0	1.62034518337867	0.931312296648247	20321	106
rice_rhizo	wilcoxon	rarefied	real_perm	24	2880	0	0	0	1.60641631315079	1.03236603104534	2112	106
rice_rhizo	wilcoxon	rarefied	real_perm	25	2816	0	0	0	1.66549363671423	0.870635894505051	2112	106
rice_rhizo	wilcoxon	rarefied	real_perm	26	2992	0	0	0	1.54136674664534	1.11831964395557	2112	106
rice_rhizo	wilcoxon	rarefied	real_perm	27	2982	0	0	0	1.62859432450269	0.845922683695634	16016	106
rice_rhizo	wilcoxon	rarefied	real_perm	28	3033	0	0	0	1.63524087866503	1.04702652281807	16016	106
rice_rhizo	wilcoxon	rarefied	real_perm	29	2829	0	0	0	1.70083435467144	0.942865307357415	2112	106
rice_rhizo	wilcoxon	rarefied	real_perm	30	2931	0	0	0	1.61417759352102	1.2370494585421	2112	106
rice_rhizo	wilcoxon	rarefied	real_perm	31	2896	0	0	0	1.63524087866503	1.19445256612674	2112	106
rice_rhizo	wilcoxon	rarefied	real_perm	32	2847	0	0	0	1.73806883918241	0.930516600352227	2112	106
rice_rhizo	wilcoxon	rarefied	real_perm	33	2888	0	0	0	1.60199502354928	0.950810393619758	16016	106
rice_rhizo	wilcoxon	rarefied	real_perm	34	2965	0	0	0	1.58892712359762	1.0865831365679	2112	106
rice_rhizo	wilcoxon	rarefied	real_perm	35	2924	0	0	0	1.59836537609639	0.96322980945277	2112	106
rice_rhizo	wilcoxon	rarefied	real_perm	36	2883	0	0	0	1.57841519751108	0.927862104450733	2112	106
rice_rhizo	wilcoxon	rarefied	real_perm	37	2852	0	0	0	1.74308233706132	1.17061519341308	2112	106
rice_rhizo	wilcoxon	rarefied	real_perm	38	2965	0	0	0	1.62034518337867	1.08718932748538	2112	106
rice_rhizo	wilcoxon	rarefied	real_perm	39	2990	0	0	0	1.59836537609639	0.996722717913521	16016	106
rice_rhizo	wilcoxon	rarefied	real_perm	40	2844	0	0	0	1.65677783626011	1.09966912512246	2112	106
rice_rhizo	wilcoxon	rarefied	real_perm	41	2915	0	0	0	1.62390957696276	0.995724024323993	2112	106
rice_rhizo	wilcoxon	rarefied	real_perm	42	2979	0	0	0	1.72517823819322	0.85982753693836	2112	106
rice_rhizo	wilcoxon	rarefied	real_perm	43	2804	0	0	0	1.58087890441797	0.954345917471466	2112	106
rice_rhizo	wilcoxon	rarefied	real_perm	44	2988	0	0	0	1.81884912832612	1.02855529278882	2112	106
rice_rhizo	wilcoxon	rarefied	real_perm	45	2954	0	0	0	1.62492768993444	1.09867095510083	16016	106
rice_rhizo	wilcoxon	rarefied	real_perm	46	2885	0	0	0	1.74062131340936	1.13934939005317	2112	106
rice_rhizo	wilcoxon	rarefied	real_perm	47	3077	0	0	0	1.62381176049565	0.97377038443906	16016	106
rice_rhizo	wilcoxon	rarefied	real_perm	48	2854	0	0	0	1.62695807147547	1.14787874171681	2112	106
rice_rhizo	wilcoxon	rarefied	real_perm	49	2834	0	0	0	1.72647016603665	0.948421413864104	2112	106
rice_rhizo	wilcoxon	rarefied	real_perm	50	2835	0	0	0	1.57462703258852	1.0154762519582	2112	106
rice_rhizo	wilcoxon	rarefied	real_perm	51	2877	0	0	0	1.69956161025738	0.9847596121245	2112	106
rice_rhizo	wilcoxon	rarefied	real_perm	52	2895	0	0	0	1.614059808987	0.94871711117281	2112	106
rice_rhizo	wilcoxon	rarefied	real_perm	53	2773	0	0	0	1.74937737580286	1.02933059148222	2112	106
rice_rhizo	wilcoxon	rarefied	real_perm	54	2902	0	0	0	1.54136674664534	1.1112209240761	2112	106
rice_rhizo	wilcoxon	rarefied	real_perm	55	2935	0	0	0	1.69956161025738	0.992445782929825	2112	106
rice_rhizo	wilcoxon	rarefied	real_perm	56	2856	0	0	0	1.69956161025738	0.997236839789507	2112	106
rice_rhizo	wilcoxon	rarefied	real_perm	57	2981	0	0	0	1.60319470363459	1.03945304143193	2112	106
rice_rhizo	wilcoxon	rarefied	real_perm	58	2846	0	0	0	1.63524087866503	0.927646300942565	2112	106
rice_rhizo	wilcoxon	rarefied	real_perm	59	2878	0	0	0	1.62859432450269	1.05162946587749	2112	106
rice_rhizo	wilcoxon	rarefied	real_perm	60	2925	0	0	0	1.65677783626011	1.08620248538012	2112	106
rice_rhizo	wilcoxon	rarefied	real_perm	61	2872	0	0	0	1.69956161025738	0.967366243981827	2112	106
rice_rhizo	wilcoxon	rarefied	real_perm	62	2921	0	0	0	1.63217686433487	1.08885402552949	2112	106
rice_rhizo	wilcoxon	rarefied	real_perm	63	2958	0	0	0	1.54068367838228	1.08148318096784	23595	106
rice_rhizo	wilcoxon	rarefied	real_perm	64	2949	0	0	0	1.65988803292024	0.910190622003129	2112	106
rice_rhizo	wilcoxon	rarefied	real_perm	65	2906	0	0	0	1.65988803292024	0.89369416452988	2112	106
rice_rhizo	wilcoxon	rarefied	real_perm	66	2916	0	0	0	1.61287621417293	0.948057410230798	2112	106
rice_rhizo	wilcoxon	rarefied	real_perm	67	2960	0	0	0	1.90323764582514	1.14663857002902	2112	106
rice_rhizo	wilcoxon	rarefied	real_perm	68	2864	0	0	0	1.63524087866503	1.10864059051272	2112	106
rice_rhizo	wilcoxon	rarefied	real_perm	69	2996	0	0	0	1.63524087866503	1.01296085003209	2112	106
rice_rhizo	wilcoxon	rarefied	real_perm	70	2811	0	0	0	1.75517504405692	1.08924965045829	2112	106
rice_rhizo	wilcoxon	rarefied	real_perm	71	2961	0	0	0	1.65677783626011	1.00277081642018	20321	106
rice_rhizo	wilcoxon	rarefied	real_perm	72	2830	4	0.00141342756183746	1	1.68429111440739	1.27301119622864	2112	106
rice_rhizo	wilcoxon	rarefied	real_perm	73	2886	0	0	0	1.61287621417293	0.927646300942565	16016	106
rice_rhizo	wilcoxon	rarefied	real_perm	74	2933	0	0	0	1.65677783626011	0.939801315521801	16016	106
rice_rhizo	wilcoxon	rarefied	real_perm	75	3001	0	0	0	1.61417759352102	0.954345917471466	2112	106
rice_rhizo	wilcoxon	rarefied	real_perm	76	2957	0	0	0	1.55931602728803	0.978698224852071	2112	106
rice_rhizo	wilcoxon	rarefied	real_perm	77	2795	0	0	0	1.58892712359762	0.997059725454119	2112	106
rice_rhizo	wilcoxon	rarefied	real_perm	78	2946	0	0	0	1.73806883918241	0.976433410095645	2112	106
rice_rhizo	wilcoxon	rarefied	real_perm	79	2871	0	0	0	1.74308233706132	0.931312296648247	2112	106
rice_rhizo	wilcoxon	rarefied	real_perm	80	2927	0	0	0	1.68429111440739	1.09158168722813	2112	106
rice_rhizo	wilcoxon	rarefied	real_perm	81	2939	0	0	0	1.53510175064427	0.872114392571576	2112	106
rice_rhizo	wilcoxon	rarefied	real_perm	82	2988	0	0	0	1.72647016603665	0.844207810024661	16016	106
rice_rhizo	wilcoxon	rarefied	real_perm	83	2875	0	0	0	1.54136674664534	0.907431973339373	2112	106
rice_rhizo	wilcoxon	rarefied	real_perm	84	2877	0	0	0	1.65677783626011	1.01214824982841	2112	106
rice_rhizo	wilcoxon	rarefied	real_perm	85	2907	0	0	0	1.614059808987	0.991828361973299	2112	106
rice_rhizo	wilcoxon	rarefied	real_perm	86	2926	0	0	0	1.68429111440739	0.950810393619758	2112	106
rice_rhizo	wilcoxon	rarefied	real_perm	87	2921	0	0	0	1.55199260167323	0.897527446601025	2112	106
rice_rhizo	wilcoxon	rarefied	real_perm	88	2983	0	0	0	1.53847862792144	0.942865307357415	16016	106
rice_rhizo	wilcoxon	rarefied	real_perm	89	2888	0	0	0	1.62859432450269	1.07728423815597	2112	106
rice_rhizo	wilcoxon	rarefied	real_perm	90	2859	0	0	0	1.69095300628459	1.21127419449155	16016	106
rice_rhizo	wilcoxon	rarefied	real_perm	91	2852	0	0	0	1.53510175064427	1.10496797771104	2112	106
rice_rhizo	wilcoxon	rarefied	real_perm	92	2808	0	0	0	1.67229078287698	1.19585993422325	2112	106
rice_rhizo	wilcoxon	rarefied	real_perm	93	2886	0	0	0	1.67229078287698	1.07565754255737	2112	106
rice_rhizo	wilcoxon	rarefied	real_perm	94	2811	0	0	0	1.81544108008913	1.04281798245614	2112	106
rice_rhizo	wilcoxon	rarefied	real_perm	95	2930	0	0	0	1.69095300628459	0.997236839789507	16016	106
rice_rhizo	wilcoxon	rarefied	real_perm	96	2921	0	0	0	1.89039192554725	1.06388761427412	2112	106
rice_rhizo	wilcoxon	rarefied	real_perm	97	2936	0	0	0	1.55181283410499	1.06123978444738	2112	106
rice_rhizo	wilcoxon	rarefied	real_perm	98	2937	0	0	0	1.74937737580286	0.98905792241714	2112	106
rice_rhizo	wilcoxon	rarefied	real_perm	99	2850	0	0	0	1.68429111440739	0.942880697208809	2112	106
rice_rhizo	wilcoxon	rarefied	real_perm	100	2922	0	0	0	1.69583059750492	1.17903874269006	2112	106
rice_rhizo	wilcoxon	raw	real_depth	1	2818	488	0.173172462739532	1	1.61417759352102	1.18550976978139	2112	106
rice_rhizo	wilcoxon	raw	real_depth	2	2830	188	0.0664310954063604	1	1.68429111440739	1.01386460154884	16016	106
rice_rhizo	wilcoxon	raw	real_depth	3	2921	206	0.0705237932214995	1	1.61287621417293	0.986324996920044	2112	106
rice_rhizo	wilcoxon	raw	real_depth	4	2972	486	0.163526244952894	1	1.62859432450269	0.843518986928638	2112	106
rice_rhizo	wilcoxon	raw	real_depth	5	2991	208	0.0695419592109662	1	1.53847862792144	1.18120191941504	2112	106
rice_rhizo	wilcoxon	raw	real_depth	6	2890	74	0.0256055363321799	1	1.83312196153033	0.834972272375548	2112	106
rice_rhizo	wilcoxon	raw	real_depth	7	2856	52	0.0182072829131653	1	1.57278212501178	1.12749081060166	20321	106
rice_rhizo	wilcoxon	raw	real_depth	8	2912	106	0.0364010989010989	1	1.72647016603665	0.975434247447882	2112	106
rice_rhizo	wilcoxon	raw	real_depth	9	2883	559	0.19389524800555	1	1.57808465006347	0.943232924580192	2112	106
rice_rhizo	wilcoxon	raw	real_depth	10	2802	226	0.0806566738044254	1	1.69095300628459	0.960568251169729	16016	106
rice_rhizo	wilcoxon	raw	real_depth	11	2799	103	0.036798856734548	1	1.75517504405692	0.937059015088468	2112	106
rice_rhizo	wilcoxon	raw	real_depth	12	2909	235	0.0807837744929529	1	1.70446403318563	0.964760970235329	2112	106
rice_rhizo	wilcoxon	raw	real_depth	13	2974	363	0.122057834566241	1	1.68429111440739	1.04160314038869	2112	106
rice_rhizo	wilcoxon	raw	real_depth	14	2838	68	0.0239605355884426	1	1.69956161025738	0.88355191167584	2112	106
rice_rhizo	wilcoxon	raw	real_depth	15	2857	58	0.0203010150507525	1	1.58892712359762	0.843146244023839	2112	106
rice_rhizo	wilcoxon	raw	real_depth	16	2941	113	0.0384223053383203	1	1.63217686433487	1.10612003960698	2112	106
rice_rhizo	wilcoxon	raw	real_depth	17	2975	223	0.0749579831932773	1	1.55931602728803	1.07312805526995	20321	106
rice_rhizo	wilcoxon	raw	real_depth	18	3000	525	0.175	1	1.69221930400525	0.939948906804685	2112	106
rice_rhizo	wilcoxon	raw	real_depth	19	2831	120	0.0423878488166726	1	1.81884912832612	1.07799707602339	2112	106
rice_rhizo	wilcoxon	raw	real_depth	20	2886	46	0.0159390159390159	1	1.55181283410499	0.976433410095645	2112	106
rice_rhizo	wilcoxon	raw	real_depth	21	2846	238	0.0836261419536191	1	1.59648787023303	1.03560222491621	2112	106
rice_rhizo	wilcoxon	raw	real_depth	22	2902	371	0.127842866988284	1	1.65928160648628	0.919627749576988	2112	106
rice_rhizo	wilcoxon	raw	real_depth	23	2910	151	0.0518900343642612	1	1.62034518337867	0.931312296648247	20321	106
rice_rhizo	wilcoxon	raw	real_depth	24	2880	51	0.0177083333333333	1	1.60641631315079	1.03236603104534	2112	106
rice_rhizo	wilcoxon	raw	real_depth	25	2816	236	0.0838068181818182	1	1.66549363671423	0.870635894505051	2112	106
rice_rhizo	wilcoxon	raw	real_depth	26	2992	384	0.128342245989305	1	1.54136674664534	1.11831964395557	2112	106
rice_rhizo	wilcoxon	raw	real_depth	27	2982	184	0.0617035546613011	1	1.62859432450269	0.845922683695634	16016	106
rice_rhizo	wilcoxon	raw	real_depth	28	3033	526	0.173425651170458	1	1.63524087866503	1.04702652281807	16016	106
rice_rhizo	wilcoxon	raw	real_depth	29	2829	334	0.118062919759632	1	1.70083435467144	0.942865307357415	2112	106
rice_rhizo	wilcoxon	raw	real_depth	30	2931	260	0.0887069259638349	1	1.61417759352102	1.2370494585421	2112	106
rice_rhizo	wilcoxon	raw	real_depth	31	2896	504	0.174033149171271	1	1.63524087866503	1.19445256612674	2112	106
rice_rhizo	wilcoxon	raw	real_depth	32	2847	583	0.204776958201616	1	1.73806883918241	0.930516600352227	2112	106
rice_rhizo	wilcoxon	raw	real_depth	33	2888	88	0.0304709141274238	1	1.60199502354928	0.950810393619758	16016	106
rice_rhizo	wilcoxon	raw	real_depth	34	2965	5	0.00168634064080944	1	1.58892712359762	1.0865831365679	2112	106
rice_rhizo	wilcoxon	raw	real_depth	35	2924	323	0.11046511627907	1	1.59836537609639	0.96322980945277	2112	106
rice_rhizo	wilcoxon	raw	real_depth	36	2883	96	0.0332986472424558	1	1.57841519751108	0.927862104450733	2112	106
rice_rhizo	wilcoxon	raw	real_depth	37	2852	196	0.0687237026647966	1	1.74308233706132	1.17061519341308	2112	106
rice_rhizo	wilcoxon	raw	real_depth	38	2965	108	0.036424957841484	1	1.62034518337867	1.08718932748538	2112	106
rice_rhizo	wilcoxon	raw	real_depth	39	2990	132	0.0441471571906355	1	1.59836537609639	0.996722717913521	16016	106
rice_rhizo	wilcoxon	raw	real_depth	40	2844	175	0.0615330520393812	1	1.65677783626011	1.09966912512246	2112	106
rice_rhizo	wilcoxon	raw	real_depth	41	2915	136	0.0466552315608919	1	1.62390957696276	0.995724024323993	2112	106
rice_rhizo	wilcoxon	raw	real_depth	42	2979	521	0.17489090298758	1	1.72517823819322	0.85982753693836	2112	106
rice_rhizo	wilcoxon	raw	real_depth	43	2804	30	0.0106990014265335	1	1.58087890441797	0.954345917471466	2112	106
rice_rhizo	wilcoxon	raw	real_depth	44	2988	370	0.123828647925033	1	1.81884912832612	1.02855529278882	2112	106
rice_rhizo	wilcoxon	raw	real_depth	45	2954	199	0.0673662830060934	1	1.62492768993444	1.09867095510083	16016	106
rice_rhizo	wilcoxon	raw	real_depth	46	2885	349	0.120970537261698	1	1.74062131340936	1.13934939005317	2112	106
rice_rhizo	wilcoxon	raw	real_depth	47	3077	291	0.0945726356841079	1	1.62381176049565	0.97377038443906	16016	106
rice_rhizo	wilcoxon	raw	real_depth	48	2854	372	0.130343377715487	1	1.62695807147547	1.14787874171681	2112	106
rice_rhizo	wilcoxon	raw	real_depth	49	2834	258	0.0910374029640085	1	1.72647016603665	0.948421413864104	2112	106
rice_rhizo	wilcoxon	raw	real_depth	50	2835	376	0.132627865961199	1	1.57462703258852	1.0154762519582	2112	106
rice_rhizo	wilcoxon	raw	real_depth	51	2877	341	0.118526242613834	1	1.69956161025738	0.9847596121245	2112	106
rice_rhizo	wilcoxon	raw	real_depth	52	2895	434	0.149913644214162	1	1.614059808987	0.94871711117281	2112	106
rice_rhizo	wilcoxon	raw	real_depth	53	2773	52	0.0187522538766679	1	1.74937737580286	1.02933059148222	2112	106
rice_rhizo	wilcoxon	raw	real_depth	54	2902	96	0.0330806340454859	1	1.54136674664534	1.1112209240761	2112	106
rice_rhizo	wilcoxon	raw	real_depth	55	2935	79	0.0269165247018739	1	1.69956161025738	0.992445782929825	2112	106
rice_rhizo	wilcoxon	raw	real_depth	56	2856	139	0.0486694677871148	1	1.69956161025738	0.997236839789507	2112	106
rice_rhizo	wilcoxon	raw	real_depth	57	2981	130	0.043609527004361	1	1.60319470363459	1.03945304143193	2112	106
rice_rhizo	wilcoxon	raw	real_depth	58	2846	203	0.0713281799016163	1	1.63524087866503	0.927646300942565	2112	106
rice_rhizo	wilcoxon	raw	real_depth	59	2878	126	0.0437804030576789	1	1.62859432450269	1.05162946587749	2112	106
rice_rhizo	wilcoxon	raw	real_depth	60	2925	77	0.0263247863247863	1	1.65677783626011	1.08620248538012	2112	106
rice_rhizo	wilcoxon	raw	real_depth	61	2872	223	0.0776462395543175	1	1.69956161025738	0.967366243981827	2112	106
rice_rhizo	wilcoxon	raw	real_depth	62	2921	426	0.145840465593975	1	1.63217686433487	1.08885402552949	2112	106
rice_rhizo	wilcoxon	raw	real_depth	63	2958	403	0.136240703177823	1	1.54068367838228	1.08148318096784	23595	106
rice_rhizo	wilcoxon	raw	real_depth	64	2949	251	0.0851135978297728	1	1.65988803292024	0.910190622003129	2112	106
rice_rhizo	wilcoxon	raw	real_depth	65	2906	228	0.0784583620096352	1	1.65988803292024	0.89369416452988	2112	106
rice_rhizo	wilcoxon	raw	real_depth	66	2916	234	0.0802469135802469	1	1.61287621417293	0.948057410230798	2112	106
rice_rhizo	wilcoxon	raw	real_depth	67	2960	547	0.184797297297297	1	1.90323764582514	1.14663857002902	2112	106
rice_rhizo	wilcoxon	raw	real_depth	68	2864	630	0.219972067039106	1	1.63524087866503	1.10864059051272	2112	106
rice_rhizo	wilcoxon	raw	real_depth	69	2996	200	0.0667556742323097	1	1.63524087866503	1.01296085003209	2112	106
rice_rhizo	wilcoxon	raw	real_depth	70	2811	72	0.0256136606189968	1	1.75517504405692	1.08924965045829	2112	106
rice_rhizo	wilcoxon	raw	real_depth	71	2961	203	0.0685579196217494	1	1.65677783626011	1.00277081642018	20321	106
rice_rhizo	wilcoxon	raw	real_depth	72	2830	298	0.10530035335689	1	1.68429111440739	1.27301119622864	2112	106
rice_rhizo	wilcoxon	raw	real_depth	73	2886	68	0.0235620235620236	1	1.61287621417293	0.927646300942565	16016	106
rice_rhizo	wilcoxon	raw	real_depth	74	2933	439	0.149676099556768	1	1.65677783626011	0.939801315521801	16016	106
rice_rhizo	wilcoxon	raw	real_depth	75	3001	442	0.147284238587138	1	1.61417759352102	0.954345917471466	2112	106
rice_rhizo	wilcoxon	raw	real_depth	76	2957	270	0.0913087588772405	1	1.55931602728803	0.978698224852071	2112	106
rice_rhizo	wilcoxon	raw	real_depth	77	2795	4	0.00143112701252236	1	1.58892712359762	0.997059725454119	2112	106
rice_rhizo	wilcoxon	raw	real_depth	78	2946	392	0.13306177868296	1	1.73806883918241	0.976433410095645	2112	106
rice_rhizo	wilcoxon	raw	real_depth	79	2871	108	0.0376175548589342	1	1.74308233706132	0.931312296648247	2112	106
rice_rhizo	wilcoxon	raw	real_depth	80	2927	331	0.113085070037581	1	1.68429111440739	1.09158168722813	2112	106
rice_rhizo	wilcoxon	raw	real_depth	81	2939	124	0.0421912215039129	1	1.53510175064427	0.872114392571576	2112	106
rice_rhizo	wilcoxon	raw	real_depth	82	2988	148	0.0495314591700134	1	1.72647016603665	0.844207810024661	16016	106
rice_rhizo	wilcoxon	raw	real_depth	83	2875	243	0.0845217391304348	1	1.54136674664534	0.907431973339373	2112	106
rice_rhizo	wilcoxon	raw	real_depth	84	2877	219	0.0761209593326382	1	1.65677783626011	1.01214824982841	2112	106
rice_rhizo	wilcoxon	raw	real_depth	85	2907	543	0.186790505675955	1	1.614059808987	0.991828361973299	2112	106
rice_rhizo	wilcoxon	raw	real_depth	86	2926	154	0.0526315789473684	1	1.68429111440739	0.950810393619758	2112	106
rice_rhizo	wilcoxon	raw	real_depth	87	2921	397	0.135912358781239	1	1.55199260167323	0.897527446601025	2112	106
rice_rhizo	wilcoxon	raw	real_depth	88	2983	397	0.133087495809588	1	1.53847862792144	0.942865307357415	16016	106
rice_rhizo	wilcoxon	raw	real_depth	89	2888	273	0.0945290858725762	1	1.62859432450269	1.07728423815597	2112	106
rice_rhizo	wilcoxon	raw	real_depth	90	2859	418	0.146204966771598	1	1.69095300628459	1.21127419449155	16016	106
rice_rhizo	wilcoxon	raw	real_depth	91	2852	65	0.0227910238429173	1	1.53510175064427	1.10496797771104	2112	106
rice_rhizo	wilcoxon	raw	real_depth	92	2808	137	0.0487891737891738	1	1.67229078287698	1.19585993422325	2112	106
rice_rhizo	wilcoxon	raw	real_depth	93	2886	182	0.0630630630630631	1	1.67229078287698	1.07565754255737	2112	106
rice_rhizo	wilcoxon	raw	real_depth	94	2811	115	0.0409107079331199	1	1.81544108008913	1.04281798245614	2112	106
rice_rhizo	wilcoxon	raw	real_depth	95	2930	154	0.0525597269624573	1	1.69095300628459	0.997236839789507	16016	106
rice_rhizo	wilcoxon	raw	real_depth	96	2921	178	0.0609380349195481	1	1.89039192554725	1.06388761427412	2112	106
rice_rhizo	wilcoxon	raw	real_depth	97	2936	69	0.0235013623978202	1	1.55181283410499	1.06123978444738	2112	106
rice_rhizo	wilcoxon	raw	real_depth	98	2937	245	0.0834184542049711	1	1.74937737580286	0.98905792241714	2112	106
rice_rhizo	wilcoxon	raw	real_depth	99	2850	109	0.0382456140350877	1	1.68429111440739	0.942880697208809	2112	106
rice_rhizo	wilcoxon	raw	real_depth	100	2922	378	0.129363449691992	1	1.69583059750492	1.17903874269006	2112	106
rice_rhizo	wilcoxon	raw	real_perm	1	2818	0	0	0	1.61417759352102	1.18550976978139	2112	106
rice_rhizo	wilcoxon	raw	real_perm	2	2830	0	0	0	1.68429111440739	1.01386460154884	16016	106
rice_rhizo	wilcoxon	raw	real_perm	3	2921	0	0	0	1.61287621417293	0.986324996920044	2112	106
rice_rhizo	wilcoxon	raw	real_perm	4	2972	0	0	0	1.62859432450269	0.843518986928638	2112	106
rice_rhizo	wilcoxon	raw	real_perm	5	2991	0	0	0	1.53847862792144	1.18120191941504	2112	106
rice_rhizo	wilcoxon	raw	real_perm	6	2890	0	0	0	1.83312196153033	0.834972272375548	2112	106
rice_rhizo	wilcoxon	raw	real_perm	7	2856	0	0	0	1.57278212501178	1.12749081060166	20321	106
rice_rhizo	wilcoxon	raw	real_perm	8	2912	0	0	0	1.72647016603665	0.975434247447882	2112	106
rice_rhizo	wilcoxon	raw	real_perm	9	2883	0	0	0	1.57808465006347	0.943232924580192	2112	106
rice_rhizo	wilcoxon	raw	real_perm	10	2802	0	0	0	1.69095300628459	0.960568251169729	16016	106
rice_rhizo	wilcoxon	raw	real_perm	11	2799	0	0	0	1.75517504405692	0.937059015088468	2112	106
rice_rhizo	wilcoxon	raw	real_perm	12	2909	0	0	0	1.70446403318563	0.964760970235329	2112	106
rice_rhizo	wilcoxon	raw	real_perm	13	2974	0	0	0	1.68429111440739	1.04160314038869	2112	106
rice_rhizo	wilcoxon	raw	real_perm	14	2838	0	0	0	1.69956161025738	0.88355191167584	2112	106
rice_rhizo	wilcoxon	raw	real_perm	15	2857	0	0	0	1.58892712359762	0.843146244023839	2112	106
rice_rhizo	wilcoxon	raw	real_perm	16	2941	0	0	0	1.63217686433487	1.10612003960698	2112	106
rice_rhizo	wilcoxon	raw	real_perm	17	2975	0	0	0	1.55931602728803	1.07312805526995	20321	106
rice_rhizo	wilcoxon	raw	real_perm	18	3000	0	0	0	1.69221930400525	0.939948906804685	2112	106
rice_rhizo	wilcoxon	raw	real_perm	19	2831	0	0	0	1.81884912832612	1.07799707602339	2112	106
rice_rhizo	wilcoxon	raw	real_perm	20	2886	0	0	0	1.55181283410499	0.976433410095645	2112	106
rice_rhizo	wilcoxon	raw	real_perm	21	2846	0	0	0	1.59648787023303	1.03560222491621	2112	106
rice_rhizo	wilcoxon	raw	real_perm	22	2902	0	0	0	1.65928160648628	0.919627749576988	2112	106
rice_rhizo	wilcoxon	raw	real_perm	23	2910	0	0	0	1.62034518337867	0.931312296648247	20321	106
rice_rhizo	wilcoxon	raw	real_perm	24	2880	1	0.000347222222222222	1	1.60641631315079	1.03236603104534	2112	106
rice_rhizo	wilcoxon	raw	real_perm	25	2816	0	0	0	1.66549363671423	0.870635894505051	2112	106
rice_rhizo	wilcoxon	raw	real_perm	26	2992	0	0	0	1.54136674664534	1.11831964395557	2112	106
rice_rhizo	wilcoxon	raw	real_perm	27	2982	0	0	0	1.62859432450269	0.845922683695634	16016	106
rice_rhizo	wilcoxon	raw	real_perm	28	3033	0	0	0	1.63524087866503	1.04702652281807	16016	106
rice_rhizo	wilcoxon	raw	real_perm	29	2829	0	0	0	1.70083435467144	0.942865307357415	2112	106
rice_rhizo	wilcoxon	raw	real_perm	30	2931	0	0	0	1.61417759352102	1.2370494585421	2112	106
rice_rhizo	wilcoxon	raw	real_perm	31	2896	0	0	0	1.63524087866503	1.19445256612674	2112	106
rice_rhizo	wilcoxon	raw	real_perm	32	2847	0	0	0	1.73806883918241	0.930516600352227	2112	106
rice_rhizo	wilcoxon	raw	real_perm	33	2888	0	0	0	1.60199502354928	0.950810393619758	16016	106
rice_rhizo	wilcoxon	raw	real_perm	34	2965	0	0	0	1.58892712359762	1.0865831365679	2112	106
rice_rhizo	wilcoxon	raw	real_perm	35	2924	0	0	0	1.59836537609639	0.96322980945277	2112	106
rice_rhizo	wilcoxon	raw	real_perm	36	2883	0	0	0	1.57841519751108	0.927862104450733	2112	106
rice_rhizo	wilcoxon	raw	real_perm	37	2852	0	0	0	1.74308233706132	1.17061519341308	2112	106
rice_rhizo	wilcoxon	raw	real_perm	38	2965	0	0	0	1.62034518337867	1.08718932748538	2112	106
rice_rhizo	wilcoxon	raw	real_perm	39	2990	0	0	0	1.59836537609639	0.996722717913521	16016	106
rice_rhizo	wilcoxon	raw	real_perm	40	2844	0	0	0	1.65677783626011	1.09966912512246	2112	106
rice_rhizo	wilcoxon	raw	real_perm	41	2915	0	0	0	1.62390957696276	0.995724024323993	2112	106
rice_rhizo	wilcoxon	raw	real_perm	42	2979	0	0	0	1.72517823819322	0.85982753693836	2112	106
rice_rhizo	wilcoxon	raw	real_perm	43	2804	0	0	0	1.58087890441797	0.954345917471466	2112	106
rice_rhizo	wilcoxon	raw	real_perm	44	2988	0	0	0	1.81884912832612	1.02855529278882	2112	106
rice_rhizo	wilcoxon	raw	real_perm	45	2954	0	0	0	1.62492768993444	1.09867095510083	16016	106
rice_rhizo	wilcoxon	raw	real_perm	46	2885	0	0	0	1.74062131340936	1.13934939005317	2112	106
rice_rhizo	wilcoxon	raw	real_perm	47	3077	0	0	0	1.62381176049565	0.97377038443906	16016	106
rice_rhizo	wilcoxon	raw	real_perm	48	2854	0	0	0	1.62695807147547	1.14787874171681	2112	106
rice_rhizo	wilcoxon	raw	real_perm	49	2834	0	0	0	1.72647016603665	0.948421413864104	2112	106
rice_rhizo	wilcoxon	raw	real_perm	50	2835	0	0	0	1.57462703258852	1.0154762519582	2112	106
rice_rhizo	wilcoxon	raw	real_perm	51	2877	0	0	0	1.69956161025738	0.9847596121245	2112	106
rice_rhizo	wilcoxon	raw	real_perm	52	2895	0	0	0	1.614059808987	0.94871711117281	2112	106
rice_rhizo	wilcoxon	raw	real_perm	53	2773	0	0	0	1.74937737580286	1.02933059148222	2112	106
rice_rhizo	wilcoxon	raw	real_perm	54	2902	0	0	0	1.54136674664534	1.1112209240761	2112	106
rice_rhizo	wilcoxon	raw	real_perm	55	2935	0	0	0	1.69956161025738	0.992445782929825	2112	106
rice_rhizo	wilcoxon	raw	real_perm	56	2856	0	0	0	1.69956161025738	0.997236839789507	2112	106
rice_rhizo	wilcoxon	raw	real_perm	57	2981	0	0	0	1.60319470363459	1.03945304143193	2112	106
rice_rhizo	wilcoxon	raw	real_perm	58	2846	0	0	0	1.63524087866503	0.927646300942565	2112	106
rice_rhizo	wilcoxon	raw	real_perm	59	2878	0	0	0	1.62859432450269	1.05162946587749	2112	106
rice_rhizo	wilcoxon	raw	real_perm	60	2925	0	0	0	1.65677783626011	1.08620248538012	2112	106
rice_rhizo	wilcoxon	raw	real_perm	61	2872	0	0	0	1.69956161025738	0.967366243981827	2112	106
rice_rhizo	wilcoxon	raw	real_perm	62	2921	0	0	0	1.63217686433487	1.08885402552949	2112	106
rice_rhizo	wilcoxon	raw	real_perm	63	2958	0	0	0	1.54068367838228	1.08148318096784	23595	106
rice_rhizo	wilcoxon	raw	real_perm	64	2949	0	0	0	1.65988803292024	0.910190622003129	2112	106
rice_rhizo	wilcoxon	raw	real_perm	65	2906	0	0	0	1.65988803292024	0.89369416452988	2112	106
rice_rhizo	wilcoxon	raw	real_perm	66	2916	0	0	0	1.61287621417293	0.948057410230798	2112	106
rice_rhizo	wilcoxon	raw	real_perm	67	2960	0	0	0	1.90323764582514	1.14663857002902	2112	106
rice_rhizo	wilcoxon	raw	real_perm	68	2864	0	0	0	1.63524087866503	1.10864059051272	2112	106
rice_rhizo	wilcoxon	raw	real_perm	69	2996	0	0	0	1.63524087866503	1.01296085003209	2112	106
rice_rhizo	wilcoxon	raw	real_perm	70	2811	0	0	0	1.75517504405692	1.08924965045829	2112	106
rice_rhizo	wilcoxon	raw	real_perm	71	2961	0	0	0	1.65677783626011	1.00277081642018	20321	106
rice_rhizo	wilcoxon	raw	real_perm	72	2830	185	0.0653710247349823	1	1.68429111440739	1.27301119622864	2112	106
rice_rhizo	wilcoxon	raw	real_perm	73	2886	0	0	0	1.61287621417293	0.927646300942565	16016	106
rice_rhizo	wilcoxon	raw	real_perm	74	2933	0	0	0	1.65677783626011	0.939801315521801	16016	106
rice_rhizo	wilcoxon	raw	real_perm	75	3001	0	0	0	1.61417759352102	0.954345917471466	2112	106
rice_rhizo	wilcoxon	raw	real_perm	76	2957	0	0	0	1.55931602728803	0.978698224852071	2112	106
rice_rhizo	wilcoxon	raw	real_perm	77	2795	0	0	0	1.58892712359762	0.997059725454119	2112	106
rice_rhizo	wilcoxon	raw	real_perm	78	2946	0	0	0	1.73806883918241	0.976433410095645	2112	106
rice_rhizo	wilcoxon	raw	real_perm	79	2871	0	0	0	1.74308233706132	0.931312296648247	2112	106
rice_rhizo	wilcoxon	raw	real_perm	80	2927	0	0	0	1.68429111440739	1.09158168722813	2112	106
rice_rhizo	wilcoxon	raw	real_perm	81	2939	0	0	0	1.53510175064427	0.872114392571576	2112	106
rice_rhizo	wilcoxon	raw	real_perm	82	2988	0	0	0	1.72647016603665	0.844207810024661	16016	106
rice_rhizo	wilcoxon	raw	real_perm	83	2875	0	0	0	1.54136674664534	0.907431973339373	2112	106
rice_rhizo	wilcoxon	raw	real_perm	84	2877	0	0	0	1.65677783626011	1.01214824982841	2112	106
rice_rhizo	wilcoxon	raw	real_perm	85	2907	0	0	0	1.614059808987	0.991828361973299	2112	106
rice_rhizo	wilcoxon	raw	real_perm	86	2926	0	0	0	1.68429111440739	0.950810393619758	2112	106
rice_rhizo	wilcoxon	raw	real_perm	87	2921	0	0	0	1.55199260167323	0.897527446601025	2112	106
rice_rhizo	wilcoxon	raw	real_perm	88	2983	0	0	0	1.53847862792144	0.942865307357415	16016	106
rice_rhizo	wilcoxon	raw	real_perm	89	2888	0	0	0	1.62859432450269	1.07728423815597	2112	106
rice_rhizo	wilcoxon	raw	real_perm	90	2859	0	0	0	1.69095300628459	1.21127419449155	16016	106
rice_rhizo	wilcoxon	raw	real_perm	91	2852	0	0	0	1.53510175064427	1.10496797771104	2112	106
rice_rhizo	wilcoxon	raw	real_perm	92	2808	0	0	0	1.67229078287698	1.19585993422325	2112	106
rice_rhizo	wilcoxon	raw	real_perm	93	2886	0	0	0	1.67229078287698	1.07565754255737	2112	106
rice_rhizo	wilcoxon	raw	real_perm	94	2811	0	0	0	1.81544108008913	1.04281798245614	2112	106
rice_rhizo	wilcoxon	raw	real_perm	95	2930	0	0	0	1.69095300628459	0.997236839789507	16016	106
rice_rhizo	wilcoxon	raw	real_perm	96	2921	0	0	0	1.89039192554725	1.06388761427412	2112	106
rice_rhizo	wilcoxon	raw	real_perm	97	2936	0	0	0	1.55181283410499	1.06123978444738	2112	106
rice_rhizo	wilcoxon	raw	real_perm	98	2937	0	0	0	1.74937737580286	0.98905792241714	2112	106
rice_rhizo	wilcoxon	raw	real_perm	99	2850	0	0	0	1.68429111440739	0.942880697208809	2112	106
rice_rhizo	wilcoxon	raw	real_perm	100	2922	0	0	0	1.69583059750492	1.17903874269006	2112	106
rice_strat	ancombc2	rarefied	real_depth	1	2782	1586	0.570093457943925	1	1.6392285832881	0.974387758351645	2112	394
rice_strat	ancombc2	rarefied	real_depth	2	2813	1571	0.558478492712407	1	1.64130735949189	0.97252562791315	2112	394
rice_strat	ancombc2	rarefied	real_depth	3	2781	1585	0.569938870909745	1	1.60775116994814	1.00771245634459	2112	394
rice_strat	ancombc2	rarefied	real_depth	4	2815	1595	0.566607460035524	1	1.65524654895324	0.918625540466476	2112	394
rice_strat	ancombc2	rarefied	real_depth	5	2808	1634	0.581908831908832	1	1.61884801468135	1.05856209150327	10382	394
rice_strat	ancombc2	rarefied	real_depth	6	2834	1712	0.60409315455187	1	1.62270083320233	1.00623179408815	10382	394
rice_strat	ancombc2	rarefied	real_depth	7	2791	1645	0.589394482264421	1	1.5892973290531	1.03148518896833	16016	394
rice_strat	ancombc2	rarefied	real_depth	8	2748	1575	0.573144104803493	1	1.66095956251469	1.1162002426036	2112	394
rice_strat	ancombc2	rarefied	real_depth	9	2862	1638	0.572327044025157	1	1.59581610767461	1.09072076103349	2112	394
rice_strat	ancombc2	rarefied	real_depth	10	2729	1661	0.60864785635764	1	1.60265367604641	0.958762968305422	10382	394
rice_strat	ancombc2	rarefied	real_depth	11	2747	1569	0.571168547506371	1	1.63640441757631	0.989252501850243	2112	394
rice_strat	ancombc2	rarefied	real_depth	12	2812	1545	0.549431009957326	1	1.62373832165499	0.963829326402426	2112	394
rice_strat	ancombc2	rarefied	real_depth	13	2791	1685	0.603726262988176	1	1.60404548551066	1.04824706366033	10382	394
rice_strat	ancombc2	rarefied	real_depth	14	2787	1540	0.552565482597775	1	1.58361574214938	1.03562781612403	2112	394
rice_strat	ancombc2	rarefied	real_depth	15	2766	1611	0.582429501084599	1	1.62118885488261	1.02390863313423	2112	394
rice_strat	ancombc2	rarefied	real_depth	16	2803	1561	0.556903317873707	1	1.60688692805657	0.998401189515001	2112	394
rice_strat	ancombc2	rarefied	real_depth	17	2850	1602	0.562105263157895	1	1.65239418031653	1.02409940499289	2112	394
rice_strat	ancombc2	rarefied	real_depth	18	2846	1707	0.599789177793394	1	1.58774825761149	1.00674411969822	14853	394
rice_strat	ancombc2	rarefied	real_depth	19	2755	1588	0.576406533575318	1	1.66142466634507	0.974545249306586	2112	394
rice_strat	ancombc2	rarefied	real_depth	20	2824	1695	0.600212464589235	1	1.6059496996997	0.924009047824214	10382	394
rice_strat	ancombc2	rarefied	real_depth	21	2804	1588	0.566333808844508	1	1.56135305679115	0.9539840699188	2112	394
rice_strat	ancombc2	rarefied	real_depth	22	2780	1665	0.598920863309353	1	1.62347669678683	1.01837130822078	2112	394
rice_strat	ancombc2	rarefied	real_depth	23	2838	1701	0.599365750528541	1	1.62841644720966	0.955640848172151	10382	394
rice_strat	ancombc2	rarefied	real_depth	24	2794	1557	0.557265569076593	1	1.60257424094229	1.0104238112708	2112	394
rice_strat	ancombc2	rarefied	real_depth	25	2777	1558	0.561037090385308	1	1.59612627789927	1.10103369194968	2112	394
rice_strat	ancombc2	rarefied	real_depth	26	2799	1744	0.623079671311183	1	1.62023573765978	0.956891416192797	14853	394
rice_strat	ancombc2	rarefied	real_depth	27	2762	1598	0.578566256335988	1	1.61990155451314	0.98731728288908	2112	394
rice_strat	ancombc2	rarefied	real_depth	28	2760	1513	0.548188405797101	1	1.60940197189363	1.07567150687885	2112	394
rice_strat	ancombc2	rarefied	real_depth	29	2707	1522	0.562246028814185	1	1.65423736057096	1.03133691671493	2112	394
rice_strat	ancombc2	rarefied	real_depth	30	2763	1514	0.547955121245024	1	1.6444090460865	1.0006044195155	2112	394
rice_strat	ancombc2	rarefied	real_depth	31	2788	1574	0.564562410329986	1	1.62783784632454	1.05090279818461	2112	394
rice_strat	ancombc2	rarefied	real_depth	32	2758	1584	0.574329224075417	1	1.65595434910138	0.973149029573044	2112	394
rice_strat	ancombc2	rarefied	real_depth	33	2797	1588	0.567751161959242	1	1.6262961686664	0.975837904190686	2112	394
rice_strat	ancombc2	rarefied	real_depth	34	2790	1604	0.574910394265233	1	1.65732640346063	1.03642184345364	2112	394
rice_strat	ancombc2	rarefied	real_depth	35	2769	1570	0.566991693752257	1	1.67377125176537	0.99973452181748	2112	394
rice_strat	ancombc2	rarefied	real_depth	36	2876	1597	0.55528511821975	1	1.61430397240204	1.0633926088308	2112	394
rice_strat	ancombc2	rarefied	real_depth	37	2826	1562	0.552724699221514	1	1.66117479272433	1.0403654822335	2112	394
rice_strat	ancombc2	rarefied	real_depth	38	2833	1608	0.567596187786798	1	1.62944401431292	0.952398904413122	2112	394
rice_strat	ancombc2	rarefied	real_depth	39	2816	1542	0.547585227272727	1	1.62166115492241	1.06392765582109	2112	394
rice_strat	ancombc2	rarefied	real_depth	40	2833	1522	0.537239675255912	1	1.63243769022393	0.986782893287598	2112	394
rice_strat	ancombc2	rarefied	real_depth	41	2810	1709	0.608185053380783	1	1.61141378657523	1.07380299881604	10382	394
rice_strat	ancombc2	rarefied	real_depth	42	2743	1536	0.559970834852351	1	1.60775116994814	1.05044195736996	2112	394
rice_strat	ancombc2	rarefied	real_depth	43	2827	1589	0.562079943402901	1	1.61520705899634	1.00897232660878	2112	394
rice_strat	ancombc2	rarefied	real_depth	44	2831	1583	0.559166372306605	1	1.61885652778213	1.03556299314448	2112	394
rice_strat	ancombc2	rarefied	real_depth	45	2824	1737	0.615084985835694	1	1.61990155451314	1.02845201088795	10382	394
rice_strat	ancombc2	rarefied	real_depth	46	2845	1577	0.554305799648506	1	1.61141378657523	1.03965824941655	2112	394
rice_strat	ancombc2	rarefied	real_depth	47	2834	1560	0.55045871559633	1	1.6104378218518	1.02612667334559	2112	394
rice_strat	ancombc2	rarefied	real_depth	48	2734	1559	0.570226773957571	1	1.62482714262743	1.00593960327324	2112	394
rice_strat	ancombc2	rarefied	real_depth	49	2727	1538	0.563989732306564	1	1.6025039778913	0.995523974710457	2112	394
rice_strat	ancombc2	rarefied	real_depth	50	2849	1705	0.598455598455598	1	1.62714457894461	0.960323444328184	10382	394
rice_strat	ancombc2	rarefied	real_depth	51	2821	1654	0.586316908897554	1	1.65881286331396	0.973156820271471	10382	394
rice_strat	ancombc2	rarefied	real_depth	52	2766	1572	0.568329718004338	1	1.62098838971272	0.985235846066062	2112	394
rice_strat	ancombc2	rarefied	real_depth	53	2824	1705	0.603753541076487	1	1.621367333939	0.988930090948124	10382	394
rice_strat	ancombc2	rarefied	real_depth	54	2807	1569	0.558959743498397	1	1.65061409179056	0.99506921598121	2112	394
rice_strat	ancombc2	rarefied	real_depth	55	2752	1576	0.572674418604651	1	1.62347669678683	1.017383488094	2112	394
rice_strat	ancombc2	rarefied	real_depth	56	2775	1536	0.553513513513514	1	1.60940197189363	0.99672621680971	2112	394
rice_strat	ancombc2	rarefied	real_depth	57	2824	1654	0.585694050991501	1	1.62415152409461	1.01549956026755	14853	394
rice_strat	ancombc2	rarefied	real_depth	58	2788	1684	0.604017216642755	1	1.63967932900548	0.997916222680022	10382	394
rice_strat	ancombc2	rarefied	real_depth	59	2844	1612	0.566807313642757	1	1.61476512934441	1.03811976292663	2112	394
rice_strat	ancombc2	rarefied	real_depth	60	2845	1630	0.572934973637961	1	1.58983941120904	0.980175640995456	2112	394
rice_strat	ancombc2	rarefied	real_depth	61	2788	1567	0.562051649928264	1	1.59184116418959	0.998078413386263	2112	394
rice_strat	ancombc2	rarefied	real_depth	62	2804	1685	0.6009272467903	1	1.64133139885838	0.928720271278191	10382	394
rice_strat	ancombc2	rarefied	real_depth	63	2810	1697	0.603914590747331	1	1.5986689723838	0.989454499148401	10382	394
rice_strat	ancombc2	rarefied	real_depth	64	2807	1562	0.556465977912362	1	1.62613173677765	0.975507436087498	2112	394
rice_strat	ancombc2	rarefied	real_depth	65	2853	1557	0.545741324921136	1	1.64029582673006	0.986740524966971	2112	394
rice_strat	ancombc2	rarefied	real_depth	66	2807	1685	0.600285001781261	1	1.63059803529733	0.984880953322316	10382	394
rice_strat	ancombc2	rarefied	real_depth	67	2845	1594	0.560281195079086	1	1.66021910861155	1.04945730675581	2112	394
rice_strat	ancombc2	rarefied	real_depth	68	2769	1559	0.563019140483929	1	1.60983913166826	0.982208520890129	2112	394
rice_strat	ancombc2	rarefied	real_depth	69	2811	1722	0.612593383137673	1	1.65560860205887	0.993661143520236	10382	394
rice_strat	ancombc2	rarefied	real_depth	70	2745	1547	0.563570127504554	1	1.62347669678683	0.97582828769232	2112	394
rice_strat	ancombc2	rarefied	real_depth	71	2864	1739	0.607192737430168	1	1.58884937238494	0.980584862563513	10382	394
rice_strat	ancombc2	rarefied	real_depth	72	2841	1701	0.598732840549102	1	1.64700774142989	0.996705634005533	10382	394
rice_strat	ancombc2	rarefied	real_depth	73	2744	1524	0.555393586005831	1	1.64238623572922	0.974207184800833	2112	394
rice_strat	ancombc2	rarefied	real_depth	74	2806	1597	0.569137562366358	1	1.60747447828687	0.963898694372081	2112	394
rice_strat	ancombc2	rarefied	real_depth	75	2833	1537	0.542534415813625	1	1.61497668081539	1.04552615764427	2112	394
rice_strat	ancombc2	rarefied	real_depth	76	2881	1589	0.551544602568553	1	1.6797942976175	1.07551518097329	2112	394
rice_strat	ancombc2	rarefied	real_depth	77	2778	1527	0.549676025917927	1	1.59930244457672	1.02143162962783	2112	394
rice_strat	ancombc2	rarefied	real_depth	78	2808	1690	0.601851851851852	1	1.64112185194607	0.948853325824417	10382	394
rice_strat	ancombc2	rarefied	real_depth	79	2775	1552	0.559279279279279	1	1.65732640346063	1.01947254690109	2112	394
rice_strat	ancombc2	rarefied	real_depth	80	2779	1624	0.584382871536524	1	1.65351171280479	1.02175335831274	10382	394
rice_strat	ancombc2	rarefied	real_depth	81	2856	1616	0.565826330532213	1	1.64484621106763	1.01837743811104	2112	394
rice_strat	ancombc2	rarefied	real_depth	82	2757	1571	0.569822270583968	1	1.59273699103914	0.957190373703776	2112	394
rice_strat	ancombc2	rarefied	real_depth	83	2798	1549	0.55360972122945	1	1.60520821311286	0.97565007911953	2112	394
rice_strat	ancombc2	rarefied	real_depth	84	2810	1587	0.564768683274021	1	1.61823403325495	0.981548722903583	2112	394
rice_strat	ancombc2	rarefied	real_depth	85	2766	1561	0.564352856109906	1	1.58912059385124	0.90863299394014	2112	394
rice_strat	ancombc2	rarefied	real_depth	86	2796	1503	0.53755364806867	1	1.58462542336016	0.991625118383257	2112	394
rice_strat	ancombc2	rarefied	real_depth	87	2807	1668	0.594228713929462	1	1.60725081783925	1.04776682438478	10382	394
rice_strat	ancombc2	rarefied	real_depth	88	2844	1574	0.553445850914205	1	1.61351659007547	1.02661363342388	2112	394
rice_strat	ancombc2	rarefied	real_depth	89	2838	1588	0.559548978153629	1	1.62225472738065	1.02696162029593	2112	394
rice_strat	ancombc2	rarefied	real_depth	90	2756	1545	0.560595065312046	1	1.62234849294	1.07890515509177	2112	394
rice_strat	ancombc2	rarefied	real_depth	91	2767	1522	0.550054210336104	1	1.64864254124027	0.987479894278255	2112	394
rice_strat	ancombc2	rarefied	real_depth	92	2867	1762	0.61457970003488	1	1.58717457807005	1.08487837221831	10382	394
rice_strat	ancombc2	rarefied	real_depth	93	2766	1721	0.622198120028923	1	1.63986183297285	0.997385810761746	14853	394
rice_strat	ancombc2	rarefied	real_depth	94	2802	1610	0.574589578872234	1	1.66060995872863	0.914419936195646	2112	394
rice_strat	ancombc2	rarefied	real_depth	95	2852	1620	0.568022440392707	1	1.63462113765546	1.04322448847239	2112	394
rice_strat	ancombc2	rarefied	real_depth	96	2805	1575	0.561497326203209	1	1.62929384295	0.97043600452789	2112	394
rice_strat	ancombc2	rarefied	real_depth	97	2803	1603	0.571887263646093	1	1.60035952160766	0.970728292393972	2112	394
rice_strat	ancombc2	rarefied	real_depth	98	2753	1578	0.573192880494007	1	1.67021438180792	1.02212414694945	2112	394
rice_strat	ancombc2	rarefied	real_depth	99	2804	1540	0.549215406562054	1	1.61351659007547	1.04233908629442	2112	394
rice_strat	ancombc2	rarefied	real_depth	100	2819	1691	0.599858105711245	1	1.601785488427	1.01746988436562	10382	394
rice_strat	ancombc2	rarefied	real_perm	1	2782	1375	0.494248741912293	1	1.6392285832881	0.974387758351645	2112	394
rice_strat	ancombc2	rarefied	real_perm	2	2813	1430	0.508354070387487	1	1.64130735949189	0.97252562791315	2112	394
rice_strat	ancombc2	rarefied	real_perm	3	2781	1430	0.514203523912262	1	1.60775116994814	1.00771245634459	2112	394
rice_strat	ancombc2	rarefied	real_perm	4	2815	1471	0.522557726465364	1	1.65524654895324	0.918625540466476	2112	394
rice_strat	ancombc2	rarefied	real_perm	5	2808	1387	0.493945868945869	1	1.61884801468135	1.05856209150327	10382	394
rice_strat	ancombc2	rarefied	real_perm	6	2834	1399	0.493648553281581	1	1.62270083320233	1.00623179408815	10382	394
rice_strat	ancombc2	rarefied	real_perm	7	2791	1400	0.501612325331422	1	1.5892973290531	1.03148518896833	16016	394
rice_strat	ancombc2	rarefied	real_perm	8	2748	1378	0.501455604075691	1	1.66095956251469	1.1162002426036	2112	394
rice_strat	ancombc2	rarefied	real_perm	9	2862	1410	0.492662473794549	1	1.59581610767461	1.09072076103349	2112	394
rice_strat	ancombc2	rarefied	real_perm	10	2729	1333	0.488457310370099	1	1.60265367604641	0.958762968305422	10382	394
rice_strat	ancombc2	rarefied	real_perm	11	2747	1391	0.506370586093921	1	1.63640441757631	0.989252501850243	2112	394
rice_strat	ancombc2	rarefied	real_perm	12	2812	1399	0.4975106685633	1	1.62373832165499	0.963829326402426	2112	394
rice_strat	ancombc2	rarefied	real_perm	13	2791	1372	0.491580078824794	1	1.60404548551066	1.04824706366033	10382	394
rice_strat	ancombc2	rarefied	real_perm	14	2787	1364	0.489415141729458	1	1.58361574214938	1.03562781612403	2112	394
rice_strat	ancombc2	rarefied	real_perm	15	2766	1320	0.477223427331887	1	1.62118885488261	1.02390863313423	2112	394
rice_strat	ancombc2	rarefied	real_perm	16	2803	1320	0.470924009989297	1	1.60688692805657	0.998401189515001	2112	394
rice_strat	ancombc2	rarefied	real_perm	17	2850	1425	0.5	1	1.65239418031653	1.02409940499289	2112	394
rice_strat	ancombc2	rarefied	real_perm	18	2846	1501	0.527406886858749	1	1.58774825761149	1.00674411969822	14853	394
rice_strat	ancombc2	rarefied	real_perm	19	2755	1308	0.474773139745917	1	1.66142466634507	0.974545249306586	2112	394
rice_strat	ancombc2	rarefied	real_perm	20	2824	1391	0.492563739376771	1	1.6059496996997	0.924009047824214	10382	394
rice_strat	ancombc2	rarefied	real_perm	21	2804	1345	0.479671897289586	1	1.56135305679115	0.9539840699188	2112	394
rice_strat	ancombc2	rarefied	real_perm	22	2780	1364	0.490647482014389	1	1.62347669678683	1.01837130822078	2112	394
rice_strat	ancombc2	rarefied	real_perm	23	2838	1284	0.452431289640592	1	1.62841644720966	0.955640848172151	10382	394
rice_strat	ancombc2	rarefied	real_perm	24	2794	1410	0.504652827487473	1	1.60257424094229	1.0104238112708	2112	394
rice_strat	ancombc2	rarefied	real_perm	25	2777	1354	0.487576521425999	1	1.59612627789927	1.10103369194968	2112	394
rice_strat	ancombc2	rarefied	real_perm	26	2799	1305	0.466237942122186	1	1.62023573765978	0.956891416192797	14853	394
rice_strat	ancombc2	rarefied	real_perm	27	2762	1308	0.473569876900797	1	1.61990155451314	0.98731728288908	2112	394
rice_strat	ancombc2	rarefied	real_perm	28	2760	1327	0.480797101449275	1	1.60940197189363	1.07567150687885	2112	394
rice_strat	ancombc2	rarefied	real_perm	29	2707	1303	0.48134466198744	1	1.65423736057096	1.03133691671493	2112	394
rice_strat	ancombc2	rarefied	real_perm	30	2763	1347	0.487513572204126	1	1.6444090460865	1.0006044195155	2112	394
rice_strat	ancombc2	rarefied	real_perm	31	2788	1344	0.48206599713056	1	1.62783784632454	1.05090279818461	2112	394
rice_strat	ancombc2	rarefied	real_perm	32	2758	1370	0.496736765772299	1	1.65595434910138	0.973149029573044	2112	394
rice_strat	ancombc2	rarefied	real_perm	33	2797	1413	0.505184125849124	1	1.6262961686664	0.975837904190686	2112	394
rice_strat	ancombc2	rarefied	real_perm	34	2790	1381	0.494982078853047	1	1.65732640346063	1.03642184345364	2112	394
rice_strat	ancombc2	rarefied	real_perm	35	2769	1291	0.466233297219213	1	1.67377125176537	0.99973452181748	2112	394
rice_strat	ancombc2	rarefied	real_perm	36	2876	1467	0.510083449235049	1	1.61430397240204	1.0633926088308	2112	394
rice_strat	ancombc2	rarefied	real_perm	37	2826	1375	0.486553432413305	1	1.66117479272433	1.0403654822335	2112	394
rice_strat	ancombc2	rarefied	real_perm	38	2833	1384	0.488528062124956	1	1.62944401431292	0.952398904413122	2112	394
rice_strat	ancombc2	rarefied	real_perm	39	2816	1437	0.510298295454545	1	1.62166115492241	1.06392765582109	2112	394
rice_strat	ancombc2	rarefied	real_perm	40	2833	1411	0.498058595128839	1	1.63243769022393	0.986782893287598	2112	394
rice_strat	ancombc2	rarefied	real_perm	41	2810	1384	0.492526690391459	1	1.61141378657523	1.07380299881604	10382	394
rice_strat	ancombc2	rarefied	real_perm	42	2743	1427	0.520233321181188	1	1.60775116994814	1.05044195736996	2112	394
rice_strat	ancombc2	rarefied	real_perm	43	2827	1380	0.488149982313406	1	1.61520705899634	1.00897232660878	2112	394
rice_strat	ancombc2	rarefied	real_perm	44	2831	1426	0.503708936771459	1	1.61885652778213	1.03556299314448	2112	394
rice_strat	ancombc2	rarefied	real_perm	45	2824	1420	0.502832861189802	1	1.61990155451314	1.02845201088795	10382	394
rice_strat	ancombc2	rarefied	real_perm	46	2845	1391	0.488927943760984	1	1.61141378657523	1.03965824941655	2112	394
rice_strat	ancombc2	rarefied	real_perm	47	2834	1461	0.515525758645025	1	1.6104378218518	1.02612667334559	2112	394
rice_strat	ancombc2	rarefied	real_perm	48	2734	1310	0.479151426481346	1	1.62482714262743	1.00593960327324	2112	394
rice_strat	ancombc2	rarefied	real_perm	49	2727	1346	0.493582691602494	1	1.6025039778913	0.995523974710457	2112	394
rice_strat	ancombc2	rarefied	real_perm	50	2849	1400	0.491400491400491	1	1.62714457894461	0.960323444328184	10382	394
rice_strat	ancombc2	rarefied	real_perm	51	2821	1372	0.486352357320099	1	1.65881286331396	0.973156820271471	10382	394
rice_strat	ancombc2	rarefied	real_perm	52	2766	1412	0.510484454085322	1	1.62098838971272	0.985235846066062	2112	394
rice_strat	ancombc2	rarefied	real_perm	53	2824	1440	0.509915014164306	1	1.621367333939	0.988930090948124	10382	394
rice_strat	ancombc2	rarefied	real_perm	54	2807	1361	0.484859280370502	1	1.65061409179056	0.99506921598121	2112	394
rice_strat	ancombc2	rarefied	real_perm	55	2752	1321	0.480014534883721	1	1.62347669678683	1.017383488094	2112	394
rice_strat	ancombc2	rarefied	real_perm	56	2775	1360	0.49009009009009	1	1.60940197189363	0.99672621680971	2112	394
rice_strat	ancombc2	rarefied	real_perm	57	2824	1334	0.472379603399433	1	1.62415152409461	1.01549956026755	14853	394
rice_strat	ancombc2	rarefied	real_perm	58	2788	1391	0.498923959827834	1	1.63967932900548	0.997916222680022	10382	394
rice_strat	ancombc2	rarefied	real_perm	59	2844	1388	0.488045007032349	1	1.61476512934441	1.03811976292663	2112	394
rice_strat	ancombc2	rarefied	real_perm	60	2845	1409	0.495254833040422	1	1.58983941120904	0.980175640995456	2112	394
rice_strat	ancombc2	rarefied	real_perm	61	2788	1345	0.482424677187948	1	1.59184116418959	0.998078413386263	2112	394
rice_strat	ancombc2	rarefied	real_perm	62	2804	1310	0.467189728958631	1	1.64133139885838	0.928720271278191	10382	394
rice_strat	ancombc2	rarefied	real_perm	63	2810	1479	0.526334519572954	1	1.5986689723838	0.989454499148401	10382	394
rice_strat	ancombc2	rarefied	real_perm	64	2807	1345	0.47915924474528	1	1.62613173677765	0.975507436087498	2112	394
rice_strat	ancombc2	rarefied	real_perm	65	2853	1464	0.513144058885384	1	1.64029582673006	0.986740524966971	2112	394
rice_strat	ancombc2	rarefied	real_perm	66	2807	1380	0.491628072675454	1	1.63059803529733	0.984880953322316	10382	394
rice_strat	ancombc2	rarefied	real_perm	67	2845	1483	0.521265377855888	1	1.66021910861155	1.04945730675581	2112	394
rice_strat	ancombc2	rarefied	real_perm	68	2769	1364	0.492596605272662	1	1.60983913166826	0.982208520890129	2112	394
rice_strat	ancombc2	rarefied	real_perm	69	2811	1334	0.474564212024191	1	1.65560860205887	0.993661143520236	10382	394
rice_strat	ancombc2	rarefied	real_perm	70	2745	1352	0.492531876138434	1	1.62347669678683	0.97582828769232	2112	394
rice_strat	ancombc2	rarefied	real_perm	71	2864	1354	0.472765363128492	1	1.58884937238494	0.980584862563513	10382	394
rice_strat	ancombc2	rarefied	real_perm	72	2841	1384	0.487152411122844	1	1.64700774142989	0.996705634005533	10382	394
rice_strat	ancombc2	rarefied	real_perm	73	2744	1365	0.497448979591837	1	1.64238623572922	0.974207184800833	2112	394
rice_strat	ancombc2	rarefied	real_perm	74	2806	1385	0.493585174625802	1	1.60747447828687	0.963898694372081	2112	394
rice_strat	ancombc2	rarefied	real_perm	75	2833	1327	0.468408048005648	1	1.61497668081539	1.04552615764427	2112	394
rice_strat	ancombc2	rarefied	real_perm	76	2881	1354	0.469975702880944	1	1.6797942976175	1.07551518097329	2112	394
rice_strat	ancombc2	rarefied	real_perm	77	2778	1365	0.491360691144708	1	1.59930244457672	1.02143162962783	2112	394
rice_strat	ancombc2	rarefied	real_perm	78	2808	1345	0.478988603988604	1	1.64112185194607	0.948853325824417	10382	394
rice_strat	ancombc2	rarefied	real_perm	79	2775	1404	0.505945945945946	1	1.65732640346063	1.01947254690109	2112	394
rice_strat	ancombc2	rarefied	real_perm	80	2779	1355	0.487585462396546	1	1.65351171280479	1.02175335831274	10382	394
rice_strat	ancombc2	rarefied	real_perm	81	2856	1446	0.506302521008403	1	1.64484621106763	1.01837743811104	2112	394
rice_strat	ancombc2	rarefied	real_perm	82	2757	1415	0.513239027928908	1	1.59273699103914	0.957190373703776	2112	394
rice_strat	ancombc2	rarefied	real_perm	83	2798	1355	0.484274481772695	1	1.60520821311286	0.97565007911953	2112	394
rice_strat	ancombc2	rarefied	real_perm	84	2810	1429	0.508540925266904	1	1.61823403325495	0.981548722903583	2112	394
rice_strat	ancombc2	rarefied	real_perm	85	2766	1361	0.492046276211135	1	1.58912059385124	0.90863299394014	2112	394
rice_strat	ancombc2	rarefied	real_perm	86	2796	1421	0.508226037195994	1	1.58462542336016	0.991625118383257	2112	394
rice_strat	ancombc2	rarefied	real_perm	87	2807	1280	0.456002850017813	1	1.60725081783925	1.04776682438478	10382	394
rice_strat	ancombc2	rarefied	real_perm	88	2844	1476	0.518987341772152	1	1.61351659007547	1.02661363342388	2112	394
rice_strat	ancombc2	rarefied	real_perm	89	2838	1424	0.501761804087385	1	1.62225472738065	1.02696162029593	2112	394
rice_strat	ancombc2	rarefied	real_perm	90	2756	1350	0.489840348330914	1	1.62234849294	1.07890515509177	2112	394
rice_strat	ancombc2	rarefied	real_perm	91	2767	1458	0.526924466931695	1	1.64864254124027	0.987479894278255	2112	394
rice_strat	ancombc2	rarefied	real_perm	92	2867	1332	0.464597139867457	1	1.58717457807005	1.08487837221831	10382	394
rice_strat	ancombc2	rarefied	real_perm	93	2766	1354	0.489515545914678	1	1.63986183297285	0.997385810761746	14853	394
rice_strat	ancombc2	rarefied	real_perm	94	2802	1401	0.5	1	1.66060995872863	0.914419936195646	2112	394
rice_strat	ancombc2	rarefied	real_perm	95	2852	1410	0.494389901823282	1	1.63462113765546	1.04322448847239	2112	394
rice_strat	ancombc2	rarefied	real_perm	96	2805	1378	0.49126559714795	1	1.62929384295	0.97043600452789	2112	394
rice_strat	ancombc2	rarefied	real_perm	97	2803	1354	0.483053870852658	1	1.60035952160766	0.970728292393972	2112	394
rice_strat	ancombc2	rarefied	real_perm	98	2753	1324	0.48092989466037	1	1.67021438180792	1.02212414694945	2112	394
rice_strat	ancombc2	rarefied	real_perm	99	2804	1352	0.482168330955777	1	1.61351659007547	1.04233908629442	2112	394
rice_strat	ancombc2	rarefied	real_perm	100	2819	1420	0.503724725079816	1	1.601785488427	1.01746988436562	10382	394
rice_strat	ancombc2	raw	real_depth	1	2782	1751	0.6294033069734	1	1.6392285832881	0.974387758351645	2112	394
rice_strat	ancombc2	raw	real_depth	2	2813	1718	0.610735869178813	1	1.64130735949189	0.97252562791315	2112	394
rice_strat	ancombc2	raw	real_depth	3	2781	1645	0.591513843941028	1	1.60775116994814	1.00771245634459	2112	394
rice_strat	ancombc2	raw	real_depth	4	2815	1722	0.611722912966252	1	1.65524654895324	0.918625540466476	2112	394
rice_strat	ancombc2	raw	real_depth	5	2808	1652	0.588319088319088	1	1.61884801468135	1.05856209150327	10382	394
rice_strat	ancombc2	raw	real_depth	6	2834	1708	0.602681721947777	1	1.62270083320233	1.00623179408815	10382	394
rice_strat	ancombc2	raw	real_depth	7	2791	1626	0.582586886420638	1	1.5892973290531	1.03148518896833	16016	394
rice_strat	ancombc2	raw	real_depth	8	2748	1675	0.609534206695779	1	1.66095956251469	1.1162002426036	2112	394
rice_strat	ancombc2	raw	real_depth	9	2862	1739	0.607617051013277	1	1.59581610767461	1.09072076103349	2112	394
rice_strat	ancombc2	raw	real_depth	10	2729	1694	0.620740197874679	1	1.60265367604641	0.958762968305422	10382	394
rice_strat	ancombc2	raw	real_depth	11	2747	1672	0.608663997087732	1	1.63640441757631	0.989252501850243	2112	394
rice_strat	ancombc2	raw	real_depth	12	2812	1690	0.60099573257468	1	1.62373832165499	0.963829326402426	2112	394
rice_strat	ancombc2	raw	real_depth	13	2791	1675	0.600143317807238	1	1.60404548551066	1.04824706366033	10382	394
rice_strat	ancombc2	raw	real_depth	14	2787	1574	0.564764980265518	1	1.58361574214938	1.03562781612403	2112	394
rice_strat	ancombc2	raw	real_depth	15	2766	1833	0.662689804772234	1	1.62118885488261	1.02390863313423	2112	394
rice_strat	ancombc2	raw	real_depth	16	2803	1699	0.606136282554406	1	1.60688692805657	0.998401189515001	2112	394
rice_strat	ancombc2	raw	real_depth	17	2850	1731	0.607368421052632	1	1.65239418031653	1.02409940499289	2112	394
rice_strat	ancombc2	raw	real_depth	18	2846	1736	0.609978917779339	1	1.58774825761149	1.00674411969822	14853	394
rice_strat	ancombc2	raw	real_depth	19	2755	1641	0.595644283121597	1	1.66142466634507	0.974545249306586	2112	394
rice_strat	ancombc2	raw	real_depth	20	2824	1734	0.614022662889518	1	1.6059496996997	0.924009047824214	10382	394
rice_strat	ancombc2	raw	real_depth	21	2804	1740	0.620542082738944	1	1.56135305679115	0.9539840699188	2112	394
rice_strat	ancombc2	raw	real_depth	22	2780	1837	0.660791366906475	1	1.62347669678683	1.01837130822078	2112	394
rice_strat	ancombc2	raw	real_depth	23	2838	1727	0.608527131782946	1	1.62841644720966	0.955640848172151	10382	394
rice_strat	ancombc2	raw	real_depth	24	2794	1722	0.616320687186829	1	1.60257424094229	1.0104238112708	2112	394
rice_strat	ancombc2	raw	real_depth	25	2777	1702	0.612891609650702	1	1.59612627789927	1.10103369194968	2112	394
rice_strat	ancombc2	raw	real_depth	26	2799	1745	0.623436941764916	1	1.62023573765978	0.956891416192797	14853	394
rice_strat	ancombc2	raw	real_depth	27	2762	1652	0.598117306299783	1	1.61990155451314	0.98731728288908	2112	394
rice_strat	ancombc2	raw	real_depth	28	2760	1633	0.591666666666667	1	1.60940197189363	1.07567150687885	2112	394
rice_strat	ancombc2	raw	real_depth	29	2707	1674	0.618396749168822	1	1.65423736057096	1.03133691671493	2112	394
rice_strat	ancombc2	raw	real_depth	30	2763	1670	0.604415490408976	1	1.6444090460865	1.0006044195155	2112	394
rice_strat	ancombc2	raw	real_depth	31	2788	1669	0.598637015781923	1	1.62783784632454	1.05090279818461	2112	394
rice_strat	ancombc2	raw	real_depth	32	2758	1731	0.627628716461204	1	1.65595434910138	0.973149029573044	2112	394
rice_strat	ancombc2	raw	real_depth	33	2797	1727	0.617447264926707	1	1.6262961686664	0.975837904190686	2112	394
rice_strat	ancombc2	raw	real_depth	34	2790	1725	0.618279569892473	1	1.65732640346063	1.03642184345364	2112	394
rice_strat	ancombc2	raw	real_depth	35	2769	1748	0.631274828457927	1	1.67377125176537	0.99973452181748	2112	394
rice_strat	ancombc2	raw	real_depth	36	2876	1706	0.593184979137691	1	1.61430397240204	1.0633926088308	2112	394
rice_strat	ancombc2	raw	real_depth	37	2826	1679	0.594125973106865	1	1.66117479272433	1.0403654822335	2112	394
rice_strat	ancombc2	raw	real_depth	38	2833	1678	0.592304977056124	1	1.62944401431292	0.952398904413122	2112	394
rice_strat	ancombc2	raw	real_depth	39	2816	1643	0.583451704545455	1	1.62166115492241	1.06392765582109	2112	394
rice_strat	ancombc2	raw	real_depth	40	2833	1680	0.593010942463819	1	1.63243769022393	0.986782893287598	2112	394
rice_strat	ancombc2	raw	real_depth	41	2810	1699	0.604626334519573	1	1.61141378657523	1.07380299881604	10382	394
rice_strat	ancombc2	raw	real_depth	42	2743	1689	0.615749179730222	1	1.60775116994814	1.05044195736996	2112	394
rice_strat	ancombc2	raw	real_depth	43	2827	1774	0.627520339582596	1	1.61520705899634	1.00897232660878	2112	394
rice_strat	ancombc2	raw	real_depth	44	2831	1689	0.596608972094666	1	1.61885652778213	1.03556299314448	2112	394
rice_strat	ancombc2	raw	real_depth	45	2824	1773	0.627832861189802	1	1.61990155451314	1.02845201088795	10382	394
rice_strat	ancombc2	raw	real_depth	46	2845	1734	0.609490333919156	1	1.61141378657523	1.03965824941655	2112	394
rice_strat	ancombc2	raw	real_depth	47	2834	1745	0.615737473535639	1	1.6104378218518	1.02612667334559	2112	394
rice_strat	ancombc2	raw	real_depth	48	2734	1706	0.623994147768837	1	1.62482714262743	1.00593960327324	2112	394
rice_strat	ancombc2	raw	real_depth	49	2727	1591	0.583425009167583	1	1.6025039778913	0.995523974710457	2112	394
rice_strat	ancombc2	raw	real_depth	50	2849	1721	0.604071604071604	1	1.62714457894461	0.960323444328184	10382	394
rice_strat	ancombc2	raw	real_depth	51	2821	1701	0.602977667493797	1	1.65881286331396	0.973156820271471	10382	394
rice_strat	ancombc2	raw	real_depth	52	2766	1662	0.600867678958785	1	1.62098838971272	0.985235846066062	2112	394
rice_strat	ancombc2	raw	real_depth	53	2824	1686	0.597025495750708	1	1.621367333939	0.988930090948124	10382	394
rice_strat	ancombc2	raw	real_depth	54	2807	1673	0.596009975062344	1	1.65061409179056	0.99506921598121	2112	394
rice_strat	ancombc2	raw	real_depth	55	2752	1700	0.617732558139535	1	1.62347669678683	1.017383488094	2112	394
rice_strat	ancombc2	raw	real_depth	56	2775	1637	0.58990990990991	1	1.60940197189363	0.99672621680971	2112	394
rice_strat	ancombc2	raw	real_depth	57	2824	1706	0.604107648725212	1	1.62415152409461	1.01549956026755	14853	394
rice_strat	ancombc2	raw	real_depth	58	2788	1721	0.617288378766141	1	1.63967932900548	0.997916222680022	10382	394
rice_strat	ancombc2	raw	real_depth	59	2844	1677	0.589662447257384	1	1.61476512934441	1.03811976292663	2112	394
rice_strat	ancombc2	raw	real_depth	60	2845	1795	0.630931458699473	1	1.58983941120904	0.980175640995456	2112	394
rice_strat	ancombc2	raw	real_depth	61	2788	1565	0.561334289813486	1	1.59184116418959	0.998078413386263	2112	394
rice_strat	ancombc2	raw	real_depth	62	2804	1709	0.609486447931526	1	1.64133139885838	0.928720271278191	10382	394
rice_strat	ancombc2	raw	real_depth	63	2810	1772	0.630604982206406	1	1.5986689723838	0.989454499148401	10382	394
rice_strat	ancombc2	raw	real_depth	64	2807	1694	0.603491271820449	1	1.62613173677765	0.975507436087498	2112	394
rice_strat	ancombc2	raw	real_depth	65	2853	1714	0.600771118121276	1	1.64029582673006	0.986740524966971	2112	394
rice_strat	ancombc2	raw	real_depth	66	2807	1670	0.594941218382615	1	1.63059803529733	0.984880953322316	10382	394
rice_strat	ancombc2	raw	real_depth	67	2845	1708	0.600351493848858	1	1.66021910861155	1.04945730675581	2112	394
rice_strat	ancombc2	raw	real_depth	68	2769	1701	0.61430119176598	1	1.60983913166826	0.982208520890129	2112	394
rice_strat	ancombc2	raw	real_depth	69	2811	1693	0.6022767698328	1	1.65560860205887	0.993661143520236	10382	394
rice_strat	ancombc2	raw	real_depth	70	2745	1665	0.60655737704918	1	1.62347669678683	0.97582828769232	2112	394
rice_strat	ancombc2	raw	real_depth	71	2864	1728	0.603351955307263	1	1.58884937238494	0.980584862563513	10382	394
rice_strat	ancombc2	raw	real_depth	72	2841	1692	0.595564941921858	1	1.64700774142989	0.996705634005533	10382	394
rice_strat	ancombc2	raw	real_depth	73	2744	1612	0.587463556851312	1	1.64238623572922	0.974207184800833	2112	394
rice_strat	ancombc2	raw	real_depth	74	2806	1719	0.612615823235923	1	1.60747447828687	0.963898694372081	2112	394
rice_strat	ancombc2	raw	real_depth	75	2833	1628	0.574655841863749	1	1.61497668081539	1.04552615764427	2112	394
rice_strat	ancombc2	raw	real_depth	76	2881	1768	0.613675807011454	1	1.6797942976175	1.07551518097329	2112	394
rice_strat	ancombc2	raw	real_depth	77	2778	1654	0.595392368610511	1	1.59930244457672	1.02143162962783	2112	394
rice_strat	ancombc2	raw	real_depth	78	2808	1714	0.61039886039886	1	1.64112185194607	0.948853325824417	10382	394
rice_strat	ancombc2	raw	real_depth	79	2775	1622	0.584504504504505	1	1.65732640346063	1.01947254690109	2112	394
rice_strat	ancombc2	raw	real_depth	80	2779	1683	0.605613530046779	1	1.65351171280479	1.02175335831274	10382	394
rice_strat	ancombc2	raw	real_depth	81	2856	1726	0.604341736694678	1	1.64484621106763	1.01837743811104	2112	394
rice_strat	ancombc2	raw	real_depth	82	2757	1674	0.607181719260065	1	1.59273699103914	0.957190373703776	2112	394
rice_strat	ancombc2	raw	real_depth	83	2798	1745	0.623659756969264	1	1.60520821311286	0.97565007911953	2112	394
rice_strat	ancombc2	raw	real_depth	84	2810	1689	0.601067615658363	1	1.61823403325495	0.981548722903583	2112	394
rice_strat	ancombc2	raw	real_depth	85	2766	1658	0.59942154736081	1	1.58912059385124	0.90863299394014	2112	394
rice_strat	ancombc2	raw	real_depth	86	2796	1649	0.589771101573677	1	1.58462542336016	0.991625118383257	2112	394
rice_strat	ancombc2	raw	real_depth	87	2807	1675	0.596722479515497	1	1.60725081783925	1.04776682438478	10382	394
rice_strat	ancombc2	raw	real_depth	88	2844	1677	0.589662447257384	1	1.61351659007547	1.02661363342388	2112	394
rice_strat	ancombc2	raw	real_depth	89	2838	1700	0.599013389711064	1	1.62225472738065	1.02696162029593	2112	394
rice_strat	ancombc2	raw	real_depth	90	2756	1687	0.612119013062409	1	1.62234849294	1.07890515509177	2112	394
rice_strat	ancombc2	raw	real_depth	91	2767	1653	0.597397903867004	1	1.64864254124027	0.987479894278255	2112	394
rice_strat	ancombc2	raw	real_depth	92	2867	1779	0.620509243111266	1	1.58717457807005	1.08487837221831	10382	394
rice_strat	ancombc2	raw	real_depth	93	2766	1762	0.637020968908171	1	1.63986183297285	0.997385810761746	14853	394
rice_strat	ancombc2	raw	real_depth	94	2802	1689	0.602783725910064	1	1.66060995872863	0.914419936195646	2112	394
rice_strat	ancombc2	raw	real_depth	95	2852	1736	0.608695652173913	1	1.63462113765546	1.04322448847239	2112	394
rice_strat	ancombc2	raw	real_depth	96	2805	1658	0.59108734402852	1	1.62929384295	0.97043600452789	2112	394
rice_strat	ancombc2	raw	real_depth	97	2803	1640	0.585087406350339	1	1.60035952160766	0.970728292393972	2112	394
rice_strat	ancombc2	raw	real_depth	98	2753	1701	0.617871413003996	1	1.67021438180792	1.02212414694945	2112	394
rice_strat	ancombc2	raw	real_depth	99	2804	1726	0.615549215406562	1	1.61351659007547	1.04233908629442	2112	394
rice_strat	ancombc2	raw	real_depth	100	2819	1681	0.596310748492373	1	1.601785488427	1.01746988436562	10382	394
rice_strat	ancombc2	raw	real_perm	1	2782	1207	0.433860531991373	1	1.6392285832881	0.974387758351645	2112	394
rice_strat	ancombc2	raw	real_perm	2	2813	1214	0.431567721293992	1	1.64130735949189	0.97252562791315	2112	394
rice_strat	ancombc2	raw	real_perm	3	2781	1254	0.45091693635383	1	1.60775116994814	1.00771245634459	2112	394
rice_strat	ancombc2	raw	real_perm	4	2815	1352	0.480284191829485	1	1.65524654895324	0.918625540466476	2112	394
rice_strat	ancombc2	raw	real_perm	5	2808	1309	0.466168091168091	1	1.61884801468135	1.05856209150327	10382	394
rice_strat	ancombc2	raw	real_perm	6	2834	1275	0.449894142554693	1	1.62270083320233	1.00623179408815	10382	394
rice_strat	ancombc2	raw	real_perm	7	2791	1293	0.463274811895378	1	1.5892973290531	1.03148518896833	16016	394
rice_strat	ancombc2	raw	real_perm	8	2748	1231	0.447962154294032	1	1.66095956251469	1.1162002426036	2112	394
rice_strat	ancombc2	raw	real_perm	9	2862	1267	0.442697414395528	1	1.59581610767461	1.09072076103349	2112	394
rice_strat	ancombc2	raw	real_perm	10	2729	1259	0.461341150604617	1	1.60265367604641	0.958762968305422	10382	394
rice_strat	ancombc2	raw	real_perm	11	2747	1216	0.442664725154714	1	1.63640441757631	0.989252501850243	2112	394
rice_strat	ancombc2	raw	real_perm	12	2812	1262	0.448790896159317	1	1.62373832165499	0.963829326402426	2112	394
rice_strat	ancombc2	raw	real_perm	13	2791	1260	0.45145109279828	1	1.60404548551066	1.04824706366033	10382	394
rice_strat	ancombc2	raw	real_perm	14	2787	1128	0.404736275565124	1	1.58361574214938	1.03562781612403	2112	394
rice_strat	ancombc2	raw	real_perm	15	2766	1061	0.383586406362979	1	1.62118885488261	1.02390863313423	2112	394
rice_strat	ancombc2	raw	real_perm	16	2803	1237	0.441312879058152	1	1.60688692805657	0.998401189515001	2112	394
rice_strat	ancombc2	raw	real_perm	17	2850	1350	0.473684210526316	1	1.65239418031653	1.02409940499289	2112	394
rice_strat	ancombc2	raw	real_perm	18	2846	1461	0.513352073085032	1	1.58774825761149	1.00674411969822	14853	394
rice_strat	ancombc2	raw	real_perm	19	2755	1087	0.394555353901996	1	1.66142466634507	0.974545249306586	2112	394
rice_strat	ancombc2	raw	real_perm	20	2824	1293	0.4578611898017	1	1.6059496996997	0.924009047824214	10382	394
rice_strat	ancombc2	raw	real_perm	21	2804	1140	0.406562054208274	1	1.56135305679115	0.9539840699188	2112	394
rice_strat	ancombc2	raw	real_perm	22	2780	1203	0.43273381294964	1	1.62347669678683	1.01837130822078	2112	394
rice_strat	ancombc2	raw	real_perm	23	2838	1172	0.412966878083157	1	1.62841644720966	0.955640848172151	10382	394
rice_strat	ancombc2	raw	real_perm	24	2794	1374	0.49176807444524	1	1.60257424094229	1.0104238112708	2112	394
rice_strat	ancombc2	raw	real_perm	25	2777	1149	0.413755851638459	1	1.59612627789927	1.10103369194968	2112	394
rice_strat	ancombc2	raw	real_perm	26	2799	1297	0.463379778492319	1	1.62023573765978	0.956891416192797	14853	394
rice_strat	ancombc2	raw	real_perm	27	2762	1154	0.417813178855902	1	1.61990155451314	0.98731728288908	2112	394
rice_strat	ancombc2	raw	real_perm	28	2760	1188	0.430434782608696	1	1.60940197189363	1.07567150687885	2112	394
rice_strat	ancombc2	raw	real_perm	29	2707	1121	0.414111562615441	1	1.65423736057096	1.03133691671493	2112	394
rice_strat	ancombc2	raw	real_perm	30	2763	1163	0.420919290626131	1	1.6444090460865	1.0006044195155	2112	394
rice_strat	ancombc2	raw	real_perm	31	2788	1204	0.431850789096126	1	1.62783784632454	1.05090279818461	2112	394
rice_strat	ancombc2	raw	real_perm	32	2758	1302	0.472081218274112	1	1.65595434910138	0.973149029573044	2112	394
rice_strat	ancombc2	raw	real_perm	33	2797	1249	0.446549874865928	1	1.6262961686664	0.975837904190686	2112	394
rice_strat	ancombc2	raw	real_perm	34	2790	1203	0.431182795698925	1	1.65732640346063	1.03642184345364	2112	394
rice_strat	ancombc2	raw	real_perm	35	2769	1128	0.407367280606717	1	1.67377125176537	0.99973452181748	2112	394
rice_strat	ancombc2	raw	real_perm	36	2876	1187	0.412726008344924	1	1.61430397240204	1.0633926088308	2112	394
rice_strat	ancombc2	raw	real_perm	37	2826	1211	0.428520877565464	1	1.66117479272433	1.0403654822335	2112	394
rice_strat	ancombc2	raw	real_perm	38	2833	1190	0.420049417578539	1	1.62944401431292	0.952398904413122	2112	394
rice_strat	ancombc2	raw	real_perm	39	2816	1145	0.406605113636364	1	1.62166115492241	1.06392765582109	2112	394
rice_strat	ancombc2	raw	real_perm	40	2833	1221	0.430991881397812	1	1.63243769022393	0.986782893287598	2112	394
rice_strat	ancombc2	raw	real_perm	41	2810	1296	0.461209964412811	1	1.61141378657523	1.07380299881604	10382	394
rice_strat	ancombc2	raw	real_perm	42	2743	1356	0.494349252643091	1	1.60775116994814	1.05044195736996	2112	394
rice_strat	ancombc2	raw	real_perm	43	2827	1083	0.383091616554652	1	1.61520705899634	1.00897232660878	2112	394
rice_strat	ancombc2	raw	real_perm	44	2831	1393	0.492052278346874	1	1.61885652778213	1.03556299314448	2112	394
rice_strat	ancombc2	raw	real_perm	45	2824	1339	0.474150141643059	1	1.61990155451314	1.02845201088795	10382	394
rice_strat	ancombc2	raw	real_perm	46	2845	1340	0.471001757469244	1	1.61141378657523	1.03965824941655	2112	394
rice_strat	ancombc2	raw	real_perm	47	2834	1444	0.509527170077629	1	1.6104378218518	1.02612667334559	2112	394
rice_strat	ancombc2	raw	real_perm	48	2734	1268	0.463789319678127	1	1.62482714262743	1.00593960327324	2112	394
rice_strat	ancombc2	raw	real_perm	49	2727	1272	0.466446644664466	1	1.6025039778913	0.995523974710457	2112	394
rice_strat	ancombc2	raw	real_perm	50	2849	1244	0.436644436644437	1	1.62714457894461	0.960323444328184	10382	394
rice_strat	ancombc2	raw	real_perm	51	2821	1286	0.45586671393123	1	1.65881286331396	0.973156820271471	10382	394
rice_strat	ancombc2	raw	real_perm	52	2766	1265	0.457339117859725	1	1.62098838971272	0.985235846066062	2112	394
rice_strat	ancombc2	raw	real_perm	53	2824	1358	0.480878186968839	1	1.621367333939	0.988930090948124	10382	394
rice_strat	ancombc2	raw	real_perm	54	2807	1223	0.435696473102957	1	1.65061409179056	0.99506921598121	2112	394
rice_strat	ancombc2	raw	real_perm	55	2752	1006	0.365552325581395	1	1.62347669678683	1.017383488094	2112	394
rice_strat	ancombc2	raw	real_perm	56	2775	1203	0.433513513513514	1	1.60940197189363	0.99672621680971	2112	394
rice_strat	ancombc2	raw	real_perm	57	2824	1254	0.444050991501416	1	1.62415152409461	1.01549956026755	14853	394
rice_strat	ancombc2	raw	real_perm	58	2788	1250	0.448350071736011	1	1.63967932900548	0.997916222680022	10382	394
rice_strat	ancombc2	raw	real_perm	59	2844	1278	0.449367088607595	1	1.61476512934441	1.03811976292663	2112	394
rice_strat	ancombc2	raw	real_perm	60	2845	1194	0.419683655536028	1	1.58983941120904	0.980175640995456	2112	394
rice_strat	ancombc2	raw	real_perm	61	2788	1211	0.434361549497848	1	1.59184116418959	0.998078413386263	2112	394
rice_strat	ancombc2	raw	real_perm	62	2804	1158	0.412981455064194	1	1.64133139885838	0.928720271278191	10382	394
rice_strat	ancombc2	raw	real_perm	63	2810	1302	0.463345195729537	1	1.5986689723838	0.989454499148401	10382	394
rice_strat	ancombc2	raw	real_perm	64	2807	1302	0.463840399002494	1	1.62613173677765	0.975507436087498	2112	394
rice_strat	ancombc2	raw	real_perm	65	2853	1239	0.434279705573081	1	1.64029582673006	0.986740524966971	2112	394
rice_strat	ancombc2	raw	real_perm	66	2807	1155	0.411471321695761	1	1.63059803529733	0.984880953322316	10382	394
rice_strat	ancombc2	raw	real_perm	67	2845	1405	0.493848857644991	1	1.66021910861155	1.04945730675581	2112	394
rice_strat	ancombc2	raw	real_perm	68	2769	1229	0.443842542434092	1	1.60983913166826	0.982208520890129	2112	394
rice_strat	ancombc2	raw	real_perm	69	2811	1299	0.462113127001067	1	1.65560860205887	0.993661143520236	10382	394
rice_strat	ancombc2	raw	real_perm	70	2745	1344	0.489617486338798	1	1.62347669678683	0.97582828769232	2112	394
rice_strat	ancombc2	raw	real_perm	71	2864	1302	0.454608938547486	1	1.58884937238494	0.980584862563513	10382	394
rice_strat	ancombc2	raw	real_perm	72	2841	1236	0.4350580781415	1	1.64700774142989	0.996705634005533	10382	394
rice_strat	ancombc2	raw	real_perm	73	2744	1473	0.536807580174927	1	1.64238623572922	0.974207184800833	2112	394
rice_strat	ancombc2	raw	real_perm	74	2806	1183	0.4215965787598	1	1.60747447828687	0.963898694372081	2112	394
rice_strat	ancombc2	raw	real_perm	75	2833	1109	0.39145781856689	1	1.61497668081539	1.04552615764427	2112	394
rice_strat	ancombc2	raw	real_perm	76	2881	1203	0.417563346060396	1	1.6797942976175	1.07551518097329	2112	394
rice_strat	ancombc2	raw	real_perm	77	2778	1225	0.440964722822174	1	1.59930244457672	1.02143162962783	2112	394
rice_strat	ancombc2	raw	real_perm	78	2808	1198	0.426638176638177	1	1.64112185194607	0.948853325824417	10382	394
rice_strat	ancombc2	raw	real_perm	79	2775	1245	0.448648648648649	1	1.65732640346063	1.01947254690109	2112	394
rice_strat	ancombc2	raw	real_perm	80	2779	1159	0.417056495142137	1	1.65351171280479	1.02175335831274	10382	394
rice_strat	ancombc2	raw	real_perm	81	2856	1206	0.422268907563025	1	1.64484621106763	1.01837743811104	2112	394
rice_strat	ancombc2	raw	real_perm	82	2757	1257	0.455930359085963	1	1.59273699103914	0.957190373703776	2112	394
rice_strat	ancombc2	raw	real_perm	83	2798	1244	0.444603288062902	1	1.60520821311286	0.97565007911953	2112	394
rice_strat	ancombc2	raw	real_perm	84	2810	1290	0.459074733096085	1	1.61823403325495	0.981548722903583	2112	394
rice_strat	ancombc2	raw	real_perm	85	2766	1236	0.446854663774403	1	1.58912059385124	0.90863299394014	2112	394
rice_strat	ancombc2	raw	real_perm	86	2796	1206	0.431330472103004	1	1.58462542336016	0.991625118383257	2112	394
rice_strat	ancombc2	raw	real_perm	87	2807	1148	0.408977556109726	1	1.60725081783925	1.04776682438478	10382	394
rice_strat	ancombc2	raw	real_perm	88	2844	1325	0.465893108298172	1	1.61351659007547	1.02661363342388	2112	394
rice_strat	ancombc2	raw	real_perm	89	2838	1174	0.413671599718111	1	1.62225472738065	1.02696162029593	2112	394
rice_strat	ancombc2	raw	real_perm	90	2756	1232	0.447024673439768	1	1.62234849294	1.07890515509177	2112	394
rice_strat	ancombc2	raw	real_perm	91	2767	1368	0.494398265269245	1	1.64864254124027	0.987479894278255	2112	394
rice_strat	ancombc2	raw	real_perm	92	2867	1217	0.424485524938961	1	1.58717457807005	1.08487837221831	10382	394
rice_strat	ancombc2	raw	real_perm	93	2766	1268	0.458423716558207	1	1.63986183297285	0.997385810761746	14853	394
rice_strat	ancombc2	raw	real_perm	94	2802	1241	0.442897930049964	1	1.66060995872863	0.914419936195646	2112	394
rice_strat	ancombc2	raw	real_perm	95	2852	1240	0.434782608695652	1	1.63462113765546	1.04322448847239	2112	394
rice_strat	ancombc2	raw	real_perm	96	2805	1149	0.409625668449198	1	1.62929384295	0.97043600452789	2112	394
rice_strat	ancombc2	raw	real_perm	97	2803	1254	0.447377809489832	1	1.60035952160766	0.970728292393972	2112	394
rice_strat	ancombc2	raw	real_perm	98	2753	1211	0.439883763167454	1	1.67021438180792	1.02212414694945	2112	394
rice_strat	ancombc2	raw	real_perm	99	2804	1171	0.417617689015692	1	1.61351659007547	1.04233908629442	2112	394
rice_strat	ancombc2	raw	real_perm	100	2819	1340	0.47534586732884	1	1.601785488427	1.01746988436562	10382	394
rice_strat	maaslin3	rarefied	real_depth	1	2782	15	0.00539180445722502	1	1.6392285832881	0.974387758351645	2112	394
rice_strat	maaslin3	rarefied	real_depth	2	2813	8	0.00284393885531461	1	1.64130735949189	0.97252562791315	2112	394
rice_strat	maaslin3	rarefied	real_depth	3	2781	14	0.0050341603739662	1	1.60775116994814	1.00771245634459	2112	394
rice_strat	maaslin3	rarefied	real_depth	4	2815	15	0.00532859680284192	1	1.65524654895324	0.918625540466476	2112	394
rice_strat	maaslin3	rarefied	real_depth	5	2808	41	0.0146011396011396	1	1.61884801468135	1.05856209150327	10382	394
rice_strat	maaslin3	rarefied	real_depth	6	2834	54	0.0190543401552576	1	1.62270083320233	1.00623179408815	10382	394
rice_strat	maaslin3	rarefied	real_depth	7	2791	52	0.0186313149408814	1	1.5892973290531	1.03148518896833	16016	394
rice_strat	maaslin3	rarefied	real_depth	8	2748	8	0.00291120815138282	1	1.66095956251469	1.1162002426036	2112	394
rice_strat	maaslin3	rarefied	real_depth	9	2862	5	0.00174703004891684	1	1.59581610767461	1.09072076103349	2112	394
rice_strat	maaslin3	rarefied	real_depth	10	2729	59	0.0216196408941004	1	1.60265367604641	0.958762968305422	10382	394
rice_strat	maaslin3	rarefied	real_depth	11	2747	0	0	0	1.63640441757631	0.989252501850243	2112	394
rice_strat	maaslin3	rarefied	real_depth	12	2812	3	0.00106685633001422	1	1.62373832165499	0.963829326402426	2112	394
rice_strat	maaslin3	rarefied	real_depth	13	2791	53	0.0189896094589753	1	1.60404548551066	1.04824706366033	10382	394
rice_strat	maaslin3	rarefied	real_depth	14	2787	4	0.00143523501973448	1	1.58361574214938	1.03562781612403	2112	394
rice_strat	maaslin3	rarefied	real_depth	15	2766	14	0.00506146059291396	1	1.62118885488261	1.02390863313423	2112	394
rice_strat	maaslin3	rarefied	real_depth	16	2803	3	0.00107028184088477	1	1.60688692805657	0.998401189515001	2112	394
rice_strat	maaslin3	rarefied	real_depth	17	2850	3	0.00105263157894737	1	1.65239418031653	1.02409940499289	2112	394
rice_strat	maaslin3	rarefied	real_depth	18	2846	51	0.0179198875614898	1	1.58774825761149	1.00674411969822	14853	394
rice_strat	maaslin3	rarefied	real_depth	19	2755	7	0.00254083484573503	1	1.66142466634507	0.974545249306586	2112	394
rice_strat	maaslin3	rarefied	real_depth	20	2824	52	0.018413597733711	1	1.6059496996997	0.924009047824214	10382	394
rice_strat	maaslin3	rarefied	real_depth	21	2804	1	0.000356633380884451	1	1.56135305679115	0.9539840699188	2112	394
rice_strat	maaslin3	rarefied	real_depth	22	2780	22	0.0079136690647482	1	1.62347669678683	1.01837130822078	2112	394
rice_strat	maaslin3	rarefied	real_depth	23	2838	36	0.0126849894291755	1	1.62841644720966	0.955640848172151	10382	394
rice_strat	maaslin3	rarefied	real_depth	24	2794	16	0.00572655690765927	1	1.60257424094229	1.0104238112708	2112	394
rice_strat	maaslin3	rarefied	real_depth	25	2777	2	0.00072020165646381	1	1.59612627789927	1.10103369194968	2112	394
rice_strat	maaslin3	rarefied	real_depth	26	2799	96	0.0342979635584137	1	1.62023573765978	0.956891416192797	14853	394
rice_strat	maaslin3	rarefied	real_depth	27	2762	12	0.00434467776973208	1	1.61990155451314	0.98731728288908	2112	394
rice_strat	maaslin3	rarefied	real_depth	28	2760	4	0.00144927536231884	1	1.60940197189363	1.07567150687885	2112	394
rice_strat	maaslin3	rarefied	real_depth	29	2707	26	0.00960472848171407	1	1.65423736057096	1.03133691671493	2112	394
rice_strat	maaslin3	rarefied	real_depth	30	2763	0	0	0	1.6444090460865	1.0006044195155	2112	394
rice_strat	maaslin3	rarefied	real_depth	31	2788	12	0.00430416068866571	1	1.62783784632454	1.05090279818461	2112	394
rice_strat	maaslin3	rarefied	real_depth	32	2758	24	0.00870195794053662	1	1.65595434910138	0.973149029573044	2112	394
rice_strat	maaslin3	rarefied	real_depth	33	2797	8	0.00286020736503396	1	1.6262961686664	0.975837904190686	2112	394
rice_strat	maaslin3	rarefied	real_depth	34	2790	10	0.003584229390681	1	1.65732640346063	1.03642184345364	2112	394
rice_strat	maaslin3	rarefied	real_depth	35	2769	15	0.00541711809317443	1	1.67377125176537	0.99973452181748	2112	394
rice_strat	maaslin3	rarefied	real_depth	36	2876	2	0.000695410292072323	1	1.61430397240204	1.0633926088308	2112	394
rice_strat	maaslin3	rarefied	real_depth	37	2826	6	0.00212314225053079	1	1.66117479272433	1.0403654822335	2112	394
rice_strat	maaslin3	rarefied	real_depth	38	2833	3	0.00105894811154253	1	1.62944401431292	0.952398904413122	2112	394
rice_strat	maaslin3	rarefied	real_depth	39	2816	7	0.00248579545454545	1	1.62166115492241	1.06392765582109	2112	394
rice_strat	maaslin3	rarefied	real_depth	40	2833	4	0.00141193081539005	1	1.63243769022393	0.986782893287598	2112	394
rice_strat	maaslin3	rarefied	real_depth	41	2810	50	0.0177935943060498	1	1.61141378657523	1.07380299881604	10382	394
rice_strat	maaslin3	rarefied	real_depth	42	2743	7	0.002551950419249	1	1.60775116994814	1.05044195736996	2112	394
rice_strat	maaslin3	rarefied	real_depth	43	2827	15	0.00530597806862398	1	1.61520705899634	1.00897232660878	2112	394
rice_strat	maaslin3	rarefied	real_depth	44	2831	6	0.00211939244083363	1	1.61885652778213	1.03556299314448	2112	394
rice_strat	maaslin3	rarefied	real_depth	45	2824	59	0.0208923512747875	1	1.61990155451314	1.02845201088795	10382	394
rice_strat	maaslin3	rarefied	real_depth	46	2845	10	0.00351493848857645	1	1.61141378657523	1.03965824941655	2112	394
rice_strat	maaslin3	rarefied	real_depth	47	2834	9	0.0031757233592096	1	1.6104378218518	1.02612667334559	2112	394
rice_strat	maaslin3	rarefied	real_depth	48	2734	5	0.00182882223847842	1	1.62482714262743	1.00593960327324	2112	394
rice_strat	maaslin3	rarefied	real_depth	49	2727	2	0.000733406674000733	1	1.6025039778913	0.995523974710457	2112	394
rice_strat	maaslin3	rarefied	real_depth	50	2849	67	0.0235170235170235	1	1.62714457894461	0.960323444328184	10382	394
rice_strat	maaslin3	rarefied	real_depth	51	2821	80	0.0283587380361574	1	1.65881286331396	0.973156820271471	10382	394
rice_strat	maaslin3	rarefied	real_depth	52	2766	1	0.000361532899493854	1	1.62098838971272	0.985235846066062	2112	394
rice_strat	maaslin3	rarefied	real_depth	53	2824	59	0.0208923512747875	1	1.621367333939	0.988930090948124	10382	394
rice_strat	maaslin3	rarefied	real_depth	54	2807	10	0.00356252226576416	1	1.65061409179056	0.99506921598121	2112	394
rice_strat	maaslin3	rarefied	real_depth	55	2752	9	0.0032703488372093	1	1.62347669678683	1.017383488094	2112	394
rice_strat	maaslin3	rarefied	real_depth	56	2775	2	0.000720720720720721	1	1.60940197189363	0.99672621680971	2112	394
rice_strat	maaslin3	rarefied	real_depth	57	2824	52	0.018413597733711	1	1.62415152409461	1.01549956026755	14853	394
rice_strat	maaslin3	rarefied	real_depth	58	2788	67	0.0240315638450502	1	1.63967932900548	0.997916222680022	10382	394
rice_strat	maaslin3	rarefied	real_depth	59	2844	0	0	0	1.61476512934441	1.03811976292663	2112	394
rice_strat	maaslin3	rarefied	real_depth	60	2845	4	0.00140597539543058	1	1.58983941120904	0.980175640995456	2112	394
rice_strat	maaslin3	rarefied	real_depth	61	2788	0	0	0	1.59184116418959	0.998078413386263	2112	394
rice_strat	maaslin3	rarefied	real_depth	62	2804	37	0.0131954350927247	1	1.64133139885838	0.928720271278191	10382	394
rice_strat	maaslin3	rarefied	real_depth	63	2810	76	0.0270462633451957	1	1.5986689723838	0.989454499148401	10382	394
rice_strat	maaslin3	rarefied	real_depth	64	2807	11	0.00391877449234058	1	1.62613173677765	0.975507436087498	2112	394
rice_strat	maaslin3	rarefied	real_depth	65	2853	0	0	0	1.64029582673006	0.986740524966971	2112	394
rice_strat	maaslin3	rarefied	real_depth	66	2807	49	0.0174563591022444	1	1.63059803529733	0.984880953322316	10382	394
rice_strat	maaslin3	rarefied	real_depth	67	2845	4	0.00140597539543058	1	1.66021910861155	1.04945730675581	2112	394
rice_strat	maaslin3	rarefied	real_depth	68	2769	9	0.00325027085590466	1	1.60983913166826	0.982208520890129	2112	394
rice_strat	maaslin3	rarefied	real_depth	69	2811	68	0.024190679473497	1	1.65560860205887	0.993661143520236	10382	394
rice_strat	maaslin3	rarefied	real_depth	70	2745	8	0.0029143897996357	1	1.62347669678683	0.97582828769232	2112	394
rice_strat	maaslin3	rarefied	real_depth	71	2864	45	0.0157122905027933	1	1.58884937238494	0.980584862563513	10382	394
rice_strat	maaslin3	rarefied	real_depth	72	2841	46	0.0161914818725801	1	1.64700774142989	0.996705634005533	10382	394
rice_strat	maaslin3	rarefied	real_depth	73	2744	1	0.000364431486880466	1	1.64238623572922	0.974207184800833	2112	394
rice_strat	maaslin3	rarefied	real_depth	74	2806	9	0.00320741268709907	1	1.60747447828687	0.963898694372081	2112	394
rice_strat	maaslin3	rarefied	real_depth	75	2833	0	0	0	1.61497668081539	1.04552615764427	2112	394
rice_strat	maaslin3	rarefied	real_depth	76	2881	8	0.00277681360638667	1	1.6797942976175	1.07551518097329	2112	394
rice_strat	maaslin3	rarefied	real_depth	77	2778	3	0.00107991360691145	1	1.59930244457672	1.02143162962783	2112	394
rice_strat	maaslin3	rarefied	real_depth	78	2808	54	0.0192307692307692	1	1.64112185194607	0.948853325824417	10382	394
rice_strat	maaslin3	rarefied	real_depth	79	2775	4	0.00144144144144144	1	1.65732640346063	1.01947254690109	2112	394
rice_strat	maaslin3	rarefied	real_depth	80	2779	53	0.0190716084922634	1	1.65351171280479	1.02175335831274	10382	394
rice_strat	maaslin3	rarefied	real_depth	81	2856	3	0.00105042016806723	1	1.64484621106763	1.01837743811104	2112	394
rice_strat	maaslin3	rarefied	real_depth	82	2757	7	0.00253899165759884	1	1.59273699103914	0.957190373703776	2112	394
rice_strat	maaslin3	rarefied	real_depth	83	2798	13	0.00464617583988563	1	1.60520821311286	0.97565007911953	2112	394
rice_strat	maaslin3	rarefied	real_depth	84	2810	6	0.00213523131672598	1	1.61823403325495	0.981548722903583	2112	394
rice_strat	maaslin3	rarefied	real_depth	85	2766	2	0.000723065798987708	1	1.58912059385124	0.90863299394014	2112	394
rice_strat	maaslin3	rarefied	real_depth	86	2796	9	0.00321888412017167	1	1.58462542336016	0.991625118383257	2112	394
rice_strat	maaslin3	rarefied	real_depth	87	2807	54	0.0192376202351265	1	1.60725081783925	1.04776682438478	10382	394
rice_strat	maaslin3	rarefied	real_depth	88	2844	2	0.00070323488045007	1	1.61351659007547	1.02661363342388	2112	394
rice_strat	maaslin3	rarefied	real_depth	89	2838	14	0.00493305144467935	1	1.62225472738065	1.02696162029593	2112	394
rice_strat	maaslin3	rarefied	real_depth	90	2756	6	0.00217706821480406	1	1.62234849294	1.07890515509177	2112	394
rice_strat	maaslin3	rarefied	real_depth	91	2767	4	0.00144560896277557	1	1.64864254124027	0.987479894278255	2112	394
rice_strat	maaslin3	rarefied	real_depth	92	2867	83	0.028950122078828	1	1.58717457807005	1.08487837221831	10382	394
rice_strat	maaslin3	rarefied	real_depth	93	2766	116	0.0419378163412871	1	1.63986183297285	0.997385810761746	14853	394
rice_strat	maaslin3	rarefied	real_depth	94	2802	6	0.00214132762312634	1	1.66060995872863	0.914419936195646	2112	394
rice_strat	maaslin3	rarefied	real_depth	95	2852	12	0.00420757363253857	1	1.63462113765546	1.04322448847239	2112	394
rice_strat	maaslin3	rarefied	real_depth	96	2805	1	0.00035650623885918	1	1.62929384295	0.97043600452789	2112	394
rice_strat	maaslin3	rarefied	real_depth	97	2803	1	0.000356760613628255	1	1.60035952160766	0.970728292393972	2112	394
rice_strat	maaslin3	rarefied	real_depth	98	2753	30	0.0108972030512169	1	1.67021438180792	1.02212414694945	2112	394
rice_strat	maaslin3	rarefied	real_depth	99	2804	12	0.00427960057061341	1	1.61351659007547	1.04233908629442	2112	394
rice_strat	maaslin3	rarefied	real_depth	100	2819	49	0.0173820503724725	1	1.601785488427	1.01746988436562	10382	394
rice_strat	maaslin3	rarefied	real_perm	1	2782	0	0	0	1.6392285832881	0.974387758351645	2112	394
rice_strat	maaslin3	rarefied	real_perm	2	2813	0	0	0	1.64130735949189	0.97252562791315	2112	394
rice_strat	maaslin3	rarefied	real_perm	3	2781	0	0	0	1.60775116994814	1.00771245634459	2112	394
rice_strat	maaslin3	rarefied	real_perm	4	2815	0	0	0	1.65524654895324	0.918625540466476	2112	394
rice_strat	maaslin3	rarefied	real_perm	5	2808	0	0	0	1.61884801468135	1.05856209150327	10382	394
rice_strat	maaslin3	rarefied	real_perm	6	2834	0	0	0	1.62270083320233	1.00623179408815	10382	394
rice_strat	maaslin3	rarefied	real_perm	7	2791	0	0	0	1.5892973290531	1.03148518896833	16016	394
rice_strat	maaslin3	rarefied	real_perm	8	2748	0	0	0	1.66095956251469	1.1162002426036	2112	394
rice_strat	maaslin3	rarefied	real_perm	9	2862	0	0	0	1.59581610767461	1.09072076103349	2112	394
rice_strat	maaslin3	rarefied	real_perm	10	2729	0	0	0	1.60265367604641	0.958762968305422	10382	394
rice_strat	maaslin3	rarefied	real_perm	11	2747	0	0	0	1.63640441757631	0.989252501850243	2112	394
rice_strat	maaslin3	rarefied	real_perm	12	2812	1	0.000355618776671408	1	1.62373832165499	0.963829326402426	2112	394
rice_strat	maaslin3	rarefied	real_perm	13	2791	0	0	0	1.60404548551066	1.04824706366033	10382	394
rice_strat	maaslin3	rarefied	real_perm	14	2787	1	0.00035880875493362	1	1.58361574214938	1.03562781612403	2112	394
rice_strat	maaslin3	rarefied	real_perm	15	2766	1	0.000361532899493854	1	1.62118885488261	1.02390863313423	2112	394
rice_strat	maaslin3	rarefied	real_perm	16	2803	0	0	0	1.60688692805657	0.998401189515001	2112	394
rice_strat	maaslin3	rarefied	real_perm	17	2850	0	0	0	1.65239418031653	1.02409940499289	2112	394
rice_strat	maaslin3	rarefied	real_perm	18	2846	0	0	0	1.58774825761149	1.00674411969822	14853	394
rice_strat	maaslin3	rarefied	real_perm	19	2755	0	0	0	1.66142466634507	0.974545249306586	2112	394
rice_strat	maaslin3	rarefied	real_perm	20	2824	0	0	0	1.6059496996997	0.924009047824214	10382	394
rice_strat	maaslin3	rarefied	real_perm	21	2804	0	0	0	1.56135305679115	0.9539840699188	2112	394
rice_strat	maaslin3	rarefied	real_perm	22	2780	0	0	0	1.62347669678683	1.01837130822078	2112	394
rice_strat	maaslin3	rarefied	real_perm	23	2838	0	0	0	1.62841644720966	0.955640848172151	10382	394
rice_strat	maaslin3	rarefied	real_perm	24	2794	1	0.000357909806728704	1	1.60257424094229	1.0104238112708	2112	394
rice_strat	maaslin3	rarefied	real_perm	25	2777	1	0.000360100828231905	1	1.59612627789927	1.10103369194968	2112	394
rice_strat	maaslin3	rarefied	real_perm	26	2799	0	0	0	1.62023573765978	0.956891416192797	14853	394
rice_strat	maaslin3	rarefied	real_perm	27	2762	0	0	0	1.61990155451314	0.98731728288908	2112	394
rice_strat	maaslin3	rarefied	real_perm	28	2760	0	0	0	1.60940197189363	1.07567150687885	2112	394
rice_strat	maaslin3	rarefied	real_perm	29	2707	0	0	0	1.65423736057096	1.03133691671493	2112	394
rice_strat	maaslin3	rarefied	real_perm	30	2763	0	0	0	1.6444090460865	1.0006044195155	2112	394
rice_strat	maaslin3	rarefied	real_perm	31	2788	0	0	0	1.62783784632454	1.05090279818461	2112	394
rice_strat	maaslin3	rarefied	real_perm	32	2758	0	0	0	1.65595434910138	0.973149029573044	2112	394
rice_strat	maaslin3	rarefied	real_perm	33	2797	0	0	0	1.6262961686664	0.975837904190686	2112	394
rice_strat	maaslin3	rarefied	real_perm	34	2790	0	0	0	1.65732640346063	1.03642184345364	2112	394
rice_strat	maaslin3	rarefied	real_perm	35	2769	0	0	0	1.67377125176537	0.99973452181748	2112	394
rice_strat	maaslin3	rarefied	real_perm	36	2876	0	0	0	1.61430397240204	1.0633926088308	2112	394
rice_strat	maaslin3	rarefied	real_perm	37	2826	0	0	0	1.66117479272433	1.0403654822335	2112	394
rice_strat	maaslin3	rarefied	real_perm	38	2833	0	0	0	1.62944401431292	0.952398904413122	2112	394
rice_strat	maaslin3	rarefied	real_perm	39	2816	0	0	0	1.62166115492241	1.06392765582109	2112	394
rice_strat	maaslin3	rarefied	real_perm	40	2833	0	0	0	1.63243769022393	0.986782893287598	2112	394
rice_strat	maaslin3	rarefied	real_perm	41	2810	0	0	0	1.61141378657523	1.07380299881604	10382	394
rice_strat	maaslin3	rarefied	real_perm	42	2743	0	0	0	1.60775116994814	1.05044195736996	2112	394
rice_strat	maaslin3	rarefied	real_perm	43	2827	0	0	0	1.61520705899634	1.00897232660878	2112	394
rice_strat	maaslin3	rarefied	real_perm	44	2831	0	0	0	1.61885652778213	1.03556299314448	2112	394
rice_strat	maaslin3	rarefied	real_perm	45	2824	0	0	0	1.61990155451314	1.02845201088795	10382	394
rice_strat	maaslin3	rarefied	real_perm	46	2845	0	0	0	1.61141378657523	1.03965824941655	2112	394
rice_strat	maaslin3	rarefied	real_perm	47	2834	0	0	0	1.6104378218518	1.02612667334559	2112	394
rice_strat	maaslin3	rarefied	real_perm	48	2734	0	0	0	1.62482714262743	1.00593960327324	2112	394
rice_strat	maaslin3	rarefied	real_perm	49	2727	0	0	0	1.6025039778913	0.995523974710457	2112	394
rice_strat	maaslin3	rarefied	real_perm	50	2849	0	0	0	1.62714457894461	0.960323444328184	10382	394
rice_strat	maaslin3	rarefied	real_perm	51	2821	0	0	0	1.65881286331396	0.973156820271471	10382	394
rice_strat	maaslin3	rarefied	real_perm	52	2766	0	0	0	1.62098838971272	0.985235846066062	2112	394
rice_strat	maaslin3	rarefied	real_perm	53	2824	0	0	0	1.621367333939	0.988930090948124	10382	394
rice_strat	maaslin3	rarefied	real_perm	54	2807	0	0	0	1.65061409179056	0.99506921598121	2112	394
rice_strat	maaslin3	rarefied	real_perm	55	2752	0	0	0	1.62347669678683	1.017383488094	2112	394
rice_strat	maaslin3	rarefied	real_perm	56	2775	1	0.00036036036036036	1	1.60940197189363	0.99672621680971	2112	394
rice_strat	maaslin3	rarefied	real_perm	57	2824	0	0	0	1.62415152409461	1.01549956026755	14853	394
rice_strat	maaslin3	rarefied	real_perm	58	2788	0	0	0	1.63967932900548	0.997916222680022	10382	394
rice_strat	maaslin3	rarefied	real_perm	59	2844	0	0	0	1.61476512934441	1.03811976292663	2112	394
rice_strat	maaslin3	rarefied	real_perm	60	2845	0	0	0	1.58983941120904	0.980175640995456	2112	394
rice_strat	maaslin3	rarefied	real_perm	61	2788	0	0	0	1.59184116418959	0.998078413386263	2112	394
rice_strat	maaslin3	rarefied	real_perm	62	2804	0	0	0	1.64133139885838	0.928720271278191	10382	394
rice_strat	maaslin3	rarefied	real_perm	63	2810	0	0	0	1.5986689723838	0.989454499148401	10382	394
rice_strat	maaslin3	rarefied	real_perm	64	2807	0	0	0	1.62613173677765	0.975507436087498	2112	394
rice_strat	maaslin3	rarefied	real_perm	65	2853	0	0	0	1.64029582673006	0.986740524966971	2112	394
rice_strat	maaslin3	rarefied	real_perm	66	2807	0	0	0	1.63059803529733	0.984880953322316	10382	394
rice_strat	maaslin3	rarefied	real_perm	67	2845	0	0	0	1.66021910861155	1.04945730675581	2112	394
rice_strat	maaslin3	rarefied	real_perm	68	2769	0	0	0	1.60983913166826	0.982208520890129	2112	394
rice_strat	maaslin3	rarefied	real_perm	69	2811	0	0	0	1.65560860205887	0.993661143520236	10382	394
rice_strat	maaslin3	rarefied	real_perm	70	2745	1	0.000364298724954463	1	1.62347669678683	0.97582828769232	2112	394
rice_strat	maaslin3	rarefied	real_perm	71	2864	0	0	0	1.58884937238494	0.980584862563513	10382	394
rice_strat	maaslin3	rarefied	real_perm	72	2841	0	0	0	1.64700774142989	0.996705634005533	10382	394
rice_strat	maaslin3	rarefied	real_perm	73	2744	0	0	0	1.64238623572922	0.974207184800833	2112	394
rice_strat	maaslin3	rarefied	real_perm	74	2806	0	0	0	1.60747447828687	0.963898694372081	2112	394
rice_strat	maaslin3	rarefied	real_perm	75	2833	0	0	0	1.61497668081539	1.04552615764427	2112	394
rice_strat	maaslin3	rarefied	real_perm	76	2881	0	0	0	1.6797942976175	1.07551518097329	2112	394
rice_strat	maaslin3	rarefied	real_perm	77	2778	1	0.000359971202303816	1	1.59930244457672	1.02143162962783	2112	394
rice_strat	maaslin3	rarefied	real_perm	78	2808	0	0	0	1.64112185194607	0.948853325824417	10382	394
rice_strat	maaslin3	rarefied	real_perm	79	2775	0	0	0	1.65732640346063	1.01947254690109	2112	394
rice_strat	maaslin3	rarefied	real_perm	80	2779	0	0	0	1.65351171280479	1.02175335831274	10382	394
rice_strat	maaslin3	rarefied	real_perm	81	2856	0	0	0	1.64484621106763	1.01837743811104	2112	394
rice_strat	maaslin3	rarefied	real_perm	82	2757	0	0	0	1.59273699103914	0.957190373703776	2112	394
rice_strat	maaslin3	rarefied	real_perm	83	2798	1	0.000357398141529664	1	1.60520821311286	0.97565007911953	2112	394
rice_strat	maaslin3	rarefied	real_perm	84	2810	0	0	0	1.61823403325495	0.981548722903583	2112	394
rice_strat	maaslin3	rarefied	real_perm	85	2766	1	0.000361532899493854	1	1.58912059385124	0.90863299394014	2112	394
rice_strat	maaslin3	rarefied	real_perm	86	2796	0	0	0	1.58462542336016	0.991625118383257	2112	394
rice_strat	maaslin3	rarefied	real_perm	87	2807	0	0	0	1.60725081783925	1.04776682438478	10382	394
rice_strat	maaslin3	rarefied	real_perm	88	2844	0	0	0	1.61351659007547	1.02661363342388	2112	394
rice_strat	maaslin3	rarefied	real_perm	89	2838	0	0	0	1.62225472738065	1.02696162029593	2112	394
rice_strat	maaslin3	rarefied	real_perm	90	2756	0	0	0	1.62234849294	1.07890515509177	2112	394
rice_strat	maaslin3	rarefied	real_perm	91	2767	0	0	0	1.64864254124027	0.987479894278255	2112	394
rice_strat	maaslin3	rarefied	real_perm	92	2867	0	0	0	1.58717457807005	1.08487837221831	10382	394
rice_strat	maaslin3	rarefied	real_perm	93	2766	0	0	0	1.63986183297285	0.997385810761746	14853	394
rice_strat	maaslin3	rarefied	real_perm	94	2802	0	0	0	1.66060995872863	0.914419936195646	2112	394
rice_strat	maaslin3	rarefied	real_perm	95	2852	0	0	0	1.63462113765546	1.04322448847239	2112	394
rice_strat	maaslin3	rarefied	real_perm	96	2805	0	0	0	1.62929384295	0.97043600452789	2112	394
rice_strat	maaslin3	rarefied	real_perm	97	2803	0	0	0	1.60035952160766	0.970728292393972	2112	394
rice_strat	maaslin3	rarefied	real_perm	98	2753	0	0	0	1.67021438180792	1.02212414694945	2112	394
rice_strat	maaslin3	rarefied	real_perm	99	2804	0	0	0	1.61351659007547	1.04233908629442	2112	394
rice_strat	maaslin3	rarefied	real_perm	100	2819	0	0	0	1.601785488427	1.01746988436562	10382	394
rice_strat	maaslin3	raw	real_depth	1	2782	159	0.0571531272465852	1	1.6392285832881	0.974387758351645	2112	394
rice_strat	maaslin3	raw	real_depth	2	2813	144	0.051190899395663	1	1.64130735949189	0.97252562791315	2112	394
rice_strat	maaslin3	raw	real_depth	3	2781	146	0.0524991010427904	1	1.60775116994814	1.00771245634459	2112	394
rice_strat	maaslin3	raw	real_depth	4	2815	140	0.0497335701598579	1	1.65524654895324	0.918625540466476	2112	394
rice_strat	maaslin3	raw	real_depth	5	2808	112	0.0398860398860399	1	1.61884801468135	1.05856209150327	10382	394
rice_strat	maaslin3	raw	real_depth	6	2834	142	0.050105857445307	1	1.62270083320233	1.00623179408815	10382	394
rice_strat	maaslin3	raw	real_depth	7	2791	111	0.0397706915084199	1	1.5892973290531	1.03148518896833	16016	394
rice_strat	maaslin3	raw	real_depth	8	2748	128	0.0465793304221252	1	1.66095956251469	1.1162002426036	2112	394
rice_strat	maaslin3	raw	real_depth	9	2862	147	0.0513626834381551	1	1.59581610767461	1.09072076103349	2112	394
rice_strat	maaslin3	raw	real_depth	10	2729	121	0.0443385855624771	1	1.60265367604641	0.958762968305422	10382	394
rice_strat	maaslin3	raw	real_depth	11	2747	143	0.0520567892246087	1	1.63640441757631	0.989252501850243	2112	394
rice_strat	maaslin3	raw	real_depth	12	2812	133	0.0472972972972973	1	1.62373832165499	0.963829326402426	2112	394
rice_strat	maaslin3	raw	real_depth	13	2791	104	0.0372626298817628	1	1.60404548551066	1.04824706366033	10382	394
rice_strat	maaslin3	raw	real_depth	14	2787	103	0.0369573017581629	1	1.58361574214938	1.03562781612403	2112	394
rice_strat	maaslin3	raw	real_depth	15	2766	174	0.0629067245119306	1	1.62118885488261	1.02390863313423	2112	394
rice_strat	maaslin3	raw	real_depth	16	2803	109	0.0388869068854798	1	1.60688692805657	0.998401189515001	2112	394
rice_strat	maaslin3	raw	real_depth	17	2850	122	0.0428070175438596	1	1.65239418031653	1.02409940499289	2112	394
rice_strat	maaslin3	raw	real_depth	18	2846	139	0.0488404778636683	1	1.58774825761149	1.00674411969822	14853	394
rice_strat	maaslin3	raw	real_depth	19	2755	123	0.0446460980036298	1	1.66142466634507	0.974545249306586	2112	394
rice_strat	maaslin3	raw	real_depth	20	2824	144	0.0509915014164306	1	1.6059496996997	0.924009047824214	10382	394
rice_strat	maaslin3	raw	real_depth	21	2804	78	0.0278174037089872	1	1.56135305679115	0.9539840699188	2112	394
rice_strat	maaslin3	raw	real_depth	22	2780	226	0.081294964028777	1	1.62347669678683	1.01837130822078	2112	394
rice_strat	maaslin3	raw	real_depth	23	2838	85	0.0299506694855532	1	1.62841644720966	0.955640848172151	10382	394
rice_strat	maaslin3	raw	real_depth	24	2794	132	0.047244094488189	1	1.60257424094229	1.0104238112708	2112	394
rice_strat	maaslin3	raw	real_depth	25	2777	120	0.0432120993878286	1	1.59612627789927	1.10103369194968	2112	394
rice_strat	maaslin3	raw	real_depth	26	2799	187	0.06680957484816	1	1.62023573765978	0.956891416192797	14853	394
rice_strat	maaslin3	raw	real_depth	27	2762	149	0.05394641564084	1	1.61990155451314	0.98731728288908	2112	394
rice_strat	maaslin3	raw	real_depth	28	2760	97	0.0351449275362319	1	1.60940197189363	1.07567150687885	2112	394
rice_strat	maaslin3	raw	real_depth	29	2707	148	0.0546730698189878	1	1.65423736057096	1.03133691671493	2112	394
rice_strat	maaslin3	raw	real_depth	30	2763	114	0.0412595005428882	1	1.6444090460865	1.0006044195155	2112	394
rice_strat	maaslin3	raw	real_depth	31	2788	138	0.0494978479196557	1	1.62783784632454	1.05090279818461	2112	394
rice_strat	maaslin3	raw	real_depth	32	2758	156	0.056562726613488	1	1.65595434910138	0.973149029573044	2112	394
rice_strat	maaslin3	raw	real_depth	33	2797	141	0.0504111548087236	1	1.6262961686664	0.975837904190686	2112	394
rice_strat	maaslin3	raw	real_depth	34	2790	178	0.0637992831541219	1	1.65732640346063	1.03642184345364	2112	394
rice_strat	maaslin3	raw	real_depth	35	2769	184	0.0664499819429397	1	1.67377125176537	0.99973452181748	2112	394
rice_strat	maaslin3	raw	real_depth	36	2876	108	0.0375521557719054	1	1.61430397240204	1.0633926088308	2112	394
rice_strat	maaslin3	raw	real_depth	37	2826	100	0.0353857041755131	1	1.66117479272433	1.0403654822335	2112	394
rice_strat	maaslin3	raw	real_depth	38	2833	113	0.0398870455347688	1	1.62944401431292	0.952398904413122	2112	394
rice_strat	maaslin3	raw	real_depth	39	2816	121	0.04296875	1	1.62166115492241	1.06392765582109	2112	394
rice_strat	maaslin3	raw	real_depth	40	2833	105	0.0370631839039887	1	1.63243769022393	0.986782893287598	2112	394
rice_strat	maaslin3	raw	real_depth	41	2810	130	0.0462633451957295	1	1.61141378657523	1.07380299881604	10382	394
rice_strat	maaslin3	raw	real_depth	42	2743	125	0.045570543200875	1	1.60775116994814	1.05044195736996	2112	394
rice_strat	maaslin3	raw	real_depth	43	2827	183	0.0647329324372126	1	1.61520705899634	1.00897232660878	2112	394
rice_strat	maaslin3	raw	real_depth	44	2831	94	0.0332038149063935	1	1.61885652778213	1.03556299314448	2112	394
rice_strat	maaslin3	raw	real_depth	45	2824	130	0.0460339943342776	1	1.61990155451314	1.02845201088795	10382	394
rice_strat	maaslin3	raw	real_depth	46	2845	133	0.0467486818980668	1	1.61141378657523	1.03965824941655	2112	394
rice_strat	maaslin3	raw	real_depth	47	2834	145	0.0511644318983769	1	1.6104378218518	1.02612667334559	2112	394
rice_strat	maaslin3	raw	real_depth	48	2734	127	0.0464520848573519	1	1.62482714262743	1.00593960327324	2112	394
rice_strat	maaslin3	raw	real_depth	49	2727	87	0.0319031903190319	1	1.6025039778913	0.995523974710457	2112	394
rice_strat	maaslin3	raw	real_depth	50	2849	163	0.0572130572130572	1	1.62714457894461	0.960323444328184	10382	394
rice_strat	maaslin3	raw	real_depth	51	2821	157	0.0556540233959589	1	1.65881286331396	0.973156820271471	10382	394
rice_strat	maaslin3	raw	real_depth	52	2766	134	0.0484454085321764	1	1.62098838971272	0.985235846066062	2112	394
rice_strat	maaslin3	raw	real_depth	53	2824	155	0.0548866855524079	1	1.621367333939	0.988930090948124	10382	394
rice_strat	maaslin3	raw	real_depth	54	2807	144	0.0513003206270039	1	1.65061409179056	0.99506921598121	2112	394
rice_strat	maaslin3	raw	real_depth	55	2752	127	0.0461482558139535	1	1.62347669678683	1.017383488094	2112	394
rice_strat	maaslin3	raw	real_depth	56	2775	111	0.04	1	1.60940197189363	0.99672621680971	2112	394
rice_strat	maaslin3	raw	real_depth	57	2824	117	0.0414305949008499	1	1.62415152409461	1.01549956026755	14853	394
rice_strat	maaslin3	raw	real_depth	58	2788	122	0.0437589670014347	1	1.63967932900548	0.997916222680022	10382	394
rice_strat	maaslin3	raw	real_depth	59	2844	101	0.0355133614627286	1	1.61476512934441	1.03811976292663	2112	394
rice_strat	maaslin3	raw	real_depth	60	2845	128	0.0449912126537786	1	1.58983941120904	0.980175640995456	2112	394
rice_strat	maaslin3	raw	real_depth	61	2788	66	0.0236728837876614	1	1.59184116418959	0.998078413386263	2112	394
rice_strat	maaslin3	raw	real_depth	62	2804	105	0.0374465049928673	1	1.64133139885838	0.928720271278191	10382	394
rice_strat	maaslin3	raw	real_depth	63	2810	148	0.0526690391459075	1	1.5986689723838	0.989454499148401	10382	394
rice_strat	maaslin3	raw	real_depth	64	2807	142	0.0505878161738511	1	1.62613173677765	0.975507436087498	2112	394
rice_strat	maaslin3	raw	real_depth	65	2853	78	0.0273396424815983	1	1.64029582673006	0.986740524966971	2112	394
rice_strat	maaslin3	raw	real_depth	66	2807	107	0.0381189882436765	1	1.63059803529733	0.984880953322316	10382	394
rice_strat	maaslin3	raw	real_depth	67	2845	155	0.054481546572935	1	1.66021910861155	1.04945730675581	2112	394
rice_strat	maaslin3	raw	real_depth	68	2769	141	0.0509209100758397	1	1.60983913166826	0.982208520890129	2112	394
rice_strat	maaslin3	raw	real_depth	69	2811	142	0.0505158306652437	1	1.65560860205887	0.993661143520236	10382	394
rice_strat	maaslin3	raw	real_depth	70	2745	121	0.04408014571949	1	1.62347669678683	0.97582828769232	2112	394
rice_strat	maaslin3	raw	real_depth	71	2864	112	0.0391061452513966	1	1.58884937238494	0.980584862563513	10382	394
rice_strat	maaslin3	raw	real_depth	72	2841	122	0.0429426258359732	1	1.64700774142989	0.996705634005533	10382	394
rice_strat	maaslin3	raw	real_depth	73	2744	90	0.032798833819242	1	1.64238623572922	0.974207184800833	2112	394
rice_strat	maaslin3	raw	real_depth	74	2806	112	0.0399144689950107	1	1.60747447828687	0.963898694372081	2112	394
rice_strat	maaslin3	raw	real_depth	75	2833	113	0.0398870455347688	1	1.61497668081539	1.04552615764427	2112	394
rice_strat	maaslin3	raw	real_depth	76	2881	171	0.0593543908365151	1	1.6797942976175	1.07551518097329	2112	394
rice_strat	maaslin3	raw	real_depth	77	2778	105	0.0377969762419006	1	1.59930244457672	1.02143162962783	2112	394
rice_strat	maaslin3	raw	real_depth	78	2808	129	0.0459401709401709	1	1.64112185194607	0.948853325824417	10382	394
rice_strat	maaslin3	raw	real_depth	79	2775	96	0.0345945945945946	1	1.65732640346063	1.01947254690109	2112	394
rice_strat	maaslin3	raw	real_depth	80	2779	138	0.0496581504138179	1	1.65351171280479	1.02175335831274	10382	394
rice_strat	maaslin3	raw	real_depth	81	2856	106	0.0371148459383754	1	1.64484621106763	1.01837743811104	2112	394
rice_strat	maaslin3	raw	real_depth	82	2757	118	0.0428001450852376	1	1.59273699103914	0.957190373703776	2112	394
rice_strat	maaslin3	raw	real_depth	83	2798	153	0.0546819156540386	1	1.60520821311286	0.97565007911953	2112	394
rice_strat	maaslin3	raw	real_depth	84	2810	120	0.0427046263345196	1	1.61823403325495	0.981548722903583	2112	394
rice_strat	maaslin3	raw	real_depth	85	2766	133	0.0480838756326826	1	1.58912059385124	0.90863299394014	2112	394
rice_strat	maaslin3	raw	real_depth	86	2796	127	0.0454220314735336	1	1.58462542336016	0.991625118383257	2112	394
rice_strat	maaslin3	raw	real_depth	87	2807	137	0.048806555040969	1	1.60725081783925	1.04776682438478	10382	394
rice_strat	maaslin3	raw	real_depth	88	2844	111	0.0390295358649789	1	1.61351659007547	1.02661363342388	2112	394
rice_strat	maaslin3	raw	real_depth	89	2838	163	0.0574348132487667	1	1.62225472738065	1.02696162029593	2112	394
rice_strat	maaslin3	raw	real_depth	90	2756	139	0.0504354136429608	1	1.62234849294	1.07890515509177	2112	394
rice_strat	maaslin3	raw	real_depth	91	2767	126	0.0455366823274304	1	1.64864254124027	0.987479894278255	2112	394
rice_strat	maaslin3	raw	real_depth	92	2867	150	0.0523194977328218	1	1.58717457807005	1.08487837221831	10382	394
rice_strat	maaslin3	raw	real_depth	93	2766	210	0.0759219088937093	1	1.63986183297285	0.997385810761746	14853	394
rice_strat	maaslin3	raw	real_depth	94	2802	177	0.063169164882227	1	1.66060995872863	0.914419936195646	2112	394
rice_strat	maaslin3	raw	real_depth	95	2852	124	0.0434782608695652	1	1.63462113765546	1.04322448847239	2112	394
rice_strat	maaslin3	raw	real_depth	96	2805	73	0.0260249554367201	1	1.62929384295	0.97043600452789	2112	394
rice_strat	maaslin3	raw	real_depth	97	2803	86	0.03068141277203	1	1.60035952160766	0.970728292393972	2112	394
rice_strat	maaslin3	raw	real_depth	98	2753	189	0.0686523792226662	1	1.67021438180792	1.02212414694945	2112	394
rice_strat	maaslin3	raw	real_depth	99	2804	146	0.0520684736091298	1	1.61351659007547	1.04233908629442	2112	394
rice_strat	maaslin3	raw	real_depth	100	2819	117	0.0415040794608017	1	1.601785488427	1.01746988436562	10382	394
rice_strat	maaslin3	raw	real_perm	1	2782	0	0	0	1.6392285832881	0.974387758351645	2112	394
rice_strat	maaslin3	raw	real_perm	2	2813	0	0	0	1.64130735949189	0.97252562791315	2112	394
rice_strat	maaslin3	raw	real_perm	3	2781	0	0	0	1.60775116994814	1.00771245634459	2112	394
rice_strat	maaslin3	raw	real_perm	4	2815	0	0	0	1.65524654895324	0.918625540466476	2112	394
rice_strat	maaslin3	raw	real_perm	5	2808	0	0	0	1.61884801468135	1.05856209150327	10382	394
rice_strat	maaslin3	raw	real_perm	6	2834	0	0	0	1.62270083320233	1.00623179408815	10382	394
rice_strat	maaslin3	raw	real_perm	7	2791	0	0	0	1.5892973290531	1.03148518896833	16016	394
rice_strat	maaslin3	raw	real_perm	8	2748	0	0	0	1.66095956251469	1.1162002426036	2112	394
rice_strat	maaslin3	raw	real_perm	9	2862	0	0	0	1.59581610767461	1.09072076103349	2112	394
rice_strat	maaslin3	raw	real_perm	10	2729	0	0	0	1.60265367604641	0.958762968305422	10382	394
rice_strat	maaslin3	raw	real_perm	11	2747	0	0	0	1.63640441757631	0.989252501850243	2112	394
rice_strat	maaslin3	raw	real_perm	12	2812	0	0	0	1.62373832165499	0.963829326402426	2112	394
rice_strat	maaslin3	raw	real_perm	13	2791	0	0	0	1.60404548551066	1.04824706366033	10382	394
rice_strat	maaslin3	raw	real_perm	14	2787	0	0	0	1.58361574214938	1.03562781612403	2112	394
rice_strat	maaslin3	raw	real_perm	15	2766	0	0	0	1.62118885488261	1.02390863313423	2112	394
rice_strat	maaslin3	raw	real_perm	16	2803	0	0	0	1.60688692805657	0.998401189515001	2112	394
rice_strat	maaslin3	raw	real_perm	17	2850	0	0	0	1.65239418031653	1.02409940499289	2112	394
rice_strat	maaslin3	raw	real_perm	18	2846	0	0	0	1.58774825761149	1.00674411969822	14853	394
rice_strat	maaslin3	raw	real_perm	19	2755	0	0	0	1.66142466634507	0.974545249306586	2112	394
rice_strat	maaslin3	raw	real_perm	20	2824	0	0	0	1.6059496996997	0.924009047824214	10382	394
rice_strat	maaslin3	raw	real_perm	21	2804	0	0	0	1.56135305679115	0.9539840699188	2112	394
rice_strat	maaslin3	raw	real_perm	22	2780	0	0	0	1.62347669678683	1.01837130822078	2112	394
rice_strat	maaslin3	raw	real_perm	23	2838	0	0	0	1.62841644720966	0.955640848172151	10382	394
rice_strat	maaslin3	raw	real_perm	24	2794	0	0	0	1.60257424094229	1.0104238112708	2112	394
rice_strat	maaslin3	raw	real_perm	25	2777	0	0	0	1.59612627789927	1.10103369194968	2112	394
rice_strat	maaslin3	raw	real_perm	26	2799	0	0	0	1.62023573765978	0.956891416192797	14853	394
rice_strat	maaslin3	raw	real_perm	27	2762	0	0	0	1.61990155451314	0.98731728288908	2112	394
rice_strat	maaslin3	raw	real_perm	28	2760	0	0	0	1.60940197189363	1.07567150687885	2112	394
rice_strat	maaslin3	raw	real_perm	29	2707	0	0	0	1.65423736057096	1.03133691671493	2112	394
rice_strat	maaslin3	raw	real_perm	30	2763	0	0	0	1.6444090460865	1.0006044195155	2112	394
rice_strat	maaslin3	raw	real_perm	31	2788	0	0	0	1.62783784632454	1.05090279818461	2112	394
rice_strat	maaslin3	raw	real_perm	32	2758	0	0	0	1.65595434910138	0.973149029573044	2112	394
rice_strat	maaslin3	raw	real_perm	33	2797	0	0	0	1.6262961686664	0.975837904190686	2112	394
rice_strat	maaslin3	raw	real_perm	34	2790	0	0	0	1.65732640346063	1.03642184345364	2112	394
rice_strat	maaslin3	raw	real_perm	35	2769	0	0	0	1.67377125176537	0.99973452181748	2112	394
rice_strat	maaslin3	raw	real_perm	36	2876	0	0	0	1.61430397240204	1.0633926088308	2112	394
rice_strat	maaslin3	raw	real_perm	37	2826	0	0	0	1.66117479272433	1.0403654822335	2112	394
rice_strat	maaslin3	raw	real_perm	38	2833	0	0	0	1.62944401431292	0.952398904413122	2112	394
rice_strat	maaslin3	raw	real_perm	39	2816	0	0	0	1.62166115492241	1.06392765582109	2112	394
rice_strat	maaslin3	raw	real_perm	40	2833	0	0	0	1.63243769022393	0.986782893287598	2112	394
rice_strat	maaslin3	raw	real_perm	41	2810	2	0.000711743772241993	1	1.61141378657523	1.07380299881604	10382	394
rice_strat	maaslin3	raw	real_perm	42	2743	0	0	0	1.60775116994814	1.05044195736996	2112	394
rice_strat	maaslin3	raw	real_perm	43	2827	0	0	0	1.61520705899634	1.00897232660878	2112	394
rice_strat	maaslin3	raw	real_perm	44	2831	0	0	0	1.61885652778213	1.03556299314448	2112	394
rice_strat	maaslin3	raw	real_perm	45	2824	0	0	0	1.61990155451314	1.02845201088795	10382	394
rice_strat	maaslin3	raw	real_perm	46	2845	0	0	0	1.61141378657523	1.03965824941655	2112	394
rice_strat	maaslin3	raw	real_perm	47	2834	0	0	0	1.6104378218518	1.02612667334559	2112	394
rice_strat	maaslin3	raw	real_perm	48	2734	0	0	0	1.62482714262743	1.00593960327324	2112	394
rice_strat	maaslin3	raw	real_perm	49	2727	0	0	0	1.6025039778913	0.995523974710457	2112	394
rice_strat	maaslin3	raw	real_perm	50	2849	0	0	0	1.62714457894461	0.960323444328184	10382	394
rice_strat	maaslin3	raw	real_perm	51	2821	0	0	0	1.65881286331396	0.973156820271471	10382	394
rice_strat	maaslin3	raw	real_perm	52	2766	0	0	0	1.62098838971272	0.985235846066062	2112	394
rice_strat	maaslin3	raw	real_perm	53	2824	1	0.000354107648725212	1	1.621367333939	0.988930090948124	10382	394
rice_strat	maaslin3	raw	real_perm	54	2807	0	0	0	1.65061409179056	0.99506921598121	2112	394
rice_strat	maaslin3	raw	real_perm	55	2752	0	0	0	1.62347669678683	1.017383488094	2112	394
rice_strat	maaslin3	raw	real_perm	56	2775	0	0	0	1.60940197189363	0.99672621680971	2112	394
rice_strat	maaslin3	raw	real_perm	57	2824	0	0	0	1.62415152409461	1.01549956026755	14853	394
rice_strat	maaslin3	raw	real_perm	58	2788	0	0	0	1.63967932900548	0.997916222680022	10382	394
rice_strat	maaslin3	raw	real_perm	59	2844	0	0	0	1.61476512934441	1.03811976292663	2112	394
rice_strat	maaslin3	raw	real_perm	60	2845	1	0.000351493848857645	1	1.58983941120904	0.980175640995456	2112	394
rice_strat	maaslin3	raw	real_perm	61	2788	0	0	0	1.59184116418959	0.998078413386263	2112	394
rice_strat	maaslin3	raw	real_perm	62	2804	0	0	0	1.64133139885838	0.928720271278191	10382	394
rice_strat	maaslin3	raw	real_perm	63	2810	0	0	0	1.5986689723838	0.989454499148401	10382	394
rice_strat	maaslin3	raw	real_perm	64	2807	0	0	0	1.62613173677765	0.975507436087498	2112	394
rice_strat	maaslin3	raw	real_perm	65	2853	0	0	0	1.64029582673006	0.986740524966971	2112	394
rice_strat	maaslin3	raw	real_perm	66	2807	0	0	0	1.63059803529733	0.984880953322316	10382	394
rice_strat	maaslin3	raw	real_perm	67	2845	0	0	0	1.66021910861155	1.04945730675581	2112	394
rice_strat	maaslin3	raw	real_perm	68	2769	0	0	0	1.60983913166826	0.982208520890129	2112	394
rice_strat	maaslin3	raw	real_perm	69	2811	0	0	0	1.65560860205887	0.993661143520236	10382	394
rice_strat	maaslin3	raw	real_perm	70	2745	0	0	0	1.62347669678683	0.97582828769232	2112	394
rice_strat	maaslin3	raw	real_perm	71	2864	0	0	0	1.58884937238494	0.980584862563513	10382	394
rice_strat	maaslin3	raw	real_perm	72	2841	0	0	0	1.64700774142989	0.996705634005533	10382	394
rice_strat	maaslin3	raw	real_perm	73	2744	0	0	0	1.64238623572922	0.974207184800833	2112	394
rice_strat	maaslin3	raw	real_perm	74	2806	0	0	0	1.60747447828687	0.963898694372081	2112	394
rice_strat	maaslin3	raw	real_perm	75	2833	0	0	0	1.61497668081539	1.04552615764427	2112	394
rice_strat	maaslin3	raw	real_perm	76	2881	0	0	0	1.6797942976175	1.07551518097329	2112	394
rice_strat	maaslin3	raw	real_perm	77	2778	0	0	0	1.59930244457672	1.02143162962783	2112	394
rice_strat	maaslin3	raw	real_perm	78	2808	0	0	0	1.64112185194607	0.948853325824417	10382	394
rice_strat	maaslin3	raw	real_perm	79	2775	1	0.00036036036036036	1	1.65732640346063	1.01947254690109	2112	394
rice_strat	maaslin3	raw	real_perm	80	2779	0	0	0	1.65351171280479	1.02175335831274	10382	394
rice_strat	maaslin3	raw	real_perm	81	2856	0	0	0	1.64484621106763	1.01837743811104	2112	394
rice_strat	maaslin3	raw	real_perm	82	2757	0	0	0	1.59273699103914	0.957190373703776	2112	394
rice_strat	maaslin3	raw	real_perm	83	2798	0	0	0	1.60520821311286	0.97565007911953	2112	394
rice_strat	maaslin3	raw	real_perm	84	2810	0	0	0	1.61823403325495	0.981548722903583	2112	394
rice_strat	maaslin3	raw	real_perm	85	2766	0	0	0	1.58912059385124	0.90863299394014	2112	394
rice_strat	maaslin3	raw	real_perm	86	2796	0	0	0	1.58462542336016	0.991625118383257	2112	394
rice_strat	maaslin3	raw	real_perm	87	2807	0	0	0	1.60725081783925	1.04776682438478	10382	394
rice_strat	maaslin3	raw	real_perm	88	2844	0	0	0	1.61351659007547	1.02661363342388	2112	394
rice_strat	maaslin3	raw	real_perm	89	2838	0	0	0	1.62225472738065	1.02696162029593	2112	394
rice_strat	maaslin3	raw	real_perm	90	2756	0	0	0	1.62234849294	1.07890515509177	2112	394
rice_strat	maaslin3	raw	real_perm	91	2767	0	0	0	1.64864254124027	0.987479894278255	2112	394
rice_strat	maaslin3	raw	real_perm	92	2867	0	0	0	1.58717457807005	1.08487837221831	10382	394
rice_strat	maaslin3	raw	real_perm	93	2766	0	0	0	1.63986183297285	0.997385810761746	14853	394
rice_strat	maaslin3	raw	real_perm	94	2802	0	0	0	1.66060995872863	0.914419936195646	2112	394
rice_strat	maaslin3	raw	real_perm	95	2852	0	0	0	1.63462113765546	1.04322448847239	2112	394
rice_strat	maaslin3	raw	real_perm	96	2805	0	0	0	1.62929384295	0.97043600452789	2112	394
rice_strat	maaslin3	raw	real_perm	97	2803	0	0	0	1.60035952160766	0.970728292393972	2112	394
rice_strat	maaslin3	raw	real_perm	98	2753	0	0	0	1.67021438180792	1.02212414694945	2112	394
rice_strat	maaslin3	raw	real_perm	99	2804	0	0	0	1.61351659007547	1.04233908629442	2112	394
rice_strat	maaslin3	raw	real_perm	100	2819	0	0	0	1.601785488427	1.01746988436562	10382	394
rice_strat	maaslin3_prev	rarefied	real_depth	1	2782	97	0.0348670021567218	1	1.6392285832881	0.974387758351645	2112	394
rice_strat	maaslin3_prev	rarefied	real_depth	2	2813	46	0.016352648418059	1	1.64130735949189	0.97252562791315	2112	394
rice_strat	maaslin3_prev	rarefied	real_depth	3	2781	58	0.0208558072635743	1	1.60775116994814	1.00771245634459	2112	394
rice_strat	maaslin3_prev	rarefied	real_depth	4	2815	47	0.016696269982238	1	1.65524654895324	0.918625540466476	2112	394
rice_strat	maaslin3_prev	rarefied	real_depth	5	2808	289	0.102920227920228	1	1.61884801468135	1.05856209150327	10382	394
rice_strat	maaslin3_prev	rarefied	real_depth	6	2834	289	0.10197600564573	1	1.62270083320233	1.00623179408815	10382	394
rice_strat	maaslin3_prev	rarefied	real_depth	7	2791	305	0.109279828018631	1	1.5892973290531	1.03148518896833	16016	394
rice_strat	maaslin3_prev	rarefied	real_depth	8	2748	24	0.00873362445414847	1	1.66095956251469	1.1162002426036	2112	394
rice_strat	maaslin3_prev	rarefied	real_depth	9	2862	7	0.00244584206848358	1	1.59581610767461	1.09072076103349	2112	394
rice_strat	maaslin3_prev	rarefied	real_depth	10	2729	308	0.112861854159033	1	1.60265367604641	0.958762968305422	10382	394
rice_strat	maaslin3_prev	rarefied	real_depth	11	2747	2	0.000728066982162359	1	1.63640441757631	0.989252501850243	2112	394
rice_strat	maaslin3_prev	rarefied	real_depth	12	2812	31	0.0110241820768137	1	1.62373832165499	0.963829326402426	2112	394
rice_strat	maaslin3_prev	rarefied	real_depth	13	2791	342	0.122536725188105	1	1.60404548551066	1.04824706366033	10382	394
rice_strat	maaslin3_prev	rarefied	real_depth	14	2787	8	0.00287047003946896	1	1.58361574214938	1.03562781612403	2112	394
rice_strat	maaslin3_prev	rarefied	real_depth	15	2766	130	0.046999276934201	1	1.62118885488261	1.02390863313423	2112	394
rice_strat	maaslin3_prev	rarefied	real_depth	16	2803	14	0.00499464859079558	1	1.60688692805657	0.998401189515001	2112	394
rice_strat	maaslin3_prev	rarefied	real_depth	17	2850	16	0.0056140350877193	1	1.65239418031653	1.02409940499289	2112	394
rice_strat	maaslin3_prev	rarefied	real_depth	18	2846	361	0.1268446943078	1	1.58774825761149	1.00674411969822	14853	394
rice_strat	maaslin3_prev	rarefied	real_depth	19	2755	29	0.0105263157894737	1	1.66142466634507	0.974545249306586	2112	394
rice_strat	maaslin3_prev	rarefied	real_depth	20	2824	324	0.114730878186969	1	1.6059496996997	0.924009047824214	10382	394
rice_strat	maaslin3_prev	rarefied	real_depth	21	2804	7	0.00249643366619116	1	1.56135305679115	0.9539840699188	2112	394
rice_strat	maaslin3_prev	rarefied	real_depth	22	2780	139	0.05	1	1.62347669678683	1.01837130822078	2112	394
rice_strat	maaslin3_prev	rarefied	real_depth	23	2838	230	0.0810429880197322	1	1.62841644720966	0.955640848172151	10382	394
rice_strat	maaslin3_prev	rarefied	real_depth	24	2794	81	0.0289906943450251	1	1.60257424094229	1.0104238112708	2112	394
rice_strat	maaslin3_prev	rarefied	real_depth	25	2777	4	0.00144040331292762	1	1.59612627789927	1.10103369194968	2112	394
rice_strat	maaslin3_prev	rarefied	real_depth	26	2799	526	0.187924258663808	1	1.62023573765978	0.956891416192797	14853	394
rice_strat	maaslin3_prev	rarefied	real_depth	27	2762	44	0.0159304851556843	1	1.61990155451314	0.98731728288908	2112	394
rice_strat	maaslin3_prev	rarefied	real_depth	28	2760	7	0.00253623188405797	1	1.60940197189363	1.07567150687885	2112	394
rice_strat	maaslin3_prev	rarefied	real_depth	29	2707	135	0.0498707055781308	1	1.65423736057096	1.03133691671493	2112	394
rice_strat	maaslin3_prev	rarefied	real_depth	30	2763	1	0.000361925443358668	1	1.6444090460865	1.0006044195155	2112	394
rice_strat	maaslin3_prev	rarefied	real_depth	31	2788	49	0.0175753228120516	1	1.62783784632454	1.05090279818461	2112	394
rice_strat	maaslin3_prev	rarefied	real_depth	32	2758	117	0.042422044960116	1	1.65595434910138	0.973149029573044	2112	394
rice_strat	maaslin3_prev	rarefied	real_depth	33	2797	31	0.0110833035395066	1	1.6262961686664	0.975837904190686	2112	394
rice_strat	maaslin3_prev	rarefied	real_depth	34	2790	80	0.028673835125448	1	1.65732640346063	1.03642184345364	2112	394
rice_strat	maaslin3_prev	rarefied	real_depth	35	2769	115	0.0415312387143373	1	1.67377125176537	0.99973452181748	2112	394
rice_strat	maaslin3_prev	rarefied	real_depth	36	2876	20	0.00695410292072323	1	1.61430397240204	1.0633926088308	2112	394
rice_strat	maaslin3_prev	rarefied	real_depth	37	2826	25	0.00884642604387827	1	1.66117479272433	1.0403654822335	2112	394
rice_strat	maaslin3_prev	rarefied	real_depth	38	2833	8	0.00282386163078009	1	1.62944401431292	0.952398904413122	2112	394
rice_strat	maaslin3_prev	rarefied	real_depth	39	2816	26	0.00923295454545455	1	1.62166115492241	1.06392765582109	2112	394
rice_strat	maaslin3_prev	rarefied	real_depth	40	2833	11	0.00388280974232263	1	1.63243769022393	0.986782893287598	2112	394
rice_strat	maaslin3_prev	rarefied	real_depth	41	2810	347	0.123487544483986	1	1.61141378657523	1.07380299881604	10382	394
rice_strat	maaslin3_prev	rarefied	real_depth	42	2743	18	0.00656215822092599	1	1.60775116994814	1.05044195736996	2112	394
rice_strat	maaslin3_prev	rarefied	real_depth	43	2827	84	0.0297134771842943	1	1.61520705899634	1.00897232660878	2112	394
rice_strat	maaslin3_prev	rarefied	real_depth	44	2831	26	0.00918403391027905	1	1.61885652778213	1.03556299314448	2112	394
rice_strat	maaslin3_prev	rarefied	real_depth	45	2824	291	0.103045325779037	1	1.61990155451314	1.02845201088795	10382	394
rice_strat	maaslin3_prev	rarefied	real_depth	46	2845	31	0.010896309314587	1	1.61141378657523	1.03965824941655	2112	394
rice_strat	maaslin3_prev	rarefied	real_depth	47	2834	79	0.0278757939308398	1	1.6104378218518	1.02612667334559	2112	394
rice_strat	maaslin3_prev	rarefied	real_depth	48	2734	19	0.006949524506218	1	1.62482714262743	1.00593960327324	2112	394
rice_strat	maaslin3_prev	rarefied	real_depth	49	2727	6	0.0022002200220022	1	1.6025039778913	0.995523974710457	2112	394
rice_strat	maaslin3_prev	rarefied	real_depth	50	2849	364	0.127764127764128	1	1.62714457894461	0.960323444328184	10382	394
rice_strat	maaslin3_prev	rarefied	real_depth	51	2821	421	0.149237858915278	1	1.65881286331396	0.973156820271471	10382	394
rice_strat	maaslin3_prev	rarefied	real_depth	52	2766	11	0.00397686189443239	1	1.62098838971272	0.985235846066062	2112	394
rice_strat	maaslin3_prev	rarefied	real_depth	53	2824	344	0.121813031161473	1	1.621367333939	0.988930090948124	10382	394
rice_strat	maaslin3_prev	rarefied	real_depth	54	2807	33	0.0117563234770217	1	1.65061409179056	0.99506921598121	2112	394
rice_strat	maaslin3_prev	rarefied	real_depth	55	2752	51	0.018531976744186	1	1.62347669678683	1.017383488094	2112	394
rice_strat	maaslin3_prev	rarefied	real_depth	56	2775	5	0.0018018018018018	1	1.60940197189363	0.99672621680971	2112	394
rice_strat	maaslin3_prev	rarefied	real_depth	57	2824	287	0.101628895184136	1	1.62415152409461	1.01549956026755	14853	394
rice_strat	maaslin3_prev	rarefied	real_depth	58	2788	342	0.122668579626973	1	1.63967932900548	0.997916222680022	10382	394
rice_strat	maaslin3_prev	rarefied	real_depth	59	2844	6	0.00210970464135021	1	1.61476512934441	1.03811976292663	2112	394
rice_strat	maaslin3_prev	rarefied	real_depth	60	2845	25	0.00878734622144113	1	1.58983941120904	0.980175640995456	2112	394
rice_strat	maaslin3_prev	rarefied	real_depth	61	2788	0	0	0	1.59184116418959	0.998078413386263	2112	394
rice_strat	maaslin3_prev	rarefied	real_depth	62	2804	253	0.090228245363766	1	1.64133139885838	0.928720271278191	10382	394
rice_strat	maaslin3_prev	rarefied	real_depth	63	2810	464	0.165124555160142	1	1.5986689723838	0.989454499148401	10382	394
rice_strat	maaslin3_prev	rarefied	real_depth	64	2807	37	0.0131813323833274	1	1.62613173677765	0.975507436087498	2112	394
rice_strat	maaslin3_prev	rarefied	real_depth	65	2853	6	0.00210304942166141	1	1.64029582673006	0.986740524966971	2112	394
rice_strat	maaslin3_prev	rarefied	real_depth	66	2807	277	0.0986818667616673	1	1.63059803529733	0.984880953322316	10382	394
rice_strat	maaslin3_prev	rarefied	real_depth	67	2845	25	0.00878734622144113	1	1.66021910861155	1.04945730675581	2112	394
rice_strat	maaslin3_prev	rarefied	real_depth	68	2769	58	0.0209461899602745	1	1.60983913166826	0.982208520890129	2112	394
rice_strat	maaslin3_prev	rarefied	real_depth	69	2811	339	0.12059765208111	1	1.65560860205887	0.993661143520236	10382	394
rice_strat	maaslin3_prev	rarefied	real_depth	70	2745	34	0.0123861566484517	1	1.62347669678683	0.97582828769232	2112	394
rice_strat	maaslin3_prev	rarefied	real_depth	71	2864	214	0.0747206703910615	1	1.58884937238494	0.980584862563513	10382	394
rice_strat	maaslin3_prev	rarefied	real_depth	72	2841	265	0.0932770151355157	1	1.64700774142989	0.996705634005533	10382	394
rice_strat	maaslin3_prev	rarefied	real_depth	73	2744	14	0.00510204081632653	1	1.64238623572922	0.974207184800833	2112	394
rice_strat	maaslin3_prev	rarefied	real_depth	74	2806	14	0.00498930862437634	1	1.60747447828687	0.963898694372081	2112	394
rice_strat	maaslin3_prev	rarefied	real_depth	75	2833	1	0.000352982703847511	1	1.61497668081539	1.04552615764427	2112	394
rice_strat	maaslin3_prev	rarefied	real_depth	76	2881	84	0.02915654286706	1	1.6797942976175	1.07551518097329	2112	394
rice_strat	maaslin3_prev	rarefied	real_depth	77	2778	13	0.0046796256299496	1	1.59930244457672	1.02143162962783	2112	394
rice_strat	maaslin3_prev	rarefied	real_depth	78	2808	295	0.10505698005698	1	1.64112185194607	0.948853325824417	10382	394
rice_strat	maaslin3_prev	rarefied	real_depth	79	2775	15	0.00540540540540541	1	1.65732640346063	1.01947254690109	2112	394
rice_strat	maaslin3_prev	rarefied	real_depth	80	2779	294	0.105793450881612	1	1.65351171280479	1.02175335831274	10382	394
rice_strat	maaslin3_prev	rarefied	real_depth	81	2856	5	0.00175070028011204	1	1.64484621106763	1.01837743811104	2112	394
rice_strat	maaslin3_prev	rarefied	real_depth	82	2757	38	0.0137830975698223	1	1.59273699103914	0.957190373703776	2112	394
rice_strat	maaslin3_prev	rarefied	real_depth	83	2798	96	0.0343102215868477	1	1.60520821311286	0.97565007911953	2112	394
rice_strat	maaslin3_prev	rarefied	real_depth	84	2810	43	0.0153024911032028	1	1.61823403325495	0.981548722903583	2112	394
rice_strat	maaslin3_prev	rarefied	real_depth	85	2766	19	0.00686912509038322	1	1.58912059385124	0.90863299394014	2112	394
rice_strat	maaslin3_prev	rarefied	real_depth	86	2796	46	0.0164520743919886	1	1.58462542336016	0.991625118383257	2112	394
rice_strat	maaslin3_prev	rarefied	real_depth	87	2807	308	0.109725685785536	1	1.60725081783925	1.04776682438478	10382	394
rice_strat	maaslin3_prev	rarefied	real_depth	88	2844	18	0.00632911392405063	1	1.61351659007547	1.02661363342388	2112	394
rice_strat	maaslin3_prev	rarefied	real_depth	89	2838	64	0.0225510923185342	1	1.62225472738065	1.02696162029593	2112	394
rice_strat	maaslin3_prev	rarefied	real_depth	90	2756	45	0.0163280116110305	1	1.62234849294	1.07890515509177	2112	394
rice_strat	maaslin3_prev	rarefied	real_depth	91	2767	18	0.00650524033249006	1	1.64864254124027	0.987479894278255	2112	394
rice_strat	maaslin3_prev	rarefied	real_depth	92	2867	420	0.146494593651901	1	1.58717457807005	1.08487837221831	10382	394
rice_strat	maaslin3_prev	rarefied	real_depth	93	2766	656	0.237165582067968	1	1.63986183297285	0.997385810761746	14853	394
rice_strat	maaslin3_prev	rarefied	real_depth	94	2802	70	0.0249821556031406	1	1.66060995872863	0.914419936195646	2112	394
rice_strat	maaslin3_prev	rarefied	real_depth	95	2852	59	0.020687237026648	1	1.63462113765546	1.04322448847239	2112	394
rice_strat	maaslin3_prev	rarefied	real_depth	96	2805	4	0.00142602495543672	1	1.62929384295	0.97043600452789	2112	394
rice_strat	maaslin3_prev	rarefied	real_depth	97	2803	13	0.00463788797716732	1	1.60035952160766	0.970728292393972	2112	394
rice_strat	maaslin3_prev	rarefied	real_depth	98	2753	170	0.0617508172902288	1	1.67021438180792	1.02212414694945	2112	394
rice_strat	maaslin3_prev	rarefied	real_depth	99	2804	42	0.0149786019971469	1	1.61351659007547	1.04233908629442	2112	394
rice_strat	maaslin3_prev	rarefied	real_depth	100	2819	208	0.0737850301525364	1	1.601785488427	1.01746988436562	10382	394
rice_strat	maaslin3_prev	rarefied	real_perm	1	2782	0	0	0	1.6392285832881	0.974387758351645	2112	394
rice_strat	maaslin3_prev	rarefied	real_perm	2	2813	0	0	0	1.64130735949189	0.97252562791315	2112	394
rice_strat	maaslin3_prev	rarefied	real_perm	3	2781	0	0	0	1.60775116994814	1.00771245634459	2112	394
rice_strat	maaslin3_prev	rarefied	real_perm	4	2815	0	0	0	1.65524654895324	0.918625540466476	2112	394
rice_strat	maaslin3_prev	rarefied	real_perm	5	2808	0	0	0	1.61884801468135	1.05856209150327	10382	394
rice_strat	maaslin3_prev	rarefied	real_perm	6	2834	0	0	0	1.62270083320233	1.00623179408815	10382	394
rice_strat	maaslin3_prev	rarefied	real_perm	7	2791	0	0	0	1.5892973290531	1.03148518896833	16016	394
rice_strat	maaslin3_prev	rarefied	real_perm	8	2748	0	0	0	1.66095956251469	1.1162002426036	2112	394
rice_strat	maaslin3_prev	rarefied	real_perm	9	2862	0	0	0	1.59581610767461	1.09072076103349	2112	394
rice_strat	maaslin3_prev	rarefied	real_perm	10	2729	0	0	0	1.60265367604641	0.958762968305422	10382	394
rice_strat	maaslin3_prev	rarefied	real_perm	11	2747	0	0	0	1.63640441757631	0.989252501850243	2112	394
rice_strat	maaslin3_prev	rarefied	real_perm	12	2812	0	0	0	1.62373832165499	0.963829326402426	2112	394
rice_strat	maaslin3_prev	rarefied	real_perm	13	2791	0	0	0	1.60404548551066	1.04824706366033	10382	394
rice_strat	maaslin3_prev	rarefied	real_perm	14	2787	0	0	0	1.58361574214938	1.03562781612403	2112	394
rice_strat	maaslin3_prev	rarefied	real_perm	15	2766	0	0	0	1.62118885488261	1.02390863313423	2112	394
rice_strat	maaslin3_prev	rarefied	real_perm	16	2803	0	0	0	1.60688692805657	0.998401189515001	2112	394
rice_strat	maaslin3_prev	rarefied	real_perm	17	2850	0	0	0	1.65239418031653	1.02409940499289	2112	394
rice_strat	maaslin3_prev	rarefied	real_perm	18	2846	0	0	0	1.58774825761149	1.00674411969822	14853	394
rice_strat	maaslin3_prev	rarefied	real_perm	19	2755	0	0	0	1.66142466634507	0.974545249306586	2112	394
rice_strat	maaslin3_prev	rarefied	real_perm	20	2824	0	0	0	1.6059496996997	0.924009047824214	10382	394
rice_strat	maaslin3_prev	rarefied	real_perm	21	2804	0	0	0	1.56135305679115	0.9539840699188	2112	394
rice_strat	maaslin3_prev	rarefied	real_perm	22	2780	0	0	0	1.62347669678683	1.01837130822078	2112	394
rice_strat	maaslin3_prev	rarefied	real_perm	23	2838	0	0	0	1.62841644720966	0.955640848172151	10382	394
rice_strat	maaslin3_prev	rarefied	real_perm	24	2794	0	0	0	1.60257424094229	1.0104238112708	2112	394
rice_strat	maaslin3_prev	rarefied	real_perm	25	2777	0	0	0	1.59612627789927	1.10103369194968	2112	394
rice_strat	maaslin3_prev	rarefied	real_perm	26	2799	0	0	0	1.62023573765978	0.956891416192797	14853	394
rice_strat	maaslin3_prev	rarefied	real_perm	27	2762	0	0	0	1.61990155451314	0.98731728288908	2112	394
rice_strat	maaslin3_prev	rarefied	real_perm	28	2760	0	0	0	1.60940197189363	1.07567150687885	2112	394
rice_strat	maaslin3_prev	rarefied	real_perm	29	2707	0	0	0	1.65423736057096	1.03133691671493	2112	394
rice_strat	maaslin3_prev	rarefied	real_perm	30	2763	0	0	0	1.6444090460865	1.0006044195155	2112	394
rice_strat	maaslin3_prev	rarefied	real_perm	31	2788	0	0	0	1.62783784632454	1.05090279818461	2112	394
rice_strat	maaslin3_prev	rarefied	real_perm	32	2758	0	0	0	1.65595434910138	0.973149029573044	2112	394
rice_strat	maaslin3_prev	rarefied	real_perm	33	2797	0	0	0	1.6262961686664	0.975837904190686	2112	394
rice_strat	maaslin3_prev	rarefied	real_perm	34	2790	0	0	0	1.65732640346063	1.03642184345364	2112	394
rice_strat	maaslin3_prev	rarefied	real_perm	35	2769	0	0	0	1.67377125176537	0.99973452181748	2112	394
rice_strat	maaslin3_prev	rarefied	real_perm	36	2876	0	0	0	1.61430397240204	1.0633926088308	2112	394
rice_strat	maaslin3_prev	rarefied	real_perm	37	2826	0	0	0	1.66117479272433	1.0403654822335	2112	394
rice_strat	maaslin3_prev	rarefied	real_perm	38	2833	0	0	0	1.62944401431292	0.952398904413122	2112	394
rice_strat	maaslin3_prev	rarefied	real_perm	39	2816	0	0	0	1.62166115492241	1.06392765582109	2112	394
rice_strat	maaslin3_prev	rarefied	real_perm	40	2833	0	0	0	1.63243769022393	0.986782893287598	2112	394
rice_strat	maaslin3_prev	rarefied	real_perm	41	2810	0	0	0	1.61141378657523	1.07380299881604	10382	394
rice_strat	maaslin3_prev	rarefied	real_perm	42	2743	0	0	0	1.60775116994814	1.05044195736996	2112	394
rice_strat	maaslin3_prev	rarefied	real_perm	43	2827	0	0	0	1.61520705899634	1.00897232660878	2112	394
rice_strat	maaslin3_prev	rarefied	real_perm	44	2831	0	0	0	1.61885652778213	1.03556299314448	2112	394
rice_strat	maaslin3_prev	rarefied	real_perm	45	2824	0	0	0	1.61990155451314	1.02845201088795	10382	394
rice_strat	maaslin3_prev	rarefied	real_perm	46	2845	0	0	0	1.61141378657523	1.03965824941655	2112	394
rice_strat	maaslin3_prev	rarefied	real_perm	47	2834	0	0	0	1.6104378218518	1.02612667334559	2112	394
rice_strat	maaslin3_prev	rarefied	real_perm	48	2734	0	0	0	1.62482714262743	1.00593960327324	2112	394
rice_strat	maaslin3_prev	rarefied	real_perm	49	2727	0	0	0	1.6025039778913	0.995523974710457	2112	394
rice_strat	maaslin3_prev	rarefied	real_perm	50	2849	0	0	0	1.62714457894461	0.960323444328184	10382	394
rice_strat	maaslin3_prev	rarefied	real_perm	51	2821	0	0	0	1.65881286331396	0.973156820271471	10382	394
rice_strat	maaslin3_prev	rarefied	real_perm	52	2766	0	0	0	1.62098838971272	0.985235846066062	2112	394
rice_strat	maaslin3_prev	rarefied	real_perm	53	2824	0	0	0	1.621367333939	0.988930090948124	10382	394
rice_strat	maaslin3_prev	rarefied	real_perm	54	2807	0	0	0	1.65061409179056	0.99506921598121	2112	394
rice_strat	maaslin3_prev	rarefied	real_perm	55	2752	0	0	0	1.62347669678683	1.017383488094	2112	394
rice_strat	maaslin3_prev	rarefied	real_perm	56	2775	0	0	0	1.60940197189363	0.99672621680971	2112	394
rice_strat	maaslin3_prev	rarefied	real_perm	57	2824	0	0	0	1.62415152409461	1.01549956026755	14853	394
rice_strat	maaslin3_prev	rarefied	real_perm	58	2788	0	0	0	1.63967932900548	0.997916222680022	10382	394
rice_strat	maaslin3_prev	rarefied	real_perm	59	2844	0	0	0	1.61476512934441	1.03811976292663	2112	394
rice_strat	maaslin3_prev	rarefied	real_perm	60	2845	0	0	0	1.58983941120904	0.980175640995456	2112	394
rice_strat	maaslin3_prev	rarefied	real_perm	61	2788	0	0	0	1.59184116418959	0.998078413386263	2112	394
rice_strat	maaslin3_prev	rarefied	real_perm	62	2804	0	0	0	1.64133139885838	0.928720271278191	10382	394
rice_strat	maaslin3_prev	rarefied	real_perm	63	2810	0	0	0	1.5986689723838	0.989454499148401	10382	394
rice_strat	maaslin3_prev	rarefied	real_perm	64	2807	0	0	0	1.62613173677765	0.975507436087498	2112	394
rice_strat	maaslin3_prev	rarefied	real_perm	65	2853	0	0	0	1.64029582673006	0.986740524966971	2112	394
rice_strat	maaslin3_prev	rarefied	real_perm	66	2807	0	0	0	1.63059803529733	0.984880953322316	10382	394
rice_strat	maaslin3_prev	rarefied	real_perm	67	2845	0	0	0	1.66021910861155	1.04945730675581	2112	394
rice_strat	maaslin3_prev	rarefied	real_perm	68	2769	0	0	0	1.60983913166826	0.982208520890129	2112	394
rice_strat	maaslin3_prev	rarefied	real_perm	69	2811	0	0	0	1.65560860205887	0.993661143520236	10382	394
rice_strat	maaslin3_prev	rarefied	real_perm	70	2745	0	0	0	1.62347669678683	0.97582828769232	2112	394
rice_strat	maaslin3_prev	rarefied	real_perm	71	2864	0	0	0	1.58884937238494	0.980584862563513	10382	394
rice_strat	maaslin3_prev	rarefied	real_perm	72	2841	0	0	0	1.64700774142989	0.996705634005533	10382	394
rice_strat	maaslin3_prev	rarefied	real_perm	73	2744	0	0	0	1.64238623572922	0.974207184800833	2112	394
rice_strat	maaslin3_prev	rarefied	real_perm	74	2806	0	0	0	1.60747447828687	0.963898694372081	2112	394
rice_strat	maaslin3_prev	rarefied	real_perm	75	2833	0	0	0	1.61497668081539	1.04552615764427	2112	394
rice_strat	maaslin3_prev	rarefied	real_perm	76	2881	0	0	0	1.6797942976175	1.07551518097329	2112	394
rice_strat	maaslin3_prev	rarefied	real_perm	77	2778	0	0	0	1.59930244457672	1.02143162962783	2112	394
rice_strat	maaslin3_prev	rarefied	real_perm	78	2808	0	0	0	1.64112185194607	0.948853325824417	10382	394
rice_strat	maaslin3_prev	rarefied	real_perm	79	2775	0	0	0	1.65732640346063	1.01947254690109	2112	394
rice_strat	maaslin3_prev	rarefied	real_perm	80	2779	0	0	0	1.65351171280479	1.02175335831274	10382	394
rice_strat	maaslin3_prev	rarefied	real_perm	81	2856	0	0	0	1.64484621106763	1.01837743811104	2112	394
rice_strat	maaslin3_prev	rarefied	real_perm	82	2757	0	0	0	1.59273699103914	0.957190373703776	2112	394
rice_strat	maaslin3_prev	rarefied	real_perm	83	2798	0	0	0	1.60520821311286	0.97565007911953	2112	394
rice_strat	maaslin3_prev	rarefied	real_perm	84	2810	0	0	0	1.61823403325495	0.981548722903583	2112	394
rice_strat	maaslin3_prev	rarefied	real_perm	85	2766	0	0	0	1.58912059385124	0.90863299394014	2112	394
rice_strat	maaslin3_prev	rarefied	real_perm	86	2796	0	0	0	1.58462542336016	0.991625118383257	2112	394
rice_strat	maaslin3_prev	rarefied	real_perm	87	2807	0	0	0	1.60725081783925	1.04776682438478	10382	394
rice_strat	maaslin3_prev	rarefied	real_perm	88	2844	0	0	0	1.61351659007547	1.02661363342388	2112	394
rice_strat	maaslin3_prev	rarefied	real_perm	89	2838	0	0	0	1.62225472738065	1.02696162029593	2112	394
rice_strat	maaslin3_prev	rarefied	real_perm	90	2756	0	0	0	1.62234849294	1.07890515509177	2112	394
rice_strat	maaslin3_prev	rarefied	real_perm	91	2767	0	0	0	1.64864254124027	0.987479894278255	2112	394
rice_strat	maaslin3_prev	rarefied	real_perm	92	2867	0	0	0	1.58717457807005	1.08487837221831	10382	394
rice_strat	maaslin3_prev	rarefied	real_perm	93	2766	0	0	0	1.63986183297285	0.997385810761746	14853	394
rice_strat	maaslin3_prev	rarefied	real_perm	94	2802	0	0	0	1.66060995872863	0.914419936195646	2112	394
rice_strat	maaslin3_prev	rarefied	real_perm	95	2852	0	0	0	1.63462113765546	1.04322448847239	2112	394
rice_strat	maaslin3_prev	rarefied	real_perm	96	2805	0	0	0	1.62929384295	0.97043600452789	2112	394
rice_strat	maaslin3_prev	rarefied	real_perm	97	2803	0	0	0	1.60035952160766	0.970728292393972	2112	394
rice_strat	maaslin3_prev	rarefied	real_perm	98	2753	0	0	0	1.67021438180792	1.02212414694945	2112	394
rice_strat	maaslin3_prev	rarefied	real_perm	99	2804	0	0	0	1.61351659007547	1.04233908629442	2112	394
rice_strat	maaslin3_prev	rarefied	real_perm	100	2819	0	0	0	1.601785488427	1.01746988436562	10382	394
rice_strat	maaslin3_prev	raw	real_depth	1	2782	637	0.228971962616822	1	1.6392285832881	0.974387758351645	2112	394
rice_strat	maaslin3_prev	raw	real_depth	2	2813	485	0.172413793103448	1	1.64130735949189	0.97252562791315	2112	394
rice_strat	maaslin3_prev	raw	real_depth	3	2781	519	0.186623516720604	1	1.60775116994814	1.00771245634459	2112	394
rice_strat	maaslin3_prev	raw	real_depth	4	2815	593	0.210657193605684	1	1.65524654895324	0.918625540466476	2112	394
rice_strat	maaslin3_prev	raw	real_depth	5	2808	522	0.185897435897436	1	1.61884801468135	1.05856209150327	10382	394
rice_strat	maaslin3_prev	raw	real_depth	6	2834	523	0.18454481298518	1	1.62270083320233	1.00623179408815	10382	394
rice_strat	maaslin3_prev	raw	real_depth	7	2791	462	0.165532067359369	1	1.5892973290531	1.03148518896833	16016	394
rice_strat	maaslin3_prev	raw	real_depth	8	2748	462	0.168122270742358	1	1.66095956251469	1.1162002426036	2112	394
rice_strat	maaslin3_prev	raw	real_depth	9	2862	522	0.182389937106918	1	1.59581610767461	1.09072076103349	2112	394
rice_strat	maaslin3_prev	raw	real_depth	10	2729	472	0.172957127152803	1	1.60265367604641	0.958762968305422	10382	394
rice_strat	maaslin3_prev	raw	real_depth	11	2747	601	0.218784128139789	1	1.63640441757631	0.989252501850243	2112	394
rice_strat	maaslin3_prev	raw	real_depth	12	2812	583	0.207325746799431	1	1.62373832165499	0.963829326402426	2112	394
rice_strat	maaslin3_prev	raw	real_depth	13	2791	571	0.204586169831602	1	1.60404548551066	1.04824706366033	10382	394
rice_strat	maaslin3_prev	raw	real_depth	14	2787	437	0.156799425905992	1	1.58361574214938	1.03562781612403	2112	394
rice_strat	maaslin3_prev	raw	real_depth	15	2766	737	0.26644974692697	1	1.62118885488261	1.02390863313423	2112	394
rice_strat	maaslin3_prev	raw	real_depth	16	2803	468	0.166963967178024	1	1.60688692805657	0.998401189515001	2112	394
rice_strat	maaslin3_prev	raw	real_depth	17	2850	516	0.181052631578947	1	1.65239418031653	1.02409940499289	2112	394
rice_strat	maaslin3_prev	raw	real_depth	18	2846	515	0.180955727336613	1	1.58774825761149	1.00674411969822	14853	394
rice_strat	maaslin3_prev	raw	real_depth	19	2755	416	0.150998185117967	1	1.66142466634507	0.974545249306586	2112	394
rice_strat	maaslin3_prev	raw	real_depth	20	2824	560	0.198300283286119	1	1.6059496996997	0.924009047824214	10382	394
rice_strat	maaslin3_prev	raw	real_depth	21	2804	353	0.125891583452211	1	1.56135305679115	0.9539840699188	2112	394
rice_strat	maaslin3_prev	raw	real_depth	22	2780	725	0.260791366906475	1	1.62347669678683	1.01837130822078	2112	394
rice_strat	maaslin3_prev	raw	real_depth	23	2838	411	0.144820295983087	1	1.62841644720966	0.955640848172151	10382	394
rice_strat	maaslin3_prev	raw	real_depth	24	2794	556	0.19899785254116	1	1.60257424094229	1.0104238112708	2112	394
rice_strat	maaslin3_prev	raw	real_depth	25	2777	517	0.186172128195895	1	1.59612627789927	1.10103369194968	2112	394
rice_strat	maaslin3_prev	raw	real_depth	26	2799	656	0.23436941764916	1	1.62023573765978	0.956891416192797	14853	394
rice_strat	maaslin3_prev	raw	real_depth	27	2762	578	0.209268645908762	1	1.61990155451314	0.98731728288908	2112	394
rice_strat	maaslin3_prev	raw	real_depth	28	2760	427	0.154710144927536	1	1.60940197189363	1.07567150687885	2112	394
rice_strat	maaslin3_prev	raw	real_depth	29	2707	622	0.229774658293314	1	1.65423736057096	1.03133691671493	2112	394
rice_strat	maaslin3_prev	raw	real_depth	30	2763	502	0.181686572566051	1	1.6444090460865	1.0006044195155	2112	394
rice_strat	maaslin3_prev	raw	real_depth	31	2788	565	0.202654232424677	1	1.62783784632454	1.05090279818461	2112	394
rice_strat	maaslin3_prev	raw	real_depth	32	2758	597	0.216461203770848	1	1.65595434910138	0.973149029573044	2112	394
rice_strat	maaslin3_prev	raw	real_depth	33	2797	576	0.205934930282445	1	1.6262961686664	0.975837904190686	2112	394
rice_strat	maaslin3_prev	raw	real_depth	34	2790	701	0.251254480286738	1	1.65732640346063	1.03642184345364	2112	394
rice_strat	maaslin3_prev	raw	real_depth	35	2769	698	0.252076561935717	1	1.67377125176537	0.99973452181748	2112	394
rice_strat	maaslin3_prev	raw	real_depth	36	2876	488	0.169680111265647	1	1.61430397240204	1.0633926088308	2112	394
rice_strat	maaslin3_prev	raw	real_depth	37	2826	503	0.177990092002831	1	1.66117479272433	1.0403654822335	2112	394
rice_strat	maaslin3_prev	raw	real_depth	38	2833	531	0.187433815743029	1	1.62944401431292	0.952398904413122	2112	394
rice_strat	maaslin3_prev	raw	real_depth	39	2816	524	0.186079545454545	1	1.62166115492241	1.06392765582109	2112	394
rice_strat	maaslin3_prev	raw	real_depth	40	2833	384	0.135545358277444	1	1.63243769022393	0.986782893287598	2112	394
rice_strat	maaslin3_prev	raw	real_depth	41	2810	577	0.205338078291815	1	1.61141378657523	1.07380299881604	10382	394
rice_strat	maaslin3_prev	raw	real_depth	42	2743	499	0.181917608457893	1	1.60775116994814	1.05044195736996	2112	394
rice_strat	maaslin3_prev	raw	real_depth	43	2827	596	0.210824195259993	1	1.61520705899634	1.00897232660878	2112	394
rice_strat	maaslin3_prev	raw	real_depth	44	2831	445	0.157188272695161	1	1.61885652778213	1.03556299314448	2112	394
rice_strat	maaslin3_prev	raw	real_depth	45	2824	479	0.169617563739377	1	1.61990155451314	1.02845201088795	10382	394
rice_strat	maaslin3_prev	raw	real_depth	46	2845	611	0.214762741652021	1	1.61141378657523	1.03965824941655	2112	394
rice_strat	maaslin3_prev	raw	real_depth	47	2834	596	0.21030345800988	1	1.6104378218518	1.02612667334559	2112	394
rice_strat	maaslin3_prev	raw	real_depth	48	2734	532	0.194586686174104	1	1.62482714262743	1.00593960327324	2112	394
rice_strat	maaslin3_prev	raw	real_depth	49	2727	351	0.128712871287129	1	1.6025039778913	0.995523974710457	2112	394
rice_strat	maaslin3_prev	raw	real_depth	50	2849	578	0.202878202878203	1	1.62714457894461	0.960323444328184	10382	394
rice_strat	maaslin3_prev	raw	real_depth	51	2821	645	0.228642325416519	1	1.65881286331396	0.973156820271471	10382	394
rice_strat	maaslin3_prev	raw	real_depth	52	2766	545	0.19703543022415	1	1.62098838971272	0.985235846066062	2112	394
rice_strat	maaslin3_prev	raw	real_depth	53	2824	549	0.194405099150142	1	1.621367333939	0.988930090948124	10382	394
rice_strat	maaslin3_prev	raw	real_depth	54	2807	644	0.229426433915212	1	1.65061409179056	0.99506921598121	2112	394
rice_strat	maaslin3_prev	raw	real_depth	55	2752	523	0.190043604651163	1	1.62347669678683	1.017383488094	2112	394
rice_strat	maaslin3_prev	raw	real_depth	56	2775	453	0.163243243243243	1	1.60940197189363	0.99672621680971	2112	394
rice_strat	maaslin3_prev	raw	real_depth	57	2824	418	0.148016997167139	1	1.62415152409461	1.01549956026755	14853	394
rice_strat	maaslin3_prev	raw	real_depth	58	2788	509	0.182568149210904	1	1.63967932900548	0.997916222680022	10382	394
rice_strat	maaslin3_prev	raw	real_depth	59	2844	454	0.159634317862166	1	1.61476512934441	1.03811976292663	2112	394
rice_strat	maaslin3_prev	raw	real_depth	60	2845	482	0.169420035149385	1	1.58983941120904	0.980175640995456	2112	394
rice_strat	maaslin3_prev	raw	real_depth	61	2788	344	0.12338593974175	1	1.59184116418959	0.998078413386263	2112	394
rice_strat	maaslin3_prev	raw	real_depth	62	2804	462	0.164764621968616	1	1.64133139885838	0.928720271278191	10382	394
rice_strat	maaslin3_prev	raw	real_depth	63	2810	667	0.237366548042705	1	1.5986689723838	0.989454499148401	10382	394
rice_strat	maaslin3_prev	raw	real_depth	64	2807	627	0.223370146063413	1	1.62613173677765	0.975507436087498	2112	394
rice_strat	maaslin3_prev	raw	real_depth	65	2853	362	0.126883981773572	1	1.64029582673006	0.986740524966971	2112	394
rice_strat	maaslin3_prev	raw	real_depth	66	2807	473	0.168507303170645	1	1.63059803529733	0.984880953322316	10382	394
rice_strat	maaslin3_prev	raw	real_depth	67	2845	662	0.232688927943761	1	1.66021910861155	1.04945730675581	2112	394
rice_strat	maaslin3_prev	raw	real_depth	68	2769	579	0.209100758396533	1	1.60983913166826	0.982208520890129	2112	394
rice_strat	maaslin3_prev	raw	real_depth	69	2811	582	0.207043756670224	1	1.65560860205887	0.993661143520236	10382	394
rice_strat	maaslin3_prev	raw	real_depth	70	2745	549	0.2	1	1.62347669678683	0.97582828769232	2112	394
rice_strat	maaslin3_prev	raw	real_depth	71	2864	426	0.148743016759777	1	1.58884937238494	0.980584862563513	10382	394
rice_strat	maaslin3_prev	raw	real_depth	72	2841	499	0.175642379443858	1	1.64700774142989	0.996705634005533	10382	394
rice_strat	maaslin3_prev	raw	real_depth	73	2744	425	0.154883381924198	1	1.64238623572922	0.974207184800833	2112	394
rice_strat	maaslin3_prev	raw	real_depth	74	2806	469	0.167141838916607	1	1.60747447828687	0.963898694372081	2112	394
rice_strat	maaslin3_prev	raw	real_depth	75	2833	470	0.16590187080833	1	1.61497668081539	1.04552615764427	2112	394
rice_strat	maaslin3_prev	raw	real_depth	76	2881	718	0.249219021173204	1	1.6797942976175	1.07551518097329	2112	394
rice_strat	maaslin3_prev	raw	real_depth	77	2778	470	0.169186465082793	1	1.59930244457672	1.02143162962783	2112	394
rice_strat	maaslin3_prev	raw	real_depth	78	2808	529	0.188390313390313	1	1.64112185194607	0.948853325824417	10382	394
rice_strat	maaslin3_prev	raw	real_depth	79	2775	386	0.139099099099099	1	1.65732640346063	1.01947254690109	2112	394
rice_strat	maaslin3_prev	raw	real_depth	80	2779	546	0.19647355163728	1	1.65351171280479	1.02175335831274	10382	394
rice_strat	maaslin3_prev	raw	real_depth	81	2856	389	0.136204481792717	1	1.64484621106763	1.01837743811104	2112	394
rice_strat	maaslin3_prev	raw	real_depth	82	2757	577	0.209285455204933	1	1.59273699103914	0.957190373703776	2112	394
rice_strat	maaslin3_prev	raw	real_depth	83	2798	591	0.211222301644031	1	1.60520821311286	0.97565007911953	2112	394
rice_strat	maaslin3_prev	raw	real_depth	84	2810	590	0.209964412811388	1	1.61823403325495	0.981548722903583	2112	394
rice_strat	maaslin3_prev	raw	real_depth	85	2766	480	0.17353579175705	1	1.58912059385124	0.90863299394014	2112	394
rice_strat	maaslin3_prev	raw	real_depth	86	2796	491	0.175608011444921	1	1.58462542336016	0.991625118383257	2112	394
rice_strat	maaslin3_prev	raw	real_depth	87	2807	537	0.191307445671535	1	1.60725081783925	1.04776682438478	10382	394
rice_strat	maaslin3_prev	raw	real_depth	88	2844	446	0.156821378340366	1	1.61351659007547	1.02661363342388	2112	394
rice_strat	maaslin3_prev	raw	real_depth	89	2838	629	0.221634954193094	1	1.62225472738065	1.02696162029593	2112	394
rice_strat	maaslin3_prev	raw	real_depth	90	2756	548	0.198838896952104	1	1.62234849294	1.07890515509177	2112	394
rice_strat	maaslin3_prev	raw	real_depth	91	2767	453	0.163715215034333	1	1.64864254124027	0.987479894278255	2112	394
rice_strat	maaslin3_prev	raw	real_depth	92	2867	604	0.210673177537496	1	1.58717457807005	1.08487837221831	10382	394
rice_strat	maaslin3_prev	raw	real_depth	93	2766	798	0.288503253796095	1	1.63986183297285	0.997385810761746	14853	394
rice_strat	maaslin3_prev	raw	real_depth	94	2802	670	0.239114917915774	1	1.66060995872863	0.914419936195646	2112	394
rice_strat	maaslin3_prev	raw	real_depth	95	2852	574	0.201262272089762	1	1.63462113765546	1.04322448847239	2112	394
rice_strat	maaslin3_prev	raw	real_depth	96	2805	323	0.115151515151515	1	1.62929384295	0.97043600452789	2112	394
rice_strat	maaslin3_prev	raw	real_depth	97	2803	410	0.146271851587585	1	1.60035952160766	0.970728292393972	2112	394
rice_strat	maaslin3_prev	raw	real_depth	98	2753	798	0.289865601162368	1	1.67021438180792	1.02212414694945	2112	394
rice_strat	maaslin3_prev	raw	real_depth	99	2804	541	0.192938659058488	1	1.61351659007547	1.04233908629442	2112	394
rice_strat	maaslin3_prev	raw	real_depth	100	2819	399	0.14153955303299	1	1.601785488427	1.01746988436562	10382	394
rice_strat	maaslin3_prev	raw	real_perm	1	2782	0	0	0	1.6392285832881	0.974387758351645	2112	394
rice_strat	maaslin3_prev	raw	real_perm	2	2813	0	0	0	1.64130735949189	0.97252562791315	2112	394
rice_strat	maaslin3_prev	raw	real_perm	3	2781	0	0	0	1.60775116994814	1.00771245634459	2112	394
rice_strat	maaslin3_prev	raw	real_perm	4	2815	0	0	0	1.65524654895324	0.918625540466476	2112	394
rice_strat	maaslin3_prev	raw	real_perm	5	2808	0	0	0	1.61884801468135	1.05856209150327	10382	394
rice_strat	maaslin3_prev	raw	real_perm	6	2834	0	0	0	1.62270083320233	1.00623179408815	10382	394
rice_strat	maaslin3_prev	raw	real_perm	7	2791	0	0	0	1.5892973290531	1.03148518896833	16016	394
rice_strat	maaslin3_prev	raw	real_perm	8	2748	0	0	0	1.66095956251469	1.1162002426036	2112	394
rice_strat	maaslin3_prev	raw	real_perm	9	2862	0	0	0	1.59581610767461	1.09072076103349	2112	394
rice_strat	maaslin3_prev	raw	real_perm	10	2729	0	0	0	1.60265367604641	0.958762968305422	10382	394
rice_strat	maaslin3_prev	raw	real_perm	11	2747	0	0	0	1.63640441757631	0.989252501850243	2112	394
rice_strat	maaslin3_prev	raw	real_perm	12	2812	0	0	0	1.62373832165499	0.963829326402426	2112	394
rice_strat	maaslin3_prev	raw	real_perm	13	2791	0	0	0	1.60404548551066	1.04824706366033	10382	394
rice_strat	maaslin3_prev	raw	real_perm	14	2787	0	0	0	1.58361574214938	1.03562781612403	2112	394
rice_strat	maaslin3_prev	raw	real_perm	15	2766	0	0	0	1.62118885488261	1.02390863313423	2112	394
rice_strat	maaslin3_prev	raw	real_perm	16	2803	0	0	0	1.60688692805657	0.998401189515001	2112	394
rice_strat	maaslin3_prev	raw	real_perm	17	2850	0	0	0	1.65239418031653	1.02409940499289	2112	394
rice_strat	maaslin3_prev	raw	real_perm	18	2846	0	0	0	1.58774825761149	1.00674411969822	14853	394
rice_strat	maaslin3_prev	raw	real_perm	19	2755	0	0	0	1.66142466634507	0.974545249306586	2112	394
rice_strat	maaslin3_prev	raw	real_perm	20	2824	0	0	0	1.6059496996997	0.924009047824214	10382	394
rice_strat	maaslin3_prev	raw	real_perm	21	2804	0	0	0	1.56135305679115	0.9539840699188	2112	394
rice_strat	maaslin3_prev	raw	real_perm	22	2780	0	0	0	1.62347669678683	1.01837130822078	2112	394
rice_strat	maaslin3_prev	raw	real_perm	23	2838	0	0	0	1.62841644720966	0.955640848172151	10382	394
rice_strat	maaslin3_prev	raw	real_perm	24	2794	0	0	0	1.60257424094229	1.0104238112708	2112	394
rice_strat	maaslin3_prev	raw	real_perm	25	2777	0	0	0	1.59612627789927	1.10103369194968	2112	394
rice_strat	maaslin3_prev	raw	real_perm	26	2799	0	0	0	1.62023573765978	0.956891416192797	14853	394
rice_strat	maaslin3_prev	raw	real_perm	27	2762	0	0	0	1.61990155451314	0.98731728288908	2112	394
rice_strat	maaslin3_prev	raw	real_perm	28	2760	0	0	0	1.60940197189363	1.07567150687885	2112	394
rice_strat	maaslin3_prev	raw	real_perm	29	2707	0	0	0	1.65423736057096	1.03133691671493	2112	394
rice_strat	maaslin3_prev	raw	real_perm	30	2763	0	0	0	1.6444090460865	1.0006044195155	2112	394
rice_strat	maaslin3_prev	raw	real_perm	31	2788	0	0	0	1.62783784632454	1.05090279818461	2112	394
rice_strat	maaslin3_prev	raw	real_perm	32	2758	0	0	0	1.65595434910138	0.973149029573044	2112	394
rice_strat	maaslin3_prev	raw	real_perm	33	2797	0	0	0	1.6262961686664	0.975837904190686	2112	394
rice_strat	maaslin3_prev	raw	real_perm	34	2790	0	0	0	1.65732640346063	1.03642184345364	2112	394
rice_strat	maaslin3_prev	raw	real_perm	35	2769	0	0	0	1.67377125176537	0.99973452181748	2112	394
rice_strat	maaslin3_prev	raw	real_perm	36	2876	0	0	0	1.61430397240204	1.0633926088308	2112	394
rice_strat	maaslin3_prev	raw	real_perm	37	2826	0	0	0	1.66117479272433	1.0403654822335	2112	394
rice_strat	maaslin3_prev	raw	real_perm	38	2833	0	0	0	1.62944401431292	0.952398904413122	2112	394
rice_strat	maaslin3_prev	raw	real_perm	39	2816	0	0	0	1.62166115492241	1.06392765582109	2112	394
rice_strat	maaslin3_prev	raw	real_perm	40	2833	0	0	0	1.63243769022393	0.986782893287598	2112	394
rice_strat	maaslin3_prev	raw	real_perm	41	2810	0	0	0	1.61141378657523	1.07380299881604	10382	394
rice_strat	maaslin3_prev	raw	real_perm	42	2743	0	0	0	1.60775116994814	1.05044195736996	2112	394
rice_strat	maaslin3_prev	raw	real_perm	43	2827	0	0	0	1.61520705899634	1.00897232660878	2112	394
rice_strat	maaslin3_prev	raw	real_perm	44	2831	0	0	0	1.61885652778213	1.03556299314448	2112	394
rice_strat	maaslin3_prev	raw	real_perm	45	2824	0	0	0	1.61990155451314	1.02845201088795	10382	394
rice_strat	maaslin3_prev	raw	real_perm	46	2845	0	0	0	1.61141378657523	1.03965824941655	2112	394
rice_strat	maaslin3_prev	raw	real_perm	47	2834	0	0	0	1.6104378218518	1.02612667334559	2112	394
rice_strat	maaslin3_prev	raw	real_perm	48	2734	0	0	0	1.62482714262743	1.00593960327324	2112	394
rice_strat	maaslin3_prev	raw	real_perm	49	2727	0	0	0	1.6025039778913	0.995523974710457	2112	394
rice_strat	maaslin3_prev	raw	real_perm	50	2849	0	0	0	1.62714457894461	0.960323444328184	10382	394
rice_strat	maaslin3_prev	raw	real_perm	51	2821	0	0	0	1.65881286331396	0.973156820271471	10382	394
rice_strat	maaslin3_prev	raw	real_perm	52	2766	0	0	0	1.62098838971272	0.985235846066062	2112	394
rice_strat	maaslin3_prev	raw	real_perm	53	2824	0	0	0	1.621367333939	0.988930090948124	10382	394
rice_strat	maaslin3_prev	raw	real_perm	54	2807	0	0	0	1.65061409179056	0.99506921598121	2112	394
rice_strat	maaslin3_prev	raw	real_perm	55	2752	0	0	0	1.62347669678683	1.017383488094	2112	394
rice_strat	maaslin3_prev	raw	real_perm	56	2775	0	0	0	1.60940197189363	0.99672621680971	2112	394
rice_strat	maaslin3_prev	raw	real_perm	57	2824	0	0	0	1.62415152409461	1.01549956026755	14853	394
rice_strat	maaslin3_prev	raw	real_perm	58	2788	0	0	0	1.63967932900548	0.997916222680022	10382	394
rice_strat	maaslin3_prev	raw	real_perm	59	2844	0	0	0	1.61476512934441	1.03811976292663	2112	394
rice_strat	maaslin3_prev	raw	real_perm	60	2845	0	0	0	1.58983941120904	0.980175640995456	2112	394
rice_strat	maaslin3_prev	raw	real_perm	61	2788	0	0	0	1.59184116418959	0.998078413386263	2112	394
rice_strat	maaslin3_prev	raw	real_perm	62	2804	0	0	0	1.64133139885838	0.928720271278191	10382	394
rice_strat	maaslin3_prev	raw	real_perm	63	2810	0	0	0	1.5986689723838	0.989454499148401	10382	394
rice_strat	maaslin3_prev	raw	real_perm	64	2807	0	0	0	1.62613173677765	0.975507436087498	2112	394
rice_strat	maaslin3_prev	raw	real_perm	65	2853	0	0	0	1.64029582673006	0.986740524966971	2112	394
rice_strat	maaslin3_prev	raw	real_perm	66	2807	0	0	0	1.63059803529733	0.984880953322316	10382	394
rice_strat	maaslin3_prev	raw	real_perm	67	2845	0	0	0	1.66021910861155	1.04945730675581	2112	394
rice_strat	maaslin3_prev	raw	real_perm	68	2769	0	0	0	1.60983913166826	0.982208520890129	2112	394
rice_strat	maaslin3_prev	raw	real_perm	69	2811	0	0	0	1.65560860205887	0.993661143520236	10382	394
rice_strat	maaslin3_prev	raw	real_perm	70	2745	0	0	0	1.62347669678683	0.97582828769232	2112	394
rice_strat	maaslin3_prev	raw	real_perm	71	2864	0	0	0	1.58884937238494	0.980584862563513	10382	394
rice_strat	maaslin3_prev	raw	real_perm	72	2841	0	0	0	1.64700774142989	0.996705634005533	10382	394
rice_strat	maaslin3_prev	raw	real_perm	73	2744	0	0	0	1.64238623572922	0.974207184800833	2112	394
rice_strat	maaslin3_prev	raw	real_perm	74	2806	0	0	0	1.60747447828687	0.963898694372081	2112	394
rice_strat	maaslin3_prev	raw	real_perm	75	2833	0	0	0	1.61497668081539	1.04552615764427	2112	394
rice_strat	maaslin3_prev	raw	real_perm	76	2881	0	0	0	1.6797942976175	1.07551518097329	2112	394
rice_strat	maaslin3_prev	raw	real_perm	77	2778	0	0	0	1.59930244457672	1.02143162962783	2112	394
rice_strat	maaslin3_prev	raw	real_perm	78	2808	0	0	0	1.64112185194607	0.948853325824417	10382	394
rice_strat	maaslin3_prev	raw	real_perm	79	2775	0	0	0	1.65732640346063	1.01947254690109	2112	394
rice_strat	maaslin3_prev	raw	real_perm	80	2779	0	0	0	1.65351171280479	1.02175335831274	10382	394
rice_strat	maaslin3_prev	raw	real_perm	81	2856	0	0	0	1.64484621106763	1.01837743811104	2112	394
rice_strat	maaslin3_prev	raw	real_perm	82	2757	0	0	0	1.59273699103914	0.957190373703776	2112	394
rice_strat	maaslin3_prev	raw	real_perm	83	2798	0	0	0	1.60520821311286	0.97565007911953	2112	394
rice_strat	maaslin3_prev	raw	real_perm	84	2810	0	0	0	1.61823403325495	0.981548722903583	2112	394
rice_strat	maaslin3_prev	raw	real_perm	85	2766	0	0	0	1.58912059385124	0.90863299394014	2112	394
rice_strat	maaslin3_prev	raw	real_perm	86	2796	0	0	0	1.58462542336016	0.991625118383257	2112	394
rice_strat	maaslin3_prev	raw	real_perm	87	2807	0	0	0	1.60725081783925	1.04776682438478	10382	394
rice_strat	maaslin3_prev	raw	real_perm	88	2844	0	0	0	1.61351659007547	1.02661363342388	2112	394
rice_strat	maaslin3_prev	raw	real_perm	89	2838	0	0	0	1.62225472738065	1.02696162029593	2112	394
rice_strat	maaslin3_prev	raw	real_perm	90	2756	0	0	0	1.62234849294	1.07890515509177	2112	394
rice_strat	maaslin3_prev	raw	real_perm	91	2767	0	0	0	1.64864254124027	0.987479894278255	2112	394
rice_strat	maaslin3_prev	raw	real_perm	92	2867	0	0	0	1.58717457807005	1.08487837221831	10382	394
rice_strat	maaslin3_prev	raw	real_perm	93	2766	0	0	0	1.63986183297285	0.997385810761746	14853	394
rice_strat	maaslin3_prev	raw	real_perm	94	2802	0	0	0	1.66060995872863	0.914419936195646	2112	394
rice_strat	maaslin3_prev	raw	real_perm	95	2852	0	0	0	1.63462113765546	1.04322448847239	2112	394
rice_strat	maaslin3_prev	raw	real_perm	96	2805	0	0	0	1.62929384295	0.97043600452789	2112	394
rice_strat	maaslin3_prev	raw	real_perm	97	2803	0	0	0	1.60035952160766	0.970728292393972	2112	394
rice_strat	maaslin3_prev	raw	real_perm	98	2753	0	0	0	1.67021438180792	1.02212414694945	2112	394
rice_strat	maaslin3_prev	raw	real_perm	99	2804	0	0	0	1.61351659007547	1.04233908629442	2112	394
rice_strat	maaslin3_prev	raw	real_perm	100	2819	0	0	0	1.601785488427	1.01746988436562	10382	394
rice_strat	wilcoxon	rarefied	real_depth	1	2782	291	0.104601006470165	1	1.6392285832881	0.974387758351645	2112	394
rice_strat	wilcoxon	rarefied	real_depth	2	2813	120	0.0426590828297192	1	1.64130735949189	0.97252562791315	2112	394
rice_strat	wilcoxon	rarefied	real_depth	3	2781	221	0.079467817331895	1	1.60775116994814	1.00771245634459	2112	394
rice_strat	wilcoxon	rarefied	real_depth	4	2815	209	0.0742451154529307	1	1.65524654895324	0.918625540466476	2112	394
rice_strat	wilcoxon	rarefied	real_depth	5	2808	394	0.14031339031339	1	1.61884801468135	1.05856209150327	10382	394
rice_strat	wilcoxon	rarefied	real_depth	6	2834	459	0.16196189131969	1	1.62270083320233	1.00623179408815	10382	394
rice_strat	wilcoxon	rarefied	real_depth	7	2791	486	0.174131135793622	1	1.5892973290531	1.03148518896833	16016	394
rice_strat	wilcoxon	rarefied	real_depth	8	2748	164	0.0596797671033479	1	1.66095956251469	1.1162002426036	2112	394
rice_strat	wilcoxon	rarefied	real_depth	9	2862	131	0.0457721872816212	1	1.59581610767461	1.09072076103349	2112	394
rice_strat	wilcoxon	rarefied	real_depth	10	2729	422	0.154635397581532	1	1.60265367604641	0.958762968305422	10382	394
rice_strat	wilcoxon	rarefied	real_depth	11	2747	183	0.0666181288678558	1	1.63640441757631	0.989252501850243	2112	394
rice_strat	wilcoxon	rarefied	real_depth	12	2812	245	0.087126600284495	1	1.62373832165499	0.963829326402426	2112	394
rice_strat	wilcoxon	rarefied	real_depth	13	2791	561	0.201003224650663	1	1.60404548551066	1.04824706366033	10382	394
rice_strat	wilcoxon	rarefied	real_depth	14	2787	79	0.028345891639756	1	1.58361574214938	1.03562781612403	2112	394
rice_strat	wilcoxon	rarefied	real_depth	15	2766	318	0.114967462039046	1	1.62118885488261	1.02390863313423	2112	394
rice_strat	wilcoxon	rarefied	real_depth	16	2803	104	0.0371031038173386	1	1.60688692805657	0.998401189515001	2112	394
rice_strat	wilcoxon	rarefied	real_depth	17	2850	173	0.0607017543859649	1	1.65239418031653	1.02409940499289	2112	394
rice_strat	wilcoxon	rarefied	real_depth	18	2846	512	0.179901616303584	1	1.58774825761149	1.00674411969822	14853	394
rice_strat	wilcoxon	rarefied	real_depth	19	2755	138	0.0500907441016334	1	1.66142466634507	0.974545249306586	2112	394
rice_strat	wilcoxon	rarefied	real_depth	20	2824	554	0.196175637393768	1	1.6059496996997	0.924009047824214	10382	394
rice_strat	wilcoxon	rarefied	real_depth	21	2804	60	0.021398002853067	1	1.56135305679115	0.9539840699188	2112	394
rice_strat	wilcoxon	rarefied	real_depth	22	2780	354	0.127338129496403	1	1.62347669678683	1.01837130822078	2112	394
rice_strat	wilcoxon	rarefied	real_depth	23	2838	362	0.127554615926709	1	1.62841644720966	0.955640848172151	10382	394
rice_strat	wilcoxon	rarefied	real_depth	24	2794	211	0.0755189692197566	1	1.60257424094229	1.0104238112708	2112	394
rice_strat	wilcoxon	rarefied	real_depth	25	2777	155	0.0558156283759453	1	1.59612627789927	1.10103369194968	2112	394
rice_strat	wilcoxon	rarefied	real_depth	26	2799	718	0.256520185780636	1	1.62023573765978	0.956891416192797	14853	394
rice_strat	wilcoxon	rarefied	real_depth	27	2762	209	0.0756698044895004	1	1.61990155451314	0.98731728288908	2112	394
rice_strat	wilcoxon	rarefied	real_depth	28	2760	93	0.033695652173913	1	1.60940197189363	1.07567150687885	2112	394
rice_strat	wilcoxon	rarefied	real_depth	29	2707	305	0.112670853343184	1	1.65423736057096	1.03133691671493	2112	394
rice_strat	wilcoxon	rarefied	real_depth	30	2763	124	0.0448787549764748	1	1.6444090460865	1.0006044195155	2112	394
rice_strat	wilcoxon	rarefied	real_depth	31	2788	200	0.0717360114777618	1	1.62783784632454	1.05090279818461	2112	394
rice_strat	wilcoxon	rarefied	real_depth	32	2758	301	0.109137055837563	1	1.65595434910138	0.973149029573044	2112	394
rice_strat	wilcoxon	rarefied	real_depth	33	2797	128	0.0457633178405434	1	1.6262961686664	0.975837904190686	2112	394
rice_strat	wilcoxon	rarefied	real_depth	34	2790	278	0.0996415770609319	1	1.65732640346063	1.03642184345364	2112	394
rice_strat	wilcoxon	rarefied	real_depth	35	2769	368	0.132899963885879	1	1.67377125176537	0.99973452181748	2112	394
rice_strat	wilcoxon	rarefied	real_depth	36	2876	104	0.0361613351877608	1	1.61430397240204	1.0633926088308	2112	394
rice_strat	wilcoxon	rarefied	real_depth	37	2826	82	0.0290162774239207	1	1.66117479272433	1.0403654822335	2112	394
rice_strat	wilcoxon	rarefied	real_depth	38	2833	92	0.0324744087539711	1	1.62944401431292	0.952398904413122	2112	394
rice_strat	wilcoxon	rarefied	real_depth	39	2816	106	0.0376420454545455	1	1.62166115492241	1.06392765582109	2112	394
rice_strat	wilcoxon	rarefied	real_depth	40	2833	140	0.0494175785386516	1	1.63243769022393	0.986782893287598	2112	394
rice_strat	wilcoxon	rarefied	real_depth	41	2810	549	0.195373665480427	1	1.61141378657523	1.07380299881604	10382	394
rice_strat	wilcoxon	rarefied	real_depth	42	2743	142	0.0517681370761939	1	1.60775116994814	1.05044195736996	2112	394
rice_strat	wilcoxon	rarefied	real_depth	43	2827	260	0.0919702865228157	1	1.61520705899634	1.00897232660878	2112	394
rice_strat	wilcoxon	rarefied	real_depth	44	2831	164	0.0579300600494525	1	1.61885652778213	1.03556299314448	2112	394
rice_strat	wilcoxon	rarefied	real_depth	45	2824	466	0.165014164305949	1	1.61990155451314	1.02845201088795	10382	394
rice_strat	wilcoxon	rarefied	real_depth	46	2845	129	0.0453427065026362	1	1.61141378657523	1.03965824941655	2112	394
rice_strat	wilcoxon	rarefied	real_depth	47	2834	281	0.0991531404375441	1	1.6104378218518	1.02612667334559	2112	394
rice_strat	wilcoxon	rarefied	real_depth	48	2734	163	0.0596196049743965	1	1.62482714262743	1.00593960327324	2112	394
rice_strat	wilcoxon	rarefied	real_depth	49	2727	72	0.0264026402640264	1	1.6025039778913	0.995523974710457	2112	394
rice_strat	wilcoxon	rarefied	real_depth	50	2849	544	0.190944190944191	1	1.62714457894461	0.960323444328184	10382	394
rice_strat	wilcoxon	rarefied	real_depth	51	2821	611	0.216589861751152	1	1.65881286331396	0.973156820271471	10382	394
rice_strat	wilcoxon	rarefied	real_depth	52	2766	164	0.059291395516992	1	1.62098838971272	0.985235846066062	2112	394
rice_strat	wilcoxon	rarefied	real_depth	53	2824	501	0.177407932011331	1	1.621367333939	0.988930090948124	10382	394
rice_strat	wilcoxon	rarefied	real_depth	54	2807	195	0.0694691841824011	1	1.65061409179056	0.99506921598121	2112	394
rice_strat	wilcoxon	rarefied	real_depth	55	2752	210	0.0763081395348837	1	1.62347669678683	1.017383488094	2112	394
rice_strat	wilcoxon	rarefied	real_depth	56	2775	87	0.0313513513513514	1	1.60940197189363	0.99672621680971	2112	394
rice_strat	wilcoxon	rarefied	real_depth	57	2824	378	0.13385269121813	1	1.62415152409461	1.01549956026755	14853	394
rice_strat	wilcoxon	rarefied	real_depth	58	2788	510	0.182926829268293	1	1.63967932900548	0.997916222680022	10382	394
rice_strat	wilcoxon	rarefied	real_depth	59	2844	57	0.020042194092827	1	1.61476512934441	1.03811976292663	2112	394
rice_strat	wilcoxon	rarefied	real_depth	60	2845	161	0.0565905096660808	1	1.58983941120904	0.980175640995456	2112	394
rice_strat	wilcoxon	rarefied	real_depth	61	2788	0	0	0	1.59184116418959	0.998078413386263	2112	394
rice_strat	wilcoxon	rarefied	real_depth	62	2804	438	0.156205420827389	1	1.64133139885838	0.928720271278191	10382	394
rice_strat	wilcoxon	rarefied	real_depth	63	2810	660	0.234875444839858	1	1.5986689723838	0.989454499148401	10382	394
rice_strat	wilcoxon	rarefied	real_depth	64	2807	233	0.083006768792305	1	1.62613173677765	0.975507436087498	2112	394
rice_strat	wilcoxon	rarefied	real_depth	65	2853	56	0.0196284612688398	1	1.64029582673006	0.986740524966971	2112	394
rice_strat	wilcoxon	rarefied	real_depth	66	2807	399	0.14214463840399	1	1.63059803529733	0.984880953322316	10382	394
rice_strat	wilcoxon	rarefied	real_depth	67	2845	204	0.0717047451669596	1	1.66021910861155	1.04945730675581	2112	394
rice_strat	wilcoxon	rarefied	real_depth	68	2769	245	0.088479595521849	1	1.60983913166826	0.982208520890129	2112	394
rice_strat	wilcoxon	rarefied	real_depth	69	2811	457	0.162575595873355	1	1.65560860205887	0.993661143520236	10382	394
rice_strat	wilcoxon	rarefied	real_depth	70	2745	191	0.0695810564663024	1	1.62347669678683	0.97582828769232	2112	394
rice_strat	wilcoxon	rarefied	real_depth	71	2864	337	0.117667597765363	1	1.58884937238494	0.980584862563513	10382	394
rice_strat	wilcoxon	rarefied	real_depth	72	2841	358	0.126011967617036	1	1.64700774142989	0.996705634005533	10382	394
rice_strat	wilcoxon	rarefied	real_depth	73	2744	64	0.0233236151603499	1	1.64238623572922	0.974207184800833	2112	394
rice_strat	wilcoxon	rarefied	real_depth	74	2806	120	0.0427655024946543	1	1.60747447828687	0.963898694372081	2112	394
rice_strat	wilcoxon	rarefied	real_depth	75	2833	28	0.00988351570773032	1	1.61497668081539	1.04552615764427	2112	394
rice_strat	wilcoxon	rarefied	real_depth	76	2881	296	0.102742103436307	1	1.6797942976175	1.07551518097329	2112	394
rice_strat	wilcoxon	rarefied	real_depth	77	2778	53	0.0190784737221022	1	1.59930244457672	1.02143162962783	2112	394
rice_strat	wilcoxon	rarefied	real_depth	78	2808	463	0.16488603988604	1	1.64112185194607	0.948853325824417	10382	394
rice_strat	wilcoxon	rarefied	real_depth	79	2775	55	0.0198198198198198	1	1.65732640346063	1.01947254690109	2112	394
rice_strat	wilcoxon	rarefied	real_depth	80	2779	448	0.161209068010076	1	1.65351171280479	1.02175335831274	10382	394
rice_strat	wilcoxon	rarefied	real_depth	81	2856	78	0.0273109243697479	1	1.64484621106763	1.01837743811104	2112	394
rice_strat	wilcoxon	rarefied	real_depth	82	2757	172	0.0623866521581429	1	1.59273699103914	0.957190373703776	2112	394
rice_strat	wilcoxon	rarefied	real_depth	83	2798	279	0.0997140814867763	1	1.60520821311286	0.97565007911953	2112	394
rice_strat	wilcoxon	rarefied	real_depth	84	2810	198	0.0704626334519573	1	1.61823403325495	0.981548722903583	2112	394
rice_strat	wilcoxon	rarefied	real_depth	85	2766	134	0.0484454085321764	1	1.58912059385124	0.90863299394014	2112	394
rice_strat	wilcoxon	rarefied	real_depth	86	2796	162	0.0579399141630901	1	1.58462542336016	0.991625118383257	2112	394
rice_strat	wilcoxon	rarefied	real_depth	87	2807	468	0.166726042037763	1	1.60725081783925	1.04776682438478	10382	394
rice_strat	wilcoxon	rarefied	real_depth	88	2844	92	0.0323488045007032	1	1.61351659007547	1.02661363342388	2112	394
rice_strat	wilcoxon	rarefied	real_depth	89	2838	247	0.0870331219168428	1	1.62225472738065	1.02696162029593	2112	394
rice_strat	wilcoxon	rarefied	real_depth	90	2756	206	0.0747460087082729	1	1.62234849294	1.07890515509177	2112	394
rice_strat	wilcoxon	rarefied	real_depth	91	2767	140	0.0505963136971449	1	1.64864254124027	0.987479894278255	2112	394
rice_strat	wilcoxon	rarefied	real_depth	92	2867	582	0.202999651203348	1	1.58717457807005	1.08487837221831	10382	394
rice_strat	wilcoxon	rarefied	real_depth	93	2766	865	0.312725958062184	1	1.63986183297285	0.997385810761746	14853	394
rice_strat	wilcoxon	rarefied	real_depth	94	2802	244	0.0870806566738044	1	1.66060995872863	0.914419936195646	2112	394
rice_strat	wilcoxon	rarefied	real_depth	95	2852	184	0.0645161290322581	1	1.63462113765546	1.04322448847239	2112	394
rice_strat	wilcoxon	rarefied	real_depth	96	2805	31	0.0110516934046346	1	1.62929384295	0.97043600452789	2112	394
rice_strat	wilcoxon	rarefied	real_depth	97	2803	142	0.0506600071352123	1	1.60035952160766	0.970728292393972	2112	394
rice_strat	wilcoxon	rarefied	real_depth	98	2753	400	0.145296040682891	1	1.67021438180792	1.02212414694945	2112	394
rice_strat	wilcoxon	rarefied	real_depth	99	2804	179	0.0638373751783167	1	1.61351659007547	1.04233908629442	2112	394
rice_strat	wilcoxon	rarefied	real_depth	100	2819	347	0.123093295494856	1	1.601785488427	1.01746988436562	10382	394
rice_strat	wilcoxon	rarefied	real_perm	1	2782	0	0	0	1.6392285832881	0.974387758351645	2112	394
rice_strat	wilcoxon	rarefied	real_perm	2	2813	0	0	0	1.64130735949189	0.97252562791315	2112	394
rice_strat	wilcoxon	rarefied	real_perm	3	2781	0	0	0	1.60775116994814	1.00771245634459	2112	394
rice_strat	wilcoxon	rarefied	real_perm	4	2815	0	0	0	1.65524654895324	0.918625540466476	2112	394
rice_strat	wilcoxon	rarefied	real_perm	5	2808	0	0	0	1.61884801468135	1.05856209150327	10382	394
rice_strat	wilcoxon	rarefied	real_perm	6	2834	0	0	0	1.62270083320233	1.00623179408815	10382	394
rice_strat	wilcoxon	rarefied	real_perm	7	2791	0	0	0	1.5892973290531	1.03148518896833	16016	394
rice_strat	wilcoxon	rarefied	real_perm	8	2748	0	0	0	1.66095956251469	1.1162002426036	2112	394
rice_strat	wilcoxon	rarefied	real_perm	9	2862	0	0	0	1.59581610767461	1.09072076103349	2112	394
rice_strat	wilcoxon	rarefied	real_perm	10	2729	0	0	0	1.60265367604641	0.958762968305422	10382	394
rice_strat	wilcoxon	rarefied	real_perm	11	2747	0	0	0	1.63640441757631	0.989252501850243	2112	394
rice_strat	wilcoxon	rarefied	real_perm	12	2812	0	0	0	1.62373832165499	0.963829326402426	2112	394
rice_strat	wilcoxon	rarefied	real_perm	13	2791	0	0	0	1.60404548551066	1.04824706366033	10382	394
rice_strat	wilcoxon	rarefied	real_perm	14	2787	0	0	0	1.58361574214938	1.03562781612403	2112	394
rice_strat	wilcoxon	rarefied	real_perm	15	2766	0	0	0	1.62118885488261	1.02390863313423	2112	394
rice_strat	wilcoxon	rarefied	real_perm	16	2803	0	0	0	1.60688692805657	0.998401189515001	2112	394
rice_strat	wilcoxon	rarefied	real_perm	17	2850	0	0	0	1.65239418031653	1.02409940499289	2112	394
rice_strat	wilcoxon	rarefied	real_perm	18	2846	0	0	0	1.58774825761149	1.00674411969822	14853	394
rice_strat	wilcoxon	rarefied	real_perm	19	2755	0	0	0	1.66142466634507	0.974545249306586	2112	394
rice_strat	wilcoxon	rarefied	real_perm	20	2824	0	0	0	1.6059496996997	0.924009047824214	10382	394
rice_strat	wilcoxon	rarefied	real_perm	21	2804	0	0	0	1.56135305679115	0.9539840699188	2112	394
rice_strat	wilcoxon	rarefied	real_perm	22	2780	0	0	0	1.62347669678683	1.01837130822078	2112	394
rice_strat	wilcoxon	rarefied	real_perm	23	2838	0	0	0	1.62841644720966	0.955640848172151	10382	394
rice_strat	wilcoxon	rarefied	real_perm	24	2794	1	0.000357909806728704	1	1.60257424094229	1.0104238112708	2112	394
rice_strat	wilcoxon	rarefied	real_perm	25	2777	0	0	0	1.59612627789927	1.10103369194968	2112	394
rice_strat	wilcoxon	rarefied	real_perm	26	2799	0	0	0	1.62023573765978	0.956891416192797	14853	394
rice_strat	wilcoxon	rarefied	real_perm	27	2762	0	0	0	1.61990155451314	0.98731728288908	2112	394
rice_strat	wilcoxon	rarefied	real_perm	28	2760	0	0	0	1.60940197189363	1.07567150687885	2112	394
rice_strat	wilcoxon	rarefied	real_perm	29	2707	0	0	0	1.65423736057096	1.03133691671493	2112	394
rice_strat	wilcoxon	rarefied	real_perm	30	2763	0	0	0	1.6444090460865	1.0006044195155	2112	394
rice_strat	wilcoxon	rarefied	real_perm	31	2788	0	0	0	1.62783784632454	1.05090279818461	2112	394
rice_strat	wilcoxon	rarefied	real_perm	32	2758	0	0	0	1.65595434910138	0.973149029573044	2112	394
rice_strat	wilcoxon	rarefied	real_perm	33	2797	0	0	0	1.6262961686664	0.975837904190686	2112	394
rice_strat	wilcoxon	rarefied	real_perm	34	2790	0	0	0	1.65732640346063	1.03642184345364	2112	394
rice_strat	wilcoxon	rarefied	real_perm	35	2769	0	0	0	1.67377125176537	0.99973452181748	2112	394
rice_strat	wilcoxon	rarefied	real_perm	36	2876	0	0	0	1.61430397240204	1.0633926088308	2112	394
rice_strat	wilcoxon	rarefied	real_perm	37	2826	0	0	0	1.66117479272433	1.0403654822335	2112	394
rice_strat	wilcoxon	rarefied	real_perm	38	2833	0	0	0	1.62944401431292	0.952398904413122	2112	394
rice_strat	wilcoxon	rarefied	real_perm	39	2816	0	0	0	1.62166115492241	1.06392765582109	2112	394
rice_strat	wilcoxon	rarefied	real_perm	40	2833	0	0	0	1.63243769022393	0.986782893287598	2112	394
rice_strat	wilcoxon	rarefied	real_perm	41	2810	0	0	0	1.61141378657523	1.07380299881604	10382	394
rice_strat	wilcoxon	rarefied	real_perm	42	2743	0	0	0	1.60775116994814	1.05044195736996	2112	394
rice_strat	wilcoxon	rarefied	real_perm	43	2827	0	0	0	1.61520705899634	1.00897232660878	2112	394
rice_strat	wilcoxon	rarefied	real_perm	44	2831	0	0	0	1.61885652778213	1.03556299314448	2112	394
rice_strat	wilcoxon	rarefied	real_perm	45	2824	0	0	0	1.61990155451314	1.02845201088795	10382	394
rice_strat	wilcoxon	rarefied	real_perm	46	2845	0	0	0	1.61141378657523	1.03965824941655	2112	394
rice_strat	wilcoxon	rarefied	real_perm	47	2834	0	0	0	1.6104378218518	1.02612667334559	2112	394
rice_strat	wilcoxon	rarefied	real_perm	48	2734	0	0	0	1.62482714262743	1.00593960327324	2112	394
rice_strat	wilcoxon	rarefied	real_perm	49	2727	0	0	0	1.6025039778913	0.995523974710457	2112	394
rice_strat	wilcoxon	rarefied	real_perm	50	2849	0	0	0	1.62714457894461	0.960323444328184	10382	394
rice_strat	wilcoxon	rarefied	real_perm	51	2821	0	0	0	1.65881286331396	0.973156820271471	10382	394
rice_strat	wilcoxon	rarefied	real_perm	52	2766	0	0	0	1.62098838971272	0.985235846066062	2112	394
rice_strat	wilcoxon	rarefied	real_perm	53	2824	0	0	0	1.621367333939	0.988930090948124	10382	394
rice_strat	wilcoxon	rarefied	real_perm	54	2807	0	0	0	1.65061409179056	0.99506921598121	2112	394
rice_strat	wilcoxon	rarefied	real_perm	55	2752	0	0	0	1.62347669678683	1.017383488094	2112	394
rice_strat	wilcoxon	rarefied	real_perm	56	2775	0	0	0	1.60940197189363	0.99672621680971	2112	394
rice_strat	wilcoxon	rarefied	real_perm	57	2824	0	0	0	1.62415152409461	1.01549956026755	14853	394
rice_strat	wilcoxon	rarefied	real_perm	58	2788	0	0	0	1.63967932900548	0.997916222680022	10382	394
rice_strat	wilcoxon	rarefied	real_perm	59	2844	0	0	0	1.61476512934441	1.03811976292663	2112	394
rice_strat	wilcoxon	rarefied	real_perm	60	2845	0	0	0	1.58983941120904	0.980175640995456	2112	394
rice_strat	wilcoxon	rarefied	real_perm	61	2788	0	0	0	1.59184116418959	0.998078413386263	2112	394
rice_strat	wilcoxon	rarefied	real_perm	62	2804	0	0	0	1.64133139885838	0.928720271278191	10382	394
rice_strat	wilcoxon	rarefied	real_perm	63	2810	0	0	0	1.5986689723838	0.989454499148401	10382	394
rice_strat	wilcoxon	rarefied	real_perm	64	2807	0	0	0	1.62613173677765	0.975507436087498	2112	394
rice_strat	wilcoxon	rarefied	real_perm	65	2853	0	0	0	1.64029582673006	0.986740524966971	2112	394
rice_strat	wilcoxon	rarefied	real_perm	66	2807	0	0	0	1.63059803529733	0.984880953322316	10382	394
rice_strat	wilcoxon	rarefied	real_perm	67	2845	0	0	0	1.66021910861155	1.04945730675581	2112	394
rice_strat	wilcoxon	rarefied	real_perm	68	2769	0	0	0	1.60983913166826	0.982208520890129	2112	394
rice_strat	wilcoxon	rarefied	real_perm	69	2811	0	0	0	1.65560860205887	0.993661143520236	10382	394
rice_strat	wilcoxon	rarefied	real_perm	70	2745	0	0	0	1.62347669678683	0.97582828769232	2112	394
rice_strat	wilcoxon	rarefied	real_perm	71	2864	1	0.000349162011173184	1	1.58884937238494	0.980584862563513	10382	394
rice_strat	wilcoxon	rarefied	real_perm	72	2841	0	0	0	1.64700774142989	0.996705634005533	10382	394
rice_strat	wilcoxon	rarefied	real_perm	73	2744	0	0	0	1.64238623572922	0.974207184800833	2112	394
rice_strat	wilcoxon	rarefied	real_perm	74	2806	0	0	0	1.60747447828687	0.963898694372081	2112	394
rice_strat	wilcoxon	rarefied	real_perm	75	2833	0	0	0	1.61497668081539	1.04552615764427	2112	394
rice_strat	wilcoxon	rarefied	real_perm	76	2881	0	0	0	1.6797942976175	1.07551518097329	2112	394
rice_strat	wilcoxon	rarefied	real_perm	77	2778	0	0	0	1.59930244457672	1.02143162962783	2112	394
rice_strat	wilcoxon	rarefied	real_perm	78	2808	0	0	0	1.64112185194607	0.948853325824417	10382	394
rice_strat	wilcoxon	rarefied	real_perm	79	2775	0	0	0	1.65732640346063	1.01947254690109	2112	394
rice_strat	wilcoxon	rarefied	real_perm	80	2779	0	0	0	1.65351171280479	1.02175335831274	10382	394
rice_strat	wilcoxon	rarefied	real_perm	81	2856	0	0	0	1.64484621106763	1.01837743811104	2112	394
rice_strat	wilcoxon	rarefied	real_perm	82	2757	0	0	0	1.59273699103914	0.957190373703776	2112	394
rice_strat	wilcoxon	rarefied	real_perm	83	2798	0	0	0	1.60520821311286	0.97565007911953	2112	394
rice_strat	wilcoxon	rarefied	real_perm	84	2810	0	0	0	1.61823403325495	0.981548722903583	2112	394
rice_strat	wilcoxon	rarefied	real_perm	85	2766	0	0	0	1.58912059385124	0.90863299394014	2112	394
rice_strat	wilcoxon	rarefied	real_perm	86	2796	0	0	0	1.58462542336016	0.991625118383257	2112	394
rice_strat	wilcoxon	rarefied	real_perm	87	2807	0	0	0	1.60725081783925	1.04776682438478	10382	394
rice_strat	wilcoxon	rarefied	real_perm	88	2844	0	0	0	1.61351659007547	1.02661363342388	2112	394
rice_strat	wilcoxon	rarefied	real_perm	89	2838	0	0	0	1.62225472738065	1.02696162029593	2112	394
rice_strat	wilcoxon	rarefied	real_perm	90	2756	0	0	0	1.62234849294	1.07890515509177	2112	394
rice_strat	wilcoxon	rarefied	real_perm	91	2767	0	0	0	1.64864254124027	0.987479894278255	2112	394
rice_strat	wilcoxon	rarefied	real_perm	92	2867	0	0	0	1.58717457807005	1.08487837221831	10382	394
rice_strat	wilcoxon	rarefied	real_perm	93	2766	0	0	0	1.63986183297285	0.997385810761746	14853	394
rice_strat	wilcoxon	rarefied	real_perm	94	2802	0	0	0	1.66060995872863	0.914419936195646	2112	394
rice_strat	wilcoxon	rarefied	real_perm	95	2852	0	0	0	1.63462113765546	1.04322448847239	2112	394
rice_strat	wilcoxon	rarefied	real_perm	96	2805	0	0	0	1.62929384295	0.97043600452789	2112	394
rice_strat	wilcoxon	rarefied	real_perm	97	2803	0	0	0	1.60035952160766	0.970728292393972	2112	394
rice_strat	wilcoxon	rarefied	real_perm	98	2753	0	0	0	1.67021438180792	1.02212414694945	2112	394
rice_strat	wilcoxon	rarefied	real_perm	99	2804	0	0	0	1.61351659007547	1.04233908629442	2112	394
rice_strat	wilcoxon	rarefied	real_perm	100	2819	0	0	0	1.601785488427	1.01746988436562	10382	394
rice_strat	wilcoxon	raw	real_depth	1	2782	738	0.265276779295471	1	1.6392285832881	0.974387758351645	2112	394
rice_strat	wilcoxon	raw	real_depth	2	2813	589	0.209384998222538	1	1.64130735949189	0.97252562791315	2112	394
rice_strat	wilcoxon	raw	real_depth	3	2781	599	0.215390147428982	1	1.60775116994814	1.00771245634459	2112	394
rice_strat	wilcoxon	raw	real_depth	4	2815	714	0.253641207815275	1	1.65524654895324	0.918625540466476	2112	394
rice_strat	wilcoxon	raw	real_depth	5	2808	602	0.214387464387464	1	1.61884801468135	1.05856209150327	10382	394
rice_strat	wilcoxon	raw	real_depth	6	2834	608	0.21453775582216	1	1.62270083320233	1.00623179408815	10382	394
rice_strat	wilcoxon	raw	real_depth	7	2791	570	0.204227875313508	1	1.5892973290531	1.03148518896833	16016	394
rice_strat	wilcoxon	raw	real_depth	8	2748	569	0.207059679767103	1	1.66095956251469	1.1162002426036	2112	394
rice_strat	wilcoxon	raw	real_depth	9	2862	597	0.208595387840671	1	1.59581610767461	1.09072076103349	2112	394
rice_strat	wilcoxon	raw	real_depth	10	2729	555	0.203371198241114	1	1.60265367604641	0.958762968305422	10382	394
rice_strat	wilcoxon	raw	real_depth	11	2747	672	0.244630506006553	1	1.63640441757631	0.989252501850243	2112	394
rice_strat	wilcoxon	raw	real_depth	12	2812	652	0.231863442389758	1	1.62373832165499	0.963829326402426	2112	394
rice_strat	wilcoxon	raw	real_depth	13	2791	707	0.253314224292368	1	1.60404548551066	1.04824706366033	10382	394
rice_strat	wilcoxon	raw	real_depth	14	2787	505	0.181198421241478	1	1.58361574214938	1.03562781612403	2112	394
rice_strat	wilcoxon	raw	real_depth	15	2766	863	0.312002892263196	1	1.62118885488261	1.02390863313423	2112	394
rice_strat	wilcoxon	raw	real_depth	16	2803	533	0.19015340706386	1	1.60688692805657	0.998401189515001	2112	394
rice_strat	wilcoxon	raw	real_depth	17	2850	591	0.207368421052632	1	1.65239418031653	1.02409940499289	2112	394
rice_strat	wilcoxon	raw	real_depth	18	2846	613	0.215390021082221	1	1.58774825761149	1.00674411969822	14853	394
rice_strat	wilcoxon	raw	real_depth	19	2755	530	0.192377495462795	1	1.66142466634507	0.974545249306586	2112	394
rice_strat	wilcoxon	raw	real_depth	20	2824	699	0.247521246458924	1	1.6059496996997	0.924009047824214	10382	394
rice_strat	wilcoxon	raw	real_depth	21	2804	460	0.164051355206847	1	1.56135305679115	0.9539840699188	2112	394
rice_strat	wilcoxon	raw	real_depth	22	2780	846	0.30431654676259	1	1.62347669678683	1.01837130822078	2112	394
rice_strat	wilcoxon	raw	real_depth	23	2838	514	0.181113460183228	1	1.62841644720966	0.955640848172151	10382	394
rice_strat	wilcoxon	raw	real_depth	24	2794	685	0.245168217609162	1	1.60257424094229	1.0104238112708	2112	394
rice_strat	wilcoxon	raw	real_depth	25	2777	606	0.218221101908534	1	1.59612627789927	1.10103369194968	2112	394
rice_strat	wilcoxon	raw	real_depth	26	2799	814	0.29081814933905	1	1.62023573765978	0.956891416192797	14853	394
rice_strat	wilcoxon	raw	real_depth	27	2762	667	0.241491672700941	1	1.61990155451314	0.98731728288908	2112	394
rice_strat	wilcoxon	raw	real_depth	28	2760	551	0.19963768115942	1	1.60940197189363	1.07567150687885	2112	394
rice_strat	wilcoxon	raw	real_depth	29	2707	779	0.28777244181751	1	1.65423736057096	1.03133691671493	2112	394
rice_strat	wilcoxon	raw	real_depth	30	2763	559	0.202316322837495	1	1.6444090460865	1.0006044195155	2112	394
rice_strat	wilcoxon	raw	real_depth	31	2788	669	0.239956958393113	1	1.62783784632454	1.05090279818461	2112	394
rice_strat	wilcoxon	raw	real_depth	32	2758	713	0.258520667150109	1	1.65595434910138	0.973149029573044	2112	394
rice_strat	wilcoxon	raw	real_depth	33	2797	650	0.23239184840901	1	1.6262961686664	0.975837904190686	2112	394
rice_strat	wilcoxon	raw	real_depth	34	2790	835	0.299283154121864	1	1.65732640346063	1.03642184345364	2112	394
rice_strat	wilcoxon	raw	real_depth	35	2769	852	0.307692307692308	1	1.67377125176537	0.99973452181748	2112	394
rice_strat	wilcoxon	raw	real_depth	36	2876	578	0.200973574408901	1	1.61430397240204	1.0633926088308	2112	394
rice_strat	wilcoxon	raw	real_depth	37	2826	600	0.212314225053079	1	1.66117479272433	1.0403654822335	2112	394
rice_strat	wilcoxon	raw	real_depth	38	2833	622	0.219555241793152	1	1.62944401431292	0.952398904413122	2112	394
rice_strat	wilcoxon	raw	real_depth	39	2816	606	0.215198863636364	1	1.62166115492241	1.06392765582109	2112	394
rice_strat	wilcoxon	raw	real_depth	40	2833	480	0.169431697846806	1	1.63243769022393	0.986782893287598	2112	394
rice_strat	wilcoxon	raw	real_depth	41	2810	713	0.25373665480427	1	1.61141378657523	1.07380299881604	10382	394
rice_strat	wilcoxon	raw	real_depth	42	2743	596	0.217280349981772	1	1.60775116994814	1.05044195736996	2112	394
rice_strat	wilcoxon	raw	real_depth	43	2827	705	0.249380969225327	1	1.61520705899634	1.00897232660878	2112	394
rice_strat	wilcoxon	raw	real_depth	44	2831	560	0.197809961144472	1	1.61885652778213	1.03556299314448	2112	394
rice_strat	wilcoxon	raw	real_depth	45	2824	630	0.223087818696884	1	1.61990155451314	1.02845201088795	10382	394
rice_strat	wilcoxon	raw	real_depth	46	2845	704	0.247451669595782	1	1.61141378657523	1.03965824941655	2112	394
rice_strat	wilcoxon	raw	real_depth	47	2834	734	0.258997882851094	1	1.6104378218518	1.02612667334559	2112	394
rice_strat	wilcoxon	raw	real_depth	48	2734	608	0.222384784198976	1	1.62482714262743	1.00593960327324	2112	394
rice_strat	wilcoxon	raw	real_depth	49	2727	431	0.158049138247158	1	1.6025039778913	0.995523974710457	2112	394
rice_strat	wilcoxon	raw	real_depth	50	2849	689	0.241839241839242	1	1.62714457894461	0.960323444328184	10382	394
rice_strat	wilcoxon	raw	real_depth	51	2821	781	0.276852180077987	1	1.65881286331396	0.973156820271471	10382	394
rice_strat	wilcoxon	raw	real_depth	52	2766	605	0.218727404193782	1	1.62098838971272	0.985235846066062	2112	394
rice_strat	wilcoxon	raw	real_depth	53	2824	672	0.237960339943343	1	1.621367333939	0.988930090948124	10382	394
rice_strat	wilcoxon	raw	real_depth	54	2807	785	0.279657997862487	1	1.65061409179056	0.99506921598121	2112	394
rice_strat	wilcoxon	raw	real_depth	55	2752	627	0.227834302325581	1	1.62347669678683	1.017383488094	2112	394
rice_strat	wilcoxon	raw	real_depth	56	2775	504	0.181621621621622	1	1.60940197189363	0.99672621680971	2112	394
rice_strat	wilcoxon	raw	real_depth	57	2824	495	0.17528328611898	1	1.62415152409461	1.01549956026755	14853	394
rice_strat	wilcoxon	raw	real_depth	58	2788	631	0.226327116212339	1	1.63967932900548	0.997916222680022	10382	394
rice_strat	wilcoxon	raw	real_depth	59	2844	501	0.176160337552743	1	1.61476512934441	1.03811976292663	2112	394
rice_strat	wilcoxon	raw	real_depth	60	2845	549	0.192970123022847	1	1.58983941120904	0.980175640995456	2112	394
rice_strat	wilcoxon	raw	real_depth	61	2788	398	0.142754662840746	1	1.59184116418959	0.998078413386263	2112	394
rice_strat	wilcoxon	raw	real_depth	62	2804	584	0.208273894436519	1	1.64133139885838	0.928720271278191	10382	394
rice_strat	wilcoxon	raw	real_depth	63	2810	830	0.295373665480427	1	1.5986689723838	0.989454499148401	10382	394
rice_strat	wilcoxon	raw	real_depth	64	2807	749	0.266832917705736	1	1.62613173677765	0.975507436087498	2112	394
rice_strat	wilcoxon	raw	real_depth	65	2853	452	0.158429723098493	1	1.64029582673006	0.986740524966971	2112	394
rice_strat	wilcoxon	raw	real_depth	66	2807	557	0.198432490203064	1	1.63059803529733	0.984880953322316	10382	394
rice_strat	wilcoxon	raw	real_depth	67	2845	728	0.255887521968366	1	1.66021910861155	1.04945730675581	2112	394
rice_strat	wilcoxon	raw	real_depth	68	2769	700	0.25279884434814	1	1.60983913166826	0.982208520890129	2112	394
rice_strat	wilcoxon	raw	real_depth	69	2811	635	0.225898256848097	1	1.65560860205887	0.993661143520236	10382	394
rice_strat	wilcoxon	raw	real_depth	70	2745	655	0.238615664845173	1	1.62347669678683	0.97582828769232	2112	394
rice_strat	wilcoxon	raw	real_depth	71	2864	501	0.174930167597765	1	1.58884937238494	0.980584862563513	10382	394
rice_strat	wilcoxon	raw	real_depth	72	2841	520	0.183034142907427	1	1.64700774142989	0.996705634005533	10382	394
rice_strat	wilcoxon	raw	real_depth	73	2744	486	0.177113702623907	1	1.64238623572922	0.974207184800833	2112	394
rice_strat	wilcoxon	raw	real_depth	74	2806	565	0.201354240912331	1	1.60747447828687	0.963898694372081	2112	394
rice_strat	wilcoxon	raw	real_depth	75	2833	504	0.177903282739146	1	1.61497668081539	1.04552615764427	2112	394
rice_strat	wilcoxon	raw	real_depth	76	2881	877	0.304408191600139	1	1.6797942976175	1.07551518097329	2112	394
rice_strat	wilcoxon	raw	real_depth	77	2778	538	0.193664506839453	1	1.59930244457672	1.02143162962783	2112	394
rice_strat	wilcoxon	raw	real_depth	78	2808	634	0.225783475783476	1	1.64112185194607	0.948853325824417	10382	394
rice_strat	wilcoxon	raw	real_depth	79	2775	415	0.14954954954955	1	1.65732640346063	1.01947254690109	2112	394
rice_strat	wilcoxon	raw	real_depth	80	2779	582	0.209427851745232	1	1.65351171280479	1.02175335831274	10382	394
rice_strat	wilcoxon	raw	real_depth	81	2856	474	0.165966386554622	1	1.64484621106763	1.01837743811104	2112	394
rice_strat	wilcoxon	raw	real_depth	82	2757	666	0.241566920565832	1	1.59273699103914	0.957190373703776	2112	394
rice_strat	wilcoxon	raw	real_depth	83	2798	719	0.256969263759828	1	1.60520821311286	0.97565007911953	2112	394
rice_strat	wilcoxon	raw	real_depth	84	2810	660	0.234875444839858	1	1.61823403325495	0.981548722903583	2112	394
rice_strat	wilcoxon	raw	real_depth	85	2766	552	0.199566160520607	1	1.58912059385124	0.90863299394014	2112	394
rice_strat	wilcoxon	raw	real_depth	86	2796	570	0.203862660944206	1	1.58462542336016	0.991625118383257	2112	394
rice_strat	wilcoxon	raw	real_depth	87	2807	622	0.221588884930531	1	1.60725081783925	1.04776682438478	10382	394
rice_strat	wilcoxon	raw	real_depth	88	2844	510	0.179324894514768	1	1.61351659007547	1.02661363342388	2112	394
rice_strat	wilcoxon	raw	real_depth	89	2838	744	0.26215644820296	1	1.62225472738065	1.02696162029593	2112	394
rice_strat	wilcoxon	raw	real_depth	90	2756	645	0.234034833091437	1	1.62234849294	1.07890515509177	2112	394
rice_strat	wilcoxon	raw	real_depth	91	2767	508	0.183592338272497	1	1.64864254124027	0.987479894278255	2112	394
rice_strat	wilcoxon	raw	real_depth	92	2867	729	0.254272758981514	1	1.58717457807005	1.08487837221831	10382	394
rice_strat	wilcoxon	raw	real_depth	93	2766	945	0.341648590021692	1	1.63986183297285	0.997385810761746	14853	394
rice_strat	wilcoxon	raw	real_depth	94	2802	770	0.274803711634547	1	1.66060995872863	0.914419936195646	2112	394
rice_strat	wilcoxon	raw	real_depth	95	2852	695	0.243688639551192	1	1.63462113765546	1.04322448847239	2112	394
rice_strat	wilcoxon	raw	real_depth	96	2805	377	0.134402852049911	1	1.62929384295	0.97043600452789	2112	394
rice_strat	wilcoxon	raw	real_depth	97	2803	516	0.18408847663218	1	1.60035952160766	0.970728292393972	2112	394
rice_strat	wilcoxon	raw	real_depth	98	2753	929	0.337450054486015	1	1.67021438180792	1.02212414694945	2112	394
rice_strat	wilcoxon	raw	real_depth	99	2804	635	0.226462196861626	1	1.61351659007547	1.04233908629442	2112	394
rice_strat	wilcoxon	raw	real_depth	100	2819	511	0.181269953884356	1	1.601785488427	1.01746988436562	10382	394
rice_strat	wilcoxon	raw	real_perm	1	2782	0	0	0	1.6392285832881	0.974387758351645	2112	394
rice_strat	wilcoxon	raw	real_perm	2	2813	0	0	0	1.64130735949189	0.97252562791315	2112	394
rice_strat	wilcoxon	raw	real_perm	3	2781	0	0	0	1.60775116994814	1.00771245634459	2112	394
rice_strat	wilcoxon	raw	real_perm	4	2815	0	0	0	1.65524654895324	0.918625540466476	2112	394
rice_strat	wilcoxon	raw	real_perm	5	2808	0	0	0	1.61884801468135	1.05856209150327	10382	394
rice_strat	wilcoxon	raw	real_perm	6	2834	0	0	0	1.62270083320233	1.00623179408815	10382	394
rice_strat	wilcoxon	raw	real_perm	7	2791	0	0	0	1.5892973290531	1.03148518896833	16016	394
rice_strat	wilcoxon	raw	real_perm	8	2748	0	0	0	1.66095956251469	1.1162002426036	2112	394
rice_strat	wilcoxon	raw	real_perm	9	2862	0	0	0	1.59581610767461	1.09072076103349	2112	394
rice_strat	wilcoxon	raw	real_perm	10	2729	0	0	0	1.60265367604641	0.958762968305422	10382	394
rice_strat	wilcoxon	raw	real_perm	11	2747	0	0	0	1.63640441757631	0.989252501850243	2112	394
rice_strat	wilcoxon	raw	real_perm	12	2812	1	0.000355618776671408	1	1.62373832165499	0.963829326402426	2112	394
rice_strat	wilcoxon	raw	real_perm	13	2791	0	0	0	1.60404548551066	1.04824706366033	10382	394
rice_strat	wilcoxon	raw	real_perm	14	2787	0	0	0	1.58361574214938	1.03562781612403	2112	394
rice_strat	wilcoxon	raw	real_perm	15	2766	0	0	0	1.62118885488261	1.02390863313423	2112	394
rice_strat	wilcoxon	raw	real_perm	16	2803	0	0	0	1.60688692805657	0.998401189515001	2112	394
rice_strat	wilcoxon	raw	real_perm	17	2850	0	0	0	1.65239418031653	1.02409940499289	2112	394
rice_strat	wilcoxon	raw	real_perm	18	2846	0	0	0	1.58774825761149	1.00674411969822	14853	394
rice_strat	wilcoxon	raw	real_perm	19	2755	0	0	0	1.66142466634507	0.974545249306586	2112	394
rice_strat	wilcoxon	raw	real_perm	20	2824	0	0	0	1.6059496996997	0.924009047824214	10382	394
rice_strat	wilcoxon	raw	real_perm	21	2804	0	0	0	1.56135305679115	0.9539840699188	2112	394
rice_strat	wilcoxon	raw	real_perm	22	2780	0	0	0	1.62347669678683	1.01837130822078	2112	394
rice_strat	wilcoxon	raw	real_perm	23	2838	0	0	0	1.62841644720966	0.955640848172151	10382	394
rice_strat	wilcoxon	raw	real_perm	24	2794	2	0.000715819613457409	1	1.60257424094229	1.0104238112708	2112	394
rice_strat	wilcoxon	raw	real_perm	25	2777	0	0	0	1.59612627789927	1.10103369194968	2112	394
rice_strat	wilcoxon	raw	real_perm	26	2799	0	0	0	1.62023573765978	0.956891416192797	14853	394
rice_strat	wilcoxon	raw	real_perm	27	2762	0	0	0	1.61990155451314	0.98731728288908	2112	394
rice_strat	wilcoxon	raw	real_perm	28	2760	0	0	0	1.60940197189363	1.07567150687885	2112	394
rice_strat	wilcoxon	raw	real_perm	29	2707	0	0	0	1.65423736057096	1.03133691671493	2112	394
rice_strat	wilcoxon	raw	real_perm	30	2763	0	0	0	1.6444090460865	1.0006044195155	2112	394
rice_strat	wilcoxon	raw	real_perm	31	2788	0	0	0	1.62783784632454	1.05090279818461	2112	394
rice_strat	wilcoxon	raw	real_perm	32	2758	0	0	0	1.65595434910138	0.973149029573044	2112	394
rice_strat	wilcoxon	raw	real_perm	33	2797	0	0	0	1.6262961686664	0.975837904190686	2112	394
rice_strat	wilcoxon	raw	real_perm	34	2790	0	0	0	1.65732640346063	1.03642184345364	2112	394
rice_strat	wilcoxon	raw	real_perm	35	2769	0	0	0	1.67377125176537	0.99973452181748	2112	394
rice_strat	wilcoxon	raw	real_perm	36	2876	0	0	0	1.61430397240204	1.0633926088308	2112	394
rice_strat	wilcoxon	raw	real_perm	37	2826	0	0	0	1.66117479272433	1.0403654822335	2112	394
rice_strat	wilcoxon	raw	real_perm	38	2833	0	0	0	1.62944401431292	0.952398904413122	2112	394
rice_strat	wilcoxon	raw	real_perm	39	2816	0	0	0	1.62166115492241	1.06392765582109	2112	394
rice_strat	wilcoxon	raw	real_perm	40	2833	0	0	0	1.63243769022393	0.986782893287598	2112	394
rice_strat	wilcoxon	raw	real_perm	41	2810	0	0	0	1.61141378657523	1.07380299881604	10382	394
rice_strat	wilcoxon	raw	real_perm	42	2743	0	0	0	1.60775116994814	1.05044195736996	2112	394
rice_strat	wilcoxon	raw	real_perm	43	2827	0	0	0	1.61520705899634	1.00897232660878	2112	394
rice_strat	wilcoxon	raw	real_perm	44	2831	0	0	0	1.61885652778213	1.03556299314448	2112	394
rice_strat	wilcoxon	raw	real_perm	45	2824	1	0.000354107648725212	1	1.61990155451314	1.02845201088795	10382	394
rice_strat	wilcoxon	raw	real_perm	46	2845	0	0	0	1.61141378657523	1.03965824941655	2112	394
rice_strat	wilcoxon	raw	real_perm	47	2834	0	0	0	1.6104378218518	1.02612667334559	2112	394
rice_strat	wilcoxon	raw	real_perm	48	2734	0	0	0	1.62482714262743	1.00593960327324	2112	394
rice_strat	wilcoxon	raw	real_perm	49	2727	0	0	0	1.6025039778913	0.995523974710457	2112	394
rice_strat	wilcoxon	raw	real_perm	50	2849	0	0	0	1.62714457894461	0.960323444328184	10382	394
rice_strat	wilcoxon	raw	real_perm	51	2821	0	0	0	1.65881286331396	0.973156820271471	10382	394
rice_strat	wilcoxon	raw	real_perm	52	2766	0	0	0	1.62098838971272	0.985235846066062	2112	394
rice_strat	wilcoxon	raw	real_perm	53	2824	0	0	0	1.621367333939	0.988930090948124	10382	394
rice_strat	wilcoxon	raw	real_perm	54	2807	0	0	0	1.65061409179056	0.99506921598121	2112	394
rice_strat	wilcoxon	raw	real_perm	55	2752	0	0	0	1.62347669678683	1.017383488094	2112	394
rice_strat	wilcoxon	raw	real_perm	56	2775	0	0	0	1.60940197189363	0.99672621680971	2112	394
rice_strat	wilcoxon	raw	real_perm	57	2824	0	0	0	1.62415152409461	1.01549956026755	14853	394
rice_strat	wilcoxon	raw	real_perm	58	2788	0	0	0	1.63967932900548	0.997916222680022	10382	394
rice_strat	wilcoxon	raw	real_perm	59	2844	0	0	0	1.61476512934441	1.03811976292663	2112	394
rice_strat	wilcoxon	raw	real_perm	60	2845	0	0	0	1.58983941120904	0.980175640995456	2112	394
rice_strat	wilcoxon	raw	real_perm	61	2788	0	0	0	1.59184116418959	0.998078413386263	2112	394
rice_strat	wilcoxon	raw	real_perm	62	2804	0	0	0	1.64133139885838	0.928720271278191	10382	394
rice_strat	wilcoxon	raw	real_perm	63	2810	0	0	0	1.5986689723838	0.989454499148401	10382	394
rice_strat	wilcoxon	raw	real_perm	64	2807	0	0	0	1.62613173677765	0.975507436087498	2112	394
rice_strat	wilcoxon	raw	real_perm	65	2853	0	0	0	1.64029582673006	0.986740524966971	2112	394
rice_strat	wilcoxon	raw	real_perm	66	2807	0	0	0	1.63059803529733	0.984880953322316	10382	394
rice_strat	wilcoxon	raw	real_perm	67	2845	0	0	0	1.66021910861155	1.04945730675581	2112	394
rice_strat	wilcoxon	raw	real_perm	68	2769	0	0	0	1.60983913166826	0.982208520890129	2112	394
rice_strat	wilcoxon	raw	real_perm	69	2811	0	0	0	1.65560860205887	0.993661143520236	10382	394
rice_strat	wilcoxon	raw	real_perm	70	2745	0	0	0	1.62347669678683	0.97582828769232	2112	394
rice_strat	wilcoxon	raw	real_perm	71	2864	0	0	0	1.58884937238494	0.980584862563513	10382	394
rice_strat	wilcoxon	raw	real_perm	72	2841	0	0	0	1.64700774142989	0.996705634005533	10382	394
rice_strat	wilcoxon	raw	real_perm	73	2744	0	0	0	1.64238623572922	0.974207184800833	2112	394
rice_strat	wilcoxon	raw	real_perm	74	2806	0	0	0	1.60747447828687	0.963898694372081	2112	394
rice_strat	wilcoxon	raw	real_perm	75	2833	0	0	0	1.61497668081539	1.04552615764427	2112	394
rice_strat	wilcoxon	raw	real_perm	76	2881	0	0	0	1.6797942976175	1.07551518097329	2112	394
rice_strat	wilcoxon	raw	real_perm	77	2778	0	0	0	1.59930244457672	1.02143162962783	2112	394
rice_strat	wilcoxon	raw	real_perm	78	2808	0	0	0	1.64112185194607	0.948853325824417	10382	394
rice_strat	wilcoxon	raw	real_perm	79	2775	0	0	0	1.65732640346063	1.01947254690109	2112	394
rice_strat	wilcoxon	raw	real_perm	80	2779	0	0	0	1.65351171280479	1.02175335831274	10382	394
rice_strat	wilcoxon	raw	real_perm	81	2856	0	0	0	1.64484621106763	1.01837743811104	2112	394
rice_strat	wilcoxon	raw	real_perm	82	2757	0	0	0	1.59273699103914	0.957190373703776	2112	394
rice_strat	wilcoxon	raw	real_perm	83	2798	0	0	0	1.60520821311286	0.97565007911953	2112	394
rice_strat	wilcoxon	raw	real_perm	84	2810	0	0	0	1.61823403325495	0.981548722903583	2112	394
rice_strat	wilcoxon	raw	real_perm	85	2766	0	0	0	1.58912059385124	0.90863299394014	2112	394
rice_strat	wilcoxon	raw	real_perm	86	2796	0	0	0	1.58462542336016	0.991625118383257	2112	394
rice_strat	wilcoxon	raw	real_perm	87	2807	0	0	0	1.60725081783925	1.04776682438478	10382	394
rice_strat	wilcoxon	raw	real_perm	88	2844	0	0	0	1.61351659007547	1.02661363342388	2112	394
rice_strat	wilcoxon	raw	real_perm	89	2838	0	0	0	1.62225472738065	1.02696162029593	2112	394
rice_strat	wilcoxon	raw	real_perm	90	2756	0	0	0	1.62234849294	1.07890515509177	2112	394
rice_strat	wilcoxon	raw	real_perm	91	2767	0	0	0	1.64864254124027	0.987479894278255	2112	394
rice_strat	wilcoxon	raw	real_perm	92	2867	0	0	0	1.58717457807005	1.08487837221831	10382	394
rice_strat	wilcoxon	raw	real_perm	93	2766	0	0	0	1.63986183297285	0.997385810761746	14853	394
rice_strat	wilcoxon	raw	real_perm	94	2802	0	0	0	1.66060995872863	0.914419936195646	2112	394
rice_strat	wilcoxon	raw	real_perm	95	2852	0	0	0	1.63462113765546	1.04322448847239	2112	394
rice_strat	wilcoxon	raw	real_perm	96	2805	0	0	0	1.62929384295	0.97043600452789	2112	394
rice_strat	wilcoxon	raw	real_perm	97	2803	0	0	0	1.60035952160766	0.970728292393972	2112	394
rice_strat	wilcoxon	raw	real_perm	98	2753	0	0	0	1.67021438180792	1.02212414694945	2112	394
rice_strat	wilcoxon	raw	real_perm	99	2804	0	0	0	1.61351659007547	1.04233908629442	2112	394
rice_strat	wilcoxon	raw	real_perm	100	2819	0	0	0	1.601785488427	1.01746988436562	10382	394
