sample-id,depth-10000_iter-1,depth-10000_iter-2,depth-10000_iter-3,depth-10000_iter-4,depth-10000_iter-5,depth-10000_iter-6,depth-10000_iter-7,depth-10000_iter-8,depth-10000_iter-9,depth-10000_iter-10,depth-16428_iter-1,depth-16428_iter-2,depth-16428_iter-3,depth-16428_iter-4,depth-16428_iter-5,depth-16428_iter-6,depth-16428_iter-7,depth-16428_iter-8,depth-16428_iter-9,depth-16428_iter-10,depth-22857_iter-1,depth-22857_iter-2,depth-22857_iter-3,depth-22857_iter-4,depth-22857_iter-5,depth-22857_iter-6,depth-22857_iter-7,depth-22857_iter-8,depth-22857_iter-9,depth-22857_iter-10,depth-29285_iter-1,depth-29285_iter-2,depth-29285_iter-3,depth-29285_iter-4,depth-29285_iter-5,depth-29285_iter-6,depth-29285_iter-7,depth-29285_iter-8,depth-29285_iter-9,depth-29285_iter-10,depth-35714_iter-1,depth-35714_iter-2,depth-35714_iter-3,depth-35714_iter-4,depth-35714_iter-5,depth-35714_iter-6,depth-35714_iter-7,depth-35714_iter-8,depth-35714_iter-9,depth-35714_iter-10,depth-42142_iter-1,depth-42142_iter-2,depth-42142_iter-3,depth-42142_iter-4,depth-42142_iter-5,depth-42142_iter-6,depth-42142_iter-7,depth-42142_iter-8,depth-42142_iter-9,depth-42142_iter-10,depth-48571_iter-1,depth-48571_iter-2,depth-48571_iter-3,depth-48571_iter-4,depth-48571_iter-5,depth-48571_iter-6,depth-48571_iter-7,depth-48571_iter-8,depth-48571_iter-9,depth-48571_iter-10,depth-55000_iter-1,depth-55000_iter-2,depth-55000_iter-3,depth-55000_iter-4,depth-55000_iter-5,depth-55000_iter-6,depth-55000_iter-7,depth-55000_iter-8,depth-55000_iter-9,depth-55000_iter-10,depth-61428_iter-1,depth-61428_iter-2,depth-61428_iter-3,depth-61428_iter-4,depth-61428_iter-5,depth-61428_iter-6,depth-61428_iter-7,depth-61428_iter-8,depth-61428_iter-9,depth-61428_iter-10,depth-67857_iter-1,depth-67857_iter-2,depth-67857_iter-3,depth-67857_iter-4,depth-67857_iter-5,depth-67857_iter-6,depth-67857_iter-7,depth-67857_iter-8,depth-67857_iter-9,depth-67857_iter-10,depth-74285_iter-1,depth-74285_iter-2,depth-74285_iter-3,depth-74285_iter-4,depth-74285_iter-5,depth-74285_iter-6,depth-74285_iter-7,depth-74285_iter-8,depth-74285_iter-9,depth-74285_iter-10,depth-80714_iter-1,depth-80714_iter-2,depth-80714_iter-3,depth-80714_iter-4,depth-80714_iter-5,depth-80714_iter-6,depth-80714_iter-7,depth-80714_iter-8,depth-80714_iter-9,depth-80714_iter-10,depth-87142_iter-1,depth-87142_iter-2,depth-87142_iter-3,depth-87142_iter-4,depth-87142_iter-5,depth-87142_iter-6,depth-87142_iter-7,depth-87142_iter-8,depth-87142_iter-9,depth-87142_iter-10,depth-93571_iter-1,depth-93571_iter-2,depth-93571_iter-3,depth-93571_iter-4,depth-93571_iter-5,depth-93571_iter-6,depth-93571_iter-7,depth-93571_iter-8,depth-93571_iter-9,depth-93571_iter-10,depth-100000_iter-1,depth-100000_iter-2,depth-100000_iter-3,depth-100000_iter-4,depth-100000_iter-5,depth-100000_iter-6,depth-100000_iter-7,depth-100000_iter-8,depth-100000_iter-9,depth-100000_iter-10,alias,batch,time_point,env_biome,env_feature,env_material,geo_loc_name
SRR1930804,1.7382815483965186,1.7841056279833014,1.7534131309398375,1.7801878008115772,1.7733001857679809,1.7719655403616548,1.7906106384495346,1.7836301708180968,1.7876616350078145,1.7710747907966748,1.7755157165843525,1.753384972545364,1.762658706537032,1.7764871559910804,1.7664162859595145,1.74911265649667,1.7494255614313357,1.757747079008107,1.7669752037811284,1.769415307106619,1.7926397367210667,1.7694678466620888,1.76492105312988,1.7703059623567552,1.780187350446481,1.7748197818073854,1.7618355272307566,1.7581574696821785,1.7599128115781553,1.768082083333736,1.7630622201382131,1.7845720821719817,1.7621873016542626,1.7822457697930103,1.7672947227992983,1.7790002872334971,1.7784125663846435,1.7739873078079729,1.7763509518187643,1.7769510190855082,1.7750683777558545,1.7659311632944024,1.7737086085979623,1.767034352823082,1.7709705425523912,1.7808521380758202,1.7756738305078643,1.7708716532416628,1.763211980893747,1.769726424492112,1.777025161233085,1.777782672199969,1.782631279708299,1.757676093307673,1.7675421897968984,1.7755312660889946,1.7743188776908063,1.771017354886626,1.7771634709302615,1.769824135852568,1.7706243576112015,1.7749108326996312,1.7755174844358597,1.765984191336929,1.778154972029978,1.7792801167811103,1.7685564380200882,1.775018584417149,1.7743522268895764,1.7704651309047597,1.774646436215269,1.764748446207312,1.7803016923512656,1.7657498448790567,1.778407039736001,1.7705428933487264,1.7737559215522996,1.7698866918990792,1.775267423939671,1.7737812482180877,,,,,,,,,,,,,,,,,,,,,,,,,,,,,,,,,,,,,,,,,,,,,,,,,,,,,,,,,,,,,,,,,,,,,,,A11-PS,A11,PS,anthropogenic environmental material,fermentation,fermentation mash,USA
SRR1930805,2.283882919444439,2.3193892038515567,2.2654322262097333,2.2740942220576943,2.279860978850893,2.2834084153341467,2.273217938790633,2.256612493398821,2.260198092194362,2.2793521943376884,2.2956023990587946,2.2964198959667543,2.2980114387912867,2.295680410172694,2.291110589907728,2.2804726645026068,2.2868286673056195,2.2840757049460145,2.2886194670070488,2.277952198911961,2.292174666643764,2.2936892379393816,2.293219199413662,2.292960619414332,2.29625903308603,2.2882771743467063,2.2747980438538646,2.2849729683792246,2.2861068504922533,2.3013380022323657,2.301229250369089,2.2915727828068597,2.2888622285091347,2.279074966614046,2.2956908250554062,2.287019238367014,2.2936983381174407,2.291281778551727,2.282673132695167,2.290554679369767,2.27491353888294,2.2900947045099587,2.2885063829907315,2.29153328567205,2.286920558709705,2.2815021661655925,2.283888951808489,2.299228548889407,2.2880869735798046,2.303714892181416,2.2987929750472995,2.297744600366846,2.2860487296595102,2.2765204121381672,2.285455075889909,2.2891470507033485,2.289033696907783,2.291629939559532,2.296272997082488,2.293351369060019,2.29065380790524,2.2832531468687165,2.2916415597853685,2.287810479868551,2.2960958287113464,2.287881696843524,2.288068670112569,2.2901393095588256,2.293986118209578,2.2878923104360536,2.2956189876162374,2.289885810981977,2.284774616426109,2.2975913519462896,2.2929526717505047,2.288210978827874,2.291160539479645,2.2815609823310097,2.285575773094653,2.2822106260259707,2.282251227814479,2.2939448194892598,2.2884867970879004,2.295783862299944,2.285520838392386,2.294661479574913,2.280767220471909,2.288206983250494,2.286739539374191,2.298279702554943,2.298508438415341,2.287647375302347,2.287471531395899,2.288058064404523,2.2868232554718797,2.2946912456395765,2.289067884673168,2.294699508721135,2.298069890868017,2.2937008211070333,2.294026948451654,2.2863392295266,2.296975284467841,2.2914039001019537,2.293665721810976,2.290907119729099,2.2868891407690017,2.2904922637910627,2.2893379950001607,2.286770509228266,2.293054254458639,2.290068330725912,2.2866822799366204,2.296961385006839,2.2800309242295325,2.2921596674439666,2.288170161874468,2.291896133624744,2.2867785365059654,2.28727733038658,2.2868612267752164,2.2846410323187243,2.29111261519526,2.2930968565386767,2.286745220243528,2.2896988286479942,2.2911116704324845,2.291023246013296,2.2866307111188107,2.2889436449517704,2.2913422609273093,2.293322563067097,2.2913892186471774,2.2903400175054545,2.2887734843884577,2.2881037312137664,2.292486823282698,2.2889374314677675,2.290367335815682,2.2890635853837167,2.291063862526047,2.2911176807610403,2.2878763965948496,2.289697996315342,2.2900925401553365,2.2885349387260394,2.288655935290502,2.288087397971761,2.292156715456168,2.2912583097336454,A11-10,A11,10,anthropogenic environmental material,fermentation,fermentation mash,USA
SRR1930806,1.5041997049649516,1.4788438747131063,1.4936263682754736,1.4828120347942793,1.5211621116888774,1.4677691784624975,1.5059003909372384,1.4809554839790748,1.4866498143552132,1.5113879662166552,1.5132080675264965,1.4810673131874912,1.5099693252613786,1.5176740987176915,1.5008606661142232,1.4928484886465547,1.4909317819128605,1.5189152292458166,1.4898145554118671,1.4898473427638343,1.5033732875500667,1.5087672774836542,1.5014438081912882,1.5132737040704378,1.470259624645905,1.4917290374642065,1.517978993846692,1.48954746398273,1.488894339566091,1.4948132127511802,1.4851869063302607,1.509332490910786,1.5051391408027364,1.5025940805308862,1.523437813953393,1.48359272920287,1.4891839426304891,1.4882109712268252,1.4974291612935655,1.5157954171567,1.4954634807885352,1.491224230352936,1.4969398494973245,1.498220614665704,1.495944981448308,1.5055067230561423,1.499879523715173,1.5099882984099449,1.5107212465043978,1.505825878842989,1.4825615961150762,1.5138839046084442,1.5006244830399127,1.5094845995766624,1.519052486514763,1.5004744984649072,1.5065945288188989,1.5094209960505365,1.5093844351563075,1.4941134372790683,1.5134013674133966,1.4894520194057297,1.510611659092284,1.5053984551967663,1.516300120951492,1.5084304491726577,1.5046819403277338,1.4940840493462144,1.4996509918581793,1.501050056369796,1.5099813345013025,1.5036922101457713,1.5008868513247713,1.5099492533963892,1.5126757993509834,1.4916649265740258,1.4996025348247397,1.51493626617256,1.4904934106957834,1.4899745387342969,1.5030521473681695,1.5057262038128956,1.503912836261869,1.5052285222834711,1.5104756141891444,1.494881385466028,1.5019484586409837,1.507509729530705,1.5021686583165272,1.5032903533470068,1.5080744050463986,1.5050701999337202,1.5056566303479146,1.4983475600579632,1.5089682352831522,1.4996751990073176,1.5004528791375789,1.5133323736059356,1.5046228690473245,1.4962466413333044,1.4999134253037998,1.510559472883733,1.5024740861347388,1.5014869376017392,1.5065304457093802,1.5143582908176392,1.5035123359285336,1.4920034625232357,1.5042196116984,1.5037712475816616,1.4972865557754285,1.508723320551974,1.5051003300485752,1.4993704514172057,1.5098794078830269,1.5093981496482318,1.4970583684441323,1.507792729092758,1.5043039793421829,1.5005816416103537,1.496602782460014,1.5066647860018816,1.494486999116292,1.4984979964659395,1.4976989891162271,1.5010903482783335,1.5057052728574418,1.5027549130718465,1.5038508421503451,1.5035558703292833,1.5049194910680006,1.4946604575540472,1.5011389050359585,1.5045236577865224,1.5000264721684533,1.5098654325247127,1.505209850651949,1.4946912618012065,1.5047841878910269,1.5023147974873816,1.508034300595642,1.5074135178104435,1.5073889829483644,1.503463631679993,1.5009459082881744,1.5033809660666615,1.5058054586482092,1.5124766479933127,1.4949876776392192,1.509730039432901,A11-18,A11,18,anthropogenic environmental material,fermentation,fermentation mash,USA
SRR1930807,2.17893095728271,2.186961996520392,2.2148853712912904,2.2091114374275262,2.1877958626026794,2.197160096071775,2.222659047278912,2.2240568630517026,2.1988855325275125,2.230229759235281,2.197533369585934,2.2254135988264605,2.1963739768310715,2.197591641167903,2.196726376287439,2.199772128817698,2.2193495541089243,2.189641640371003,2.186024656403608,2.238000680888032,2.1794171951817765,2.2024262141972075,2.2014209376795644,2.198684596665415,2.20520857122563,2.1985621018364347,2.210018062121118,2.2109209619888213,2.1977463871838707,2.18935167188659,2.196080844714956,2.1973204778649107,2.206322927018285,2.203014050788814,2.2057784605481965,2.187452436668677,2.2078515859818264,2.1983215770039126,2.18763059128096,2.223527265084271,2.194314793071221,2.207555739810274,2.185792000415492,2.196640961440724,2.216740634086709,2.2074963525206224,2.203175703504068,2.197844158023678,2.2000130549854484,2.1931787408993557,2.2099017482554864,2.198094017429614,2.2098382001506294,2.2109848322514907,2.210313645919016,2.216392178148941,2.204014425170932,2.2019579297611327,2.2022350651382387,2.204654055706041,2.206198066390037,2.2019852575091985,2.202444589182799,2.209256454918447,2.212161235937854,2.21555203194568,2.2082305666635884,2.204675493534776,2.2036447857739105,2.2099103686552546,2.210185439960231,2.210561088082952,2.210938798597715,2.200877514133268,2.203912718983251,2.2062563632217422,2.2015923956358217,2.209872755946048,2.2026504677581578,2.2130754835402944,2.2138805067932537,2.207955947271357,2.1993397745652965,2.2061085220126,2.206041186060036,2.213382979516268,2.21461922713722,2.2074186661176074,2.204715145893418,2.201942461893992,2.2044516538847296,2.2107746742536,2.2001468238507984,2.2111318864989515,2.20589541793499,2.202026369060484,2.207759628409357,2.207622920088659,2.2090125726050505,2.2075540716081523,2.209365404969869,2.2087528865756307,2.2086768362806484,2.208898996339632,2.205825466620079,2.209270416466422,2.2069111863141715,2.203367682761219,2.206451625383875,2.204315233047353,2.2103232818310774,2.209052499912687,2.204299570189269,2.2056960361298543,2.2048450349708104,2.2053578093241333,2.206869574023906,2.2057489894517723,2.2072384106990666,2.203840825258293,,,,,,,,,,,,,,,,,,,,,,,,,,,,,,,A11-39,A11,39,anthropogenic environmental material,fermentation,fermentation mash,USA
SRR1930808,2.2390309647234306,2.219732657046577,2.2487507950251144,2.242200123179962,2.2135107171698367,2.2272323482225738,2.247259038881852,2.225482014756984,2.253400874450417,2.2853703164915946,2.249031705815282,2.2427022897767754,2.251044351739226,2.248602502950912,2.2499462969853625,2.258847563716803,2.256546091180158,2.2316911320875894,2.2343190235931614,2.2631759065259964,2.2375790006406477,2.2538640316658367,2.263274920312839,2.234605842551556,2.263882476383737,2.252089664989143,2.239492795891945,2.2562061288526376,2.2441157219583503,2.258327472609668,2.263086591276282,2.2482268786013098,2.247231650905088,2.2537046771230287,2.2750845797079813,2.2660897084661187,2.258241899008589,2.2493379596542797,2.257864307328099,2.242747875123337,2.2578376821809107,2.2676715891012926,2.2405310059796943,2.245790689752376,2.245151283743004,2.262309363380331,2.255497077238774,2.250331430554561,2.249080126541583,2.250647621682865,2.254828066193268,2.2634797487020077,2.23796346773168,2.2621837018847826,2.252525769271852,2.257659664052408,2.2508672928728006,2.257728773621485,2.2592098684997355,2.2475388289605864,2.2539928703972327,2.25835616253446,2.2528899340403328,2.245573749245873,2.2569656439130537,2.251497722112923,2.2536051234288763,2.2551367564971674,2.2534278664105045,2.246155981976352,2.251698611131592,2.2511915906666045,2.2516789567145428,2.257335928702615,2.2490914231853414,2.2684231147899,2.2498760859626983,2.2528044182780764,2.254051832284947,2.2490243518064887,2.2567134529386124,2.259382072970948,2.254543170741629,2.254390306636731,2.258455044868071,2.2559223467645517,2.252882269071352,2.254732699089272,2.2588934958630755,2.2529753330742173,2.2540258078610984,2.2492290213237185,2.2651576791220527,2.2545107765684813,2.255734721725551,2.249637658215974,2.250579845796332,2.2571887022118786,2.253995681375756,2.2593055052082955,2.2590468786006865,2.256969814807309,2.256147618439207,2.253297955970229,2.258598177244994,2.260449112190798,2.256895474926855,2.257524422940356,2.256281426139985,2.257443696970973,2.256782820140513,2.25796828679464,2.256410251709091,2.256102708380019,2.2562347775253357,2.253469756722051,2.2557136208647908,2.2532360451353264,2.254818942940298,2.256943103993634,,,,,,,,,,,,,,,,,,,,,,,,,,,,,,,A11-DR,A11,DR,anthropogenic environmental material,fermentation,fermentation mash,USA
SRR1930809,1.867160680778156,1.8046201916521187,1.7926923449418877,1.8395246549159487,1.8499726653392905,1.8347992759078935,1.8483820389531564,1.8363150475964944,1.8481540322768777,1.7971603100245477,1.828492758495403,1.844565837601288,1.8361220319078528,1.867564611638636,1.8356705571804903,1.8035787814720103,1.8107801095000016,1.831455037350637,1.8078042479216612,1.83366192347144,1.832580126182717,1.8171491922911696,1.860215084745608,1.8472596857724508,1.827071820790132,1.8417317805079223,1.8607801573061955,1.8595631503596108,1.8505557825944197,1.8710650267272104,1.849550447598788,1.8489536476746653,1.8489316208482165,1.857539386088086,1.8654867736448295,1.8346393897285544,1.8539645961322877,1.834979514373092,1.853578219874552,1.8483518320064636,1.8349457776957407,1.855711873048356,1.8556405508149116,1.8481545058689623,1.8511047530471507,1.8410803948832872,1.834681819774072,1.854483859047735,1.856444372430236,1.850510502189824,1.839770637089732,1.838408772114792,1.8184096188023915,1.851089947256613,1.8353895841662975,1.8461590033763573,1.8557584211482765,1.8477197755293315,1.8485143249375853,1.83515128208028,1.8548243942612648,1.8328458924241595,1.8402200984326975,1.8452630875733471,1.8375304531011831,1.8501777358008755,1.8550750131529148,1.8486592216205124,1.834646821284084,1.8511747461435468,1.8498909533787216,1.855345899447529,1.853160918163057,1.850920347258899,1.846459887321894,1.8597821821757887,1.8393586304789724,1.854532241848312,1.851542616337978,1.844631753475057,1.8517993767380356,1.8583166914819127,1.8501435525811656,1.8598457372700945,1.8440428906844524,1.8506192313354248,1.8474297924147696,1.8571876184696352,1.8460073628534464,1.847994205619544,1.840974927913657,1.860330792510425,1.854764036088595,1.8460735373656325,1.8460187886146424,1.8493794354092945,1.8600603369229736,1.844380675558654,1.8463509012724144,1.8497937606132908,1.8459914401644448,1.8608623106737212,1.859400661144592,1.8569438738390784,1.8534559733332487,1.8548877243715016,1.8529213077220208,1.8475756658400104,1.8551269304319404,1.8467755637689396,1.853152986172562,1.8475925622555531,1.8471250011826168,1.85121646083799,1.8529792728345376,1.8510210656142008,1.8552839031837205,1.8608218190607773,1.84971011184516,1.8482713796931816,1.855867708621389,1.8535102285909515,1.854174155329116,1.8461851093900452,1.8529369722588973,1.8478693690438,1.8518382655440584,1.8571086858506007,1.8505117438205565,1.8540493639998,1.849044889782288,1.854656671216039,1.850433710605928,1.8548535903237997,1.851056419213359,1.849537010443553,1.8562343656934128,1.8527201160017748,1.8543874916025855,1.85236353515865,1.850714509181553,1.8509893243819215,1.8549932942846008,1.8554559368501664,1.8575103818738543,1.8526573771875696,1.8514875354611304,1.8517903719132147,1.8493515302859125,1.8509982901677675,A12-PS,A12,PS,anthropogenic environmental material,fermentation,fermentation mash,USA
SRR1930810,1.942725993693624,1.913763713027629,1.9213338346885425,1.9220160447174688,1.9364317355670155,1.9434400542544663,1.9177171076851736,1.927252253963175,1.919591217700225,1.929102384764624,1.9280689676878653,1.930324034776333,1.937092478683062,1.9280828563863557,1.9334693331677928,1.9277813922868456,1.925287496257449,1.9350320584500484,1.9422100821740704,1.9255859545767269,1.933408183623344,1.9206069399233576,1.9403630770617064,1.938199329874243,1.924651755557573,1.933717255069498,1.9485834576700996,1.9455474241154995,1.94205538685281,1.926454002962092,1.9288437132988776,1.931054980776589,1.9308555678265655,1.9358255666746549,1.9283569867879904,1.9317565926992637,1.9338790692785328,1.917356807686837,1.9197434392387287,1.9419775192433697,1.9192562711948329,1.927801836969968,1.9399082169658464,1.922201662746284,1.9254798220601,1.9369730590465943,1.9288329661269277,1.9327152509803327,1.941228855222087,1.9280060648156632,1.929550433637309,1.9374528755529792,1.9283674260654309,1.9415733842189065,1.938778501655888,1.9318427644952456,1.9236296280454528,1.9347537223800464,1.9418674272230387,1.934039589715561,1.930915053398456,1.9340981562847104,1.92815858242046,1.9324541334106664,1.9337019737602192,1.9315688624686136,1.9310885048281785,1.9342630806501488,1.933421487137827,1.931019843340227,,,,,,,,,,,,,,,,,,,,,,,,,,,,,,,,,,,,,,,,,,,,,,,,,,,,,,,,,,,,,,,,,,,,,,,,,,,,,,,,,A12-10,A12,10,anthropogenic environmental material,fermentation,fermentation mash,USA
SRR1930811,2.195158773329654,2.161079001705515,2.193886590674728,2.1425490233078897,2.179154691078669,2.2026077665374606,2.176080092670885,2.1601799424071118,2.2517596428501774,2.1324458206912187,2.164855209310363,2.162568788173042,2.1972865735275344,2.2123701136858744,2.1569373489884587,2.206956802652751,2.1845653597070385,2.2033496820320733,2.176051819294428,2.172555880597247,2.1822663445749457,2.1735765736386465,2.191715249898273,2.175102478773705,2.1954718878026416,2.176092575637825,2.197199051253367,2.18467406006685,2.188458102652929,2.191076950874979,2.17546868593948,2.180272284002408,2.179729063157045,2.177396471766803,2.193621410622152,2.1691696305807477,2.189151550066995,2.1941478184314973,2.189864655162969,2.1926280478030606,2.1826142476669235,2.1823980083818864,2.1902299569720034,2.205641918953196,2.190321072203863,2.182560263233411,2.188925496804226,2.190942523367496,2.187007171780708,2.167727573629275,2.1962528584206784,2.1910558917179506,2.186558388772147,2.198601699156774,2.1955524555580093,2.2024904653819526,2.1814960882419845,2.18412818285338,2.191419429221204,2.190894572830338,2.1986181930804767,2.1943141697966,2.190496509153312,2.1861644524041246,2.199447708351503,2.197083376171016,2.186819313926061,2.1909571235942598,2.198248532125223,2.1929155792490644,2.191114373337908,2.186543936468276,2.1848914628739755,2.182015982958697,2.1863043918311966,2.190206898749136,2.1905524932795823,2.1883105834388776,2.191302105975254,2.187672722085381,2.191549645568804,2.1879239357860234,2.1890093864399844,2.1885288125967097,2.1908224042612856,2.1973128960795,2.187989198967551,2.196101999565808,2.192948777576928,2.188512927211672,,,,,,,,,,,,,,,,,,,,,,,,,,,,,,,,,,,,,,,,,,,,,,,,,,,,,,,,,,,,,A12-18,A12,18,anthropogenic environmental material,fermentation,fermentation mash,USA
SRR1930812,1.996113198891775,2.004688288454593,2.015175154929777,1.952964155936159,1.9876839666629464,1.9381821431082973,2.0128581030113724,1.9656605590246452,1.9567829243970825,1.987761300571721,2.002089875207648,1.9995500954786585,1.9707666802506647,1.9816851002922755,1.9618982648551384,1.968959567765289,1.9615926261046333,1.9737194547326025,1.9788279634508048,1.9722343231824728,1.9999559268206009,1.987198378016085,2.0016628831151544,1.9861438543920515,1.9870371673927651,1.9832649240744071,1.9836254818282144,1.9992129325250785,1.968860477972039,1.9843827152916889,1.970241855786126,1.9874167875749655,1.9714607973315617,1.9876736898105136,1.9951813666801663,1.9949301753184416,2.0070191530927493,1.9846108833052012,2.0127667845292017,1.9510507508747188,1.9881349960008745,2.005661797930561,1.9885708559770396,1.9888689780117648,1.974029542720766,1.997037610742081,1.9737246381864384,1.9830193943655117,1.986988003040806,1.995464870052692,2.007479502267956,1.9960812352806256,1.982007897629293,1.9884104878978863,1.9839147872142409,1.9787133485467068,1.990686513042808,1.9928391891528687,1.9879134200559545,1.9877751928856175,1.9877666194650676,1.9874789849712124,1.985307012224736,1.990856676878972,1.9897019653093824,1.9957163836682823,1.9867919598703965,1.994195518655967,1.983392929777392,1.985321159256604,1.9868831425427635,1.985482190302964,1.9921539907320036,1.991388052423973,1.980945271831387,1.9907979510703373,1.9912449046746312,1.9908975083297809,1.9917926769707717,1.9917978754066965,1.990930531854588,1.9927491653735736,1.991646559474065,1.9935796775983812,1.9875599121646856,1.9910786947819783,1.9930691848947224,1.994608972077249,1.9952260569561973,1.991398938700644,,,,,,,,,,,,,,,,,,,,,,,,,,,,,,,,,,,,,,,,,,,,,,,,,,,,,,,,,,,,,A12-39,A12,39,anthropogenic environmental material,fermentation,fermentation mash,USA
SRR1930813,2.013831928852553,2.0209085251422354,2.0681981157932228,2.0396731528583434,2.0487623149124468,2.006464397972874,2.045203529750841,2.044707278716784,2.028863605439833,2.0016818727346264,2.044542342607984,2.039073217444812,2.0251907957853077,2.0276428596042906,2.0320729167277243,2.050477106576099,2.039212477690577,2.018861350992416,2.0598412572143965,2.0106676991877084,2.01763331049877,2.0232299268063594,2.023343948868553,2.042639244902194,2.0429334104411643,2.036379467569885,2.0533291900805657,2.0338971762727613,2.011642035723616,2.0468321200645896,2.018024682513605,2.0181825338470345,2.017886480477107,2.0426184804755225,2.0230254044100286,2.0364860219994023,2.0347718430641044,2.0378981062480963,2.0360784401408094,2.017756153753233,2.036862482815057,2.0398501723413096,2.0292681238186,2.0348189908828798,2.028230090877115,2.036546265098164,2.04248357790002,2.035621615886718,2.025765618995014,2.0240036111996367,2.0308276337896007,2.041285592775191,2.047166323440221,2.0280328099914744,2.0497030235270244,2.043984311789769,2.03511258073652,2.021662680875807,2.042413024667016,2.0283241475244007,2.034471930692386,2.035937341151433,2.036460555894346,2.03291705653242,2.034055775841197,2.0411659512285443,2.025747554028786,2.0299712086963604,2.030521015218636,2.0473985572369484,2.0333932723386434,2.023627731224018,2.039949896690976,2.04347978228906,2.041173845791842,2.032605905311091,2.0340543911037896,2.0308194523565404,2.039521693381507,2.039435235244752,2.035418996452081,2.0419322661277386,2.033474176609617,2.039348821697294,2.040207272726742,2.0388335628729664,2.033844813531786,2.030543360395288,2.03629848731618,2.03720878672798,2.044056392360383,2.0352081328698177,2.038954210105623,2.041729730018999,2.035445583982757,2.033038499255593,2.039347203199166,2.035417697952971,2.0377804446291874,2.03238014946811,2.0367773304367094,2.035580734417873,2.0375668801751226,2.040550942299712,2.03486706109917,2.038157445127419,2.038809943771229,2.0337855936589238,2.03493130110606,2.038983309547235,,,,,,,,,,,,,,,,,,,,,,,,,,,,,,,,,,,,,,,,,A12-DR,A12,DR,anthropogenic environmental material,fermentation,fermentation mash,USA
SRR1930814,1.9666128742112607,2.003568873743873,2.0099392747155047,2.0053906025857526,2.00509704826352,1.982443186667209,1.9994890737967672,2.001710750707378,1.9869632829663213,2.037266529818484,1.965308427658763,1.9900969162850848,1.9987511054300269,1.9872080057223305,2.0019166724618325,1.9809643114910445,2.004242807313259,1.9825419727740563,1.992578035421494,1.9935374923922748,1.9938368930131412,1.9981502605921957,2.0001052671295056,1.9922648386039084,1.9864912234574172,2.0044254917966704,2.0080527467624347,2.002610454381411,1.9907699822590328,2.0031068444394338,2.009265217675986,1.9889947753126969,1.9989871815115965,1.997828905267576,2.001363651009722,2.003457434035922,2.0010390393439845,2.000326034633727,2.002432057710802,1.997144508740176,2.001418149981049,2.000238202559111,2.0014388388076103,2.0010122877424865,2.000446541127951,1.999210238165208,1.999572493850977,2.000730987363972,2.001379602276096,2.000456098535339,,,,,,,,,,,,,,,,,,,,,,,,,,,,,,,,,,,,,,,,,,,,,,,,,,,,,,,,,,,,,,,,,,,,,,,,,,,,,,,,,,,,,,,,,,,,,,,,,,,,,A21-PS,A21,PS,anthropogenic environmental material,fermentation,fermentation mash,USA
SRR1930815,2.2069207582800527,2.2560227597017537,2.238698099850375,2.2587696754578586,2.225728112633876,2.241881430220501,2.2431240859533816,2.2312264028043325,2.21755322591503,2.230510366836116,2.249202625412644,2.2368630747897376,2.2355319146611143,2.2172566643509684,2.259046419690724,2.2762175814519634,2.245481677283077,2.223099794450848,2.237965917505139,2.2485376917542648,2.231391778326562,2.22287867869489,2.240857701327372,2.261983719817327,2.247810821415913,2.2363449999452945,2.238034947993341,2.2546004330245712,2.26087880839994,2.257259032445537,2.26840956671627,2.2505257665625966,2.256705646409872,2.2635257023398103,2.2530542136836003,2.2534882797944804,2.2495321259056924,2.2533310847721992,2.2310455238420057,2.2485314730939594,2.2488891680938745,2.2516524998686216,2.2456252476528107,2.248983144576908,2.259878925036287,2.273928482528848,2.269927210735235,2.261297521883057,2.2615729161228346,2.253092562553217,2.260945924929987,2.268425673180862,2.24730049618315,2.237586194461898,2.246260502886388,2.249190410222835,2.239229901484628,2.2517025247197195,2.261421424361897,2.241256059026064,2.2397890807507213,2.2347222416709203,2.258421347243085,2.2478878911501385,2.2414735247334834,2.2418957896539564,2.2544759743522342,2.264542434597393,2.2559740583510552,2.2630616299107125,2.254792838845156,2.2434563666138976,2.253196806741878,2.2456473507000947,2.2594507376208304,2.254602794547267,2.2589340339786848,2.2628029641520637,2.255564179652224,2.2506057734465768,2.2667680607654077,2.24997874853606,2.261631369096481,2.252543376058839,2.262288880336845,2.248003654722575,2.2468609186918136,2.257366908136805,2.2522309246046635,2.233427418583365,2.2564771086158166,2.2511921672697555,2.2550937603347507,2.24770581889015,2.2565675137366545,2.2594519458785496,2.2532116629286225,2.2517221833751453,2.263991845714477,2.260117141826046,2.257459044306298,2.2605188981745945,2.260310823818615,2.252914819951548,2.248964318804112,2.2549303025900254,2.2551668466571524,2.2569374149037222,2.2535190184439404,2.26221580549215,2.255932559481724,2.2535985110863503,2.2491240426681607,2.2540186311672583,2.252703815483311,2.257462916592714,2.257209367279004,2.258530766533988,2.260205097074564,2.2663966967120213,2.252353669035964,2.2613620381687167,2.255334963844414,2.2555982543633117,2.2540474508344004,2.2541412047588474,2.2506362507941846,2.2474643518552933,2.2539452867754264,2.255451302446774,2.25072900965955,2.264701402084329,2.25516471377218,2.2511973477744527,2.251497851089167,2.245641561800311,2.253927572132897,2.258686577811397,2.258263950442508,2.2589825149173635,2.2557293412933865,2.259056195573137,2.2529429589799363,2.253742314305081,2.260004464761056,2.2585377041489902,2.257832842642852,2.2552098631674,2.2572389965833404,2.2608179573926037,A21-10,A21,10,anthropogenic environmental material,fermentation,fermentation mash,USA
SRR1930816,1.8496493696377296,1.8413424902679851,1.8557495573998704,1.8297327954471363,1.8284440878561656,1.8444121363637604,1.880481247403971,1.8745593470789903,1.856977586293664,1.8741341525438644,1.840209442418948,1.8648746971478585,1.8612453871945551,1.864812065436655,1.8869027126556817,1.8469250272913496,1.8701901932901523,1.8763101328168184,1.8397434220433708,1.8662504939895512,1.8631901985036332,1.848702446646996,1.858329439882389,1.86534307780837,1.872800169266936,1.8600150009383567,1.8421615219521832,1.8716262089843136,1.8534919495217717,1.8624759756964664,1.86580784683484,1.8836972596147332,1.862096382452636,1.8588169742649407,1.8518143055344596,1.8625963159141827,1.863233172776244,1.8454205418380256,1.8622667090810965,1.86621956418038,1.8640776638556185,1.863974132319712,1.8580388518312896,1.8639506649720656,1.8709766505827536,1.8523464083563583,1.8682049973000765,1.851827461258355,1.865536885657094,1.863513733463684,1.86339515763058,1.8708219793850251,1.8729884680812452,1.8640265967406808,1.860206057003352,1.8651428992833927,1.8585329526196952,1.8639442474863392,1.8508243913794045,1.8618312426536847,1.867672180970606,1.8608766597138044,1.8559212194078856,1.861230188416032,1.8685868457368864,1.8571862134004629,1.882956409327696,1.8656383343386176,1.8653748797356704,1.869333644377975,1.8551174746563968,1.8690004499902648,1.8635740877482323,1.8615718750554189,1.8673964470175823,1.8711514578318915,1.870548331771254,1.8718095616229,1.8634552929227812,1.866928216440448,1.864289647120052,1.8668732085460136,1.879460047295956,1.8612874237698604,1.8677234034654773,1.870775253624525,1.863971974523525,1.859709109789189,1.8674176732280043,1.8748361313558783,1.8727608475382616,1.8622922946349243,1.86600656316334,1.858903705215984,1.8548254962457027,1.868389083078959,1.863144672758782,1.8551145710510573,1.87131166785894,1.8674077336240869,1.8698827156524456,1.863917492881486,1.8703429957205493,1.8679467179960492,1.8589070094279343,1.8624059374057675,1.8563658707569712,1.8720231543313537,1.8663136675036207,1.869251105406062,1.8606755617764863,1.863590995761067,1.8680236200585891,1.8730169117893627,1.8657057575974303,1.8671644837095496,1.865680013156177,1.8697176390752963,1.862351377048863,1.869463122676545,1.8629437743090496,1.8658049599887987,1.8647226806172408,1.865800057064672,1.868098794049589,1.8644912517101957,1.8652427916957743,1.86900022491405,1.865475670201302,1.8697709110802443,1.8650293181974595,1.868691309735928,1.8629532725623248,1.8688561694335235,1.8656592933037173,1.867325877149836,1.8650674971389865,1.8656559866018627,1.8657671386391037,1.8639972209709492,1.8703145566323376,1.863853341722776,1.8674685743320292,1.867123316591429,1.8671375556402228,1.865476723609091,1.8669476096321,1.8655698110859305,1.865739336708411,1.870213827255859,A21-18,A21,18,anthropogenic environmental material,fermentation,fermentation mash,USA
SRR1930817,1.823056437897675,1.8723856753078751,1.8441444466241572,1.8576972797444344,1.8668326349503648,1.8258411702864317,1.825936321799187,1.8581599249656056,1.8373541503582171,1.8634197434178552,1.8232755798872529,1.818813012854888,1.8503128553511028,1.8143777909608665,1.8331606778079264,1.8385153845515367,1.8248576658765745,1.85489741288018,1.8346067239903243,1.85055598843765,1.8308965451908208,1.834372121106605,1.8479705622103584,1.8245836342740689,1.8365611921842449,1.860316092502688,1.8523167066035888,1.8582739863232869,1.8464563834121384,1.83526520110764,1.8435489011089403,1.840919834870276,1.84292037250269,1.825793776563418,1.8373558942700725,1.8519003374809244,1.8386832049053532,1.8324888768975909,1.862264528903788,1.8335913494099156,1.8273416661631052,1.8322024821305471,1.8481239376762195,1.8512286312554256,1.8535449005703464,1.8240327060143064,1.8341967901166605,1.835813654002916,1.839884258211548,1.8305305640384903,1.8301053502187183,1.8439627752732115,1.8378621780367823,1.8281254657592867,1.8558548059588664,1.8393256930017647,1.841948317335954,1.8322814740469369,1.8454124437948145,1.8311547735001188,1.824775473119108,1.839145697538952,1.8228050589527385,1.8402108860639088,1.833202982378732,1.835420701511547,1.839154266960591,1.8356152055468724,1.8482205336604611,1.8416186455465,1.8313389820691888,1.845091535810244,1.8429001974999173,1.839734044361203,1.8439207375375823,1.8448180871647408,1.84285048365932,1.8376403530765004,1.8397810828470345,1.833334566059471,1.8379236756460569,1.83274070333409,1.8313263154088195,1.8440615212221767,1.83726541984053,1.8363195937055248,1.8383381752204684,1.846260482303896,1.836634577276265,1.844343114157445,1.8431590056831004,1.842246160102096,1.8399177865559,1.8391444120908045,1.8383340915417463,1.8378174725548715,1.8420436152482729,1.8421908912803784,1.837923643561764,1.843453617216648,1.841430810121996,1.840455297070957,1.839262806347959,1.8398468040027396,1.840569114266228,1.8395271704559493,1.843260627889102,1.8389064252629572,1.840028866261458,1.8373623812606756,1.8405531315633965,1.841414213503455,1.8389621905794875,1.8398817259419205,1.8387823941183847,1.8396161579732784,1.8397027576445864,1.8395241943282077,1.8401262010061303,1.8390854657738789,,,,,,,,,,,,,,,,,,,,,,,,,,,,,,,A21-39,A21,39,anthropogenic environmental material,fermentation,fermentation mash,USA
SRR1930818,1.7884412849330455,1.804770707952995,1.83195567434033,1.801772717915104,1.8040135107918784,1.7870789137275385,1.7910102024357974,1.797762464355929,1.783284188245256,1.7879456826073592,1.8105599956071856,1.8014031290852874,1.8011117489390795,1.830966274766158,1.8187084500317787,1.822353631144544,1.8195866630440871,1.8305427151042264,1.8061679599452052,1.785589470098661,1.8199620036476647,1.8216846130730315,1.8076630150639796,1.8201070150136476,1.829791812594937,1.843984608525381,1.8096522391982623,1.828154555556171,1.8162262983140185,1.8077645549429735,1.8212876152494235,1.8028097076211944,1.80368111399925,1.8085329262235657,1.810992341580896,1.816880727858116,1.8156685397971284,1.8164807228619293,1.8091833775361663,1.831900640758554,1.8068887368849007,1.8164408258306857,1.8107396018908284,1.820697098195692,1.8147771830961936,1.8110145292986672,1.829348889541048,1.8363758170378004,1.818523589561439,1.81649972259815,1.826452290039861,1.8190380996604905,1.810134925489708,1.816661985954425,1.819632642793408,1.818722432698468,1.830996216225664,1.8161916164372447,1.8290585607368692,1.8158622880654087,1.8108273436805569,1.8111874883341528,1.824071906443012,1.815985968161128,1.802931318213564,1.82141796988476,1.8176017107529463,1.812836429661004,1.8171444931241243,1.8269955105071325,1.812149298767265,1.819204161621978,1.8097318249175487,1.8130245573183612,1.8267031378641567,1.8180413182414088,1.8171256024594264,1.8173486909740677,1.8247872305047803,1.8141881850014503,1.8182373149911173,1.8210954313951893,1.8186832707257297,1.820899092723676,1.8172513687870395,1.8222450243036812,1.818272648135576,1.8159472502096785,1.808430674029761,1.8199845655742803,1.821340057203838,1.820653666390036,1.8219572738019585,1.8179532831676304,1.820033400991854,1.825043757108918,1.815140365944875,1.819426489339185,1.81524700664126,1.8158300759191,1.8202636635939924,1.8179044489544305,1.8190067004415664,1.818521579030701,1.819761023478672,1.8182009316362848,1.8178668876225792,1.8195960703061376,1.8178938202425137,1.8203033562278996,,,,,,,,,,,,,,,,,,,,,,,,,,,,,,,,,,,,,,,,,A21-DR,A21,DR,anthropogenic environmental material,fermentation,fermentation mash,USA
SRR1930819,1.914087482612588,2.0060542217622874,1.968715579307988,1.9665975962051512,1.989090440861896,1.968039211803144,1.9651776739864657,1.9516985461272884,1.9492329674437,1.973982419020609,1.965406435259129,1.962500425052285,1.9733277720743272,1.9974188864896536,1.987550362002879,1.9671097673046427,1.944930021619892,1.9596341175748928,1.9512015618229004,1.955749751308021,1.9723705446119093,1.9790134210875856,1.973050473813363,1.9875234475019103,1.969407431273368,1.969728399694602,1.975438568362967,1.975116609263692,1.9770283030148,1.9635373510940943,1.9695928040471016,1.9947889419226896,1.9835300333786312,1.9780603939589183,1.9679151007950173,1.987165132624523,1.9872441102622047,1.9880261089432136,1.971285595291405,1.970930385325237,1.9869741605785465,1.9737662508015723,1.9899324018271716,1.9828738774187973,1.9971509569255093,1.9747900416398911,1.9726809827011085,1.9760020421004891,2.000593513955696,1.994945612537192,1.986243285804293,1.9833739666284496,1.9625691368043847,1.9848897684458244,1.987756502719105,1.977050279208293,1.963927982280187,2.00055622390331,1.9885741037876463,1.976877450942948,1.9797166765212937,1.9799297334687112,1.9698641153862535,1.9869839912142129,1.984041162154483,1.9834419414179776,1.969849235955368,1.985942990078691,1.9788952607719297,1.9733488707817848,1.9619006107593195,1.976106466769236,1.9846187691031367,1.975641951127555,1.9833745368978823,1.97682594184604,1.9733530620985396,1.9773825667091327,1.986219969965438,1.991961069417688,1.9835903739072,1.9806965883017091,1.9698784952951216,1.9785239730604476,1.9843835265514536,1.9775584017544352,1.979438111334913,1.9830751218588372,1.9906089124370607,1.9860093938056984,1.9857620278685923,1.9673942033324403,1.972085395860908,1.98625879790464,1.9908340941918004,1.9739199722467449,1.977704095637572,1.9625064149900904,1.9816005101405896,1.9790174812312535,1.9847076064918063,1.9871369896277584,1.9830281984368523,1.98907663308614,1.983185469328347,1.9797034663030328,1.979648077525273,1.9871519799303143,1.977629033724198,1.977074987152718,1.982961512319396,1.981221129973364,1.9847295717919675,1.9852238973604357,1.9750943024993413,1.987891992283264,1.97773488718656,1.986310927223192,1.9778679560180468,1.977188546490665,1.981840949863936,1.9884185075456384,1.980087796016858,1.9817054164352563,1.9812457834558053,1.9841731638167124,1.9770517253878277,1.9796546560729955,1.9777982734811983,1.982109772493524,1.9785479773985115,1.9794612735647128,1.975834823710312,1.985724555952974,1.9862387969765731,1.983228771925582,1.980607188918728,1.9785275534889584,1.9716090214229456,1.9804186686630367,1.9823424195444896,1.9822876937551108,1.9798558392417889,1.9781968888895145,1.981908855368136,1.9841784430643492,1.977329203241972,1.981348285671288,1.976281220980657,1.979571686636872,A22-PS,A22,PS,anthropogenic environmental material,fermentation,fermentation mash,USA
SRR1930820,2.138729189395424,2.1085638622192278,2.1280074573057544,2.1293032151055864,2.1248004831151,2.130513901602665,2.151600899884509,2.1448540846219672,2.139025999546904,2.1277460587970825,2.146001712433786,2.1260267674717723,2.1320218017212644,2.125779323108916,2.116109052059503,2.128599653155955,2.1158436571391297,2.116885414877267,2.1266849231396705,2.120978022681497,2.1210716510171554,2.147754429622024,2.146529555152827,2.146451644804635,2.127248276106528,2.156204583373541,2.1065379814362943,2.1249017003469475,2.130997495484616,2.1496140623533484,2.12975369223599,2.1438430928186047,2.134359476920748,2.1489008525542577,2.135792941329826,2.1334675651279884,2.114423697704235,2.132156018458875,2.139690156115942,2.135177251472263,2.152658562600229,2.136527107008849,2.129408274394226,2.154545031943935,2.148067380648872,2.137637988844173,2.1458460911661392,2.1275805732316777,2.121025023814662,2.129774111505491,2.14027427459472,2.146754170498696,2.138822178603869,2.140749469615852,2.1400982557500874,2.136236218175925,2.128589519336395,2.1440804242313813,2.152616191262167,2.131499558001459,2.1303917775576866,2.142671744521293,2.137304769084292,2.142820713100513,2.134381963745838,2.143132807603397,2.139732457368232,2.145608728255787,2.1296041276025046,2.1433581215575117,2.141327540941544,2.131571528617938,2.1364552572870497,2.149443247413467,2.1451312492084456,2.140458781506849,2.130613057658409,2.1373948968155574,2.138543255783473,2.15182882016984,2.131918939097748,2.136643707591235,2.1322645330041823,2.1325037125334787,2.1349281045396165,2.1412083433910767,2.1355831095479867,2.138081578077595,2.1388187311863653,2.134225890109924,2.1289240490113106,2.131063775074894,2.1403058894945293,2.134799805929965,2.138733210594292,2.1435419642692484,2.1320755275159944,2.135785485861235,2.140767635681448,2.132958950528495,2.1496624360584984,2.1367629782675457,2.137228790909991,2.132164550578992,2.1406029059335623,2.136164253109491,2.1409789054537685,2.1400247374239982,2.1297374193347074,2.1382145261802554,2.1407995141256992,2.143533924490892,2.132419306871832,2.1444105322887506,2.140658692210041,2.1405089727347097,2.143396368645373,2.1384125531348745,2.144110070218157,2.140198019617065,2.136200939382596,2.1376962869009644,2.1418801136009167,2.1361038676466766,2.1381126214467168,2.1365130097483904,2.1400480215602093,2.141241391062405,2.141935831610756,2.143884575949908,2.138029432521951,2.142444376952929,2.141936610188325,2.1418544273916305,2.141834474123507,2.1404926823954376,2.13896939876902,2.1377282369784907,2.1393768061351053,2.141825493579876,2.138031748582939,2.1388913196586925,2.141331647414193,2.138952070416924,2.138369854071523,2.140458457913652,2.13957879259321,2.138566536364314,2.140629266994225,2.137869834139908,A22-10,A22,10,anthropogenic environmental material,fermentation,fermentation mash,USA
SRR1930821,2.01018380774426,1.9984687035063649,1.9608901608190243,1.983664569747095,1.9824568043439028,1.972704493647244,1.9740893506570183,1.9550425544132537,2.006735523050688,1.9698340003736612,1.974574369499557,1.955887566854132,1.999725334185812,1.97915793843618,1.9552564838327855,1.9385565993032383,1.9826962014922085,1.975254873964804,1.9686198008135705,1.946962189043431,1.9543933802471605,2.009477454095013,1.977960924625564,1.9697850805722612,1.97851650095341,1.9834945000867077,1.9723171319921164,1.995257962881316,1.9731395805645464,1.9590534223298508,1.981291638860815,1.9751186259447064,1.972598796902816,1.959586115729408,1.981659789579484,1.968567837754456,1.9691036346795117,1.992182361501799,1.9701597643200364,1.9766673713144511,1.97372931646078,1.969719380890188,1.9775275059001656,1.961066476260652,1.977783466027352,1.970568261306272,1.978636108081416,1.974776509948995,1.9779132178005132,1.9751988866747128,1.98975084818682,1.962416845722813,1.9866217976936027,1.9621725599466608,1.9741337613912235,1.9978699686428083,1.987756750676889,1.980782282799537,1.9914629518006133,1.974819895068588,1.970654303505168,1.97206158132214,1.9817005517916384,1.973227385774691,1.9728072818571465,1.975569470066571,1.9742939798288808,1.9799983994308832,1.9702538653455068,1.988726705812144,1.9817750705659885,1.9816803816778608,1.9861704935098208,1.9802145155077304,1.974876105560708,1.976429767806196,1.978844928575081,1.9674142305367777,1.9780129585274893,1.974163399575929,1.979332616428566,1.9748280775841427,1.9779510729538703,1.983079561102198,1.9719071932003305,1.9808181215030776,1.9706544654922624,1.975808993633415,1.9727827651888328,1.9866478203554925,1.9783740896876916,1.9807813885891956,1.9736980795577397,1.9770725061296095,1.9804721117710964,1.9832936079872827,1.98207044400669,1.9761429893863955,1.9759397053290737,1.9741267884163607,1.9764841493655996,1.9766970776103008,1.976281584261907,1.9744102806424475,1.980532993102117,1.9785540040292515,1.9777604237879165,1.9792127789123612,1.973438709850666,1.9794325290650217,1.978894061598352,1.9792583796969845,1.9773210445250409,1.9767729151412492,1.9805422095072915,1.981635206587448,1.9759256096751268,1.975337065738026,1.9784622415317612,1.9791354146748736,1.9803604269139372,1.9814542730971243,1.9741061703464104,1.9802871936120043,1.975852318025524,1.9756067722997956,1.9771988465686148,1.9780898262554607,1.9797890030943563,1.9801102482969788,1.9750822100509784,1.9790111388243783,1.978655644152956,1.9824497993283603,1.9738543506484008,1.976763915435096,1.9780821365510344,1.979942887823026,1.980574306895149,1.979691132887862,1.9767854585119435,1.9787435577605872,1.97751085439716,1.979698856377639,1.977709129928922,1.9771156300929975,1.977998294125873,1.977193812810321,1.9794099251326416,1.978149779819751,A22-18,A22,18,anthropogenic environmental material,fermentation,fermentation mash,USA
SRR1930822,1.834255555608623,1.8023846858497647,1.8453261288919536,1.8260940868188509,1.7998449239256609,1.8298747285838808,1.8224965563518571,1.792456990983248,1.842179092856021,1.815637532268081,1.8140631308016564,1.8268773703614032,1.8228275221481447,1.8269466785760315,1.822076296628548,1.832455696998263,1.812423084568348,1.811746605432444,1.848160596842748,1.833232918912856,1.8242789635166847,1.8255208791656952,1.8228466581775744,1.8379251688108595,1.8218313601761216,1.839485015299836,1.845576515744684,1.8165486417387064,1.824901392389392,1.8198646614696303,1.832608262710535,1.825382967139064,1.835076808752735,1.817005922319476,1.8149224932898744,1.8282639224229091,1.828200016738897,1.8305959563943863,1.8280627810339087,1.827122033130259,1.8159103072364515,1.817159214635414,1.822023451133268,1.8170382245761063,1.8323708173171815,1.8132075294332508,1.835416251966644,1.829029691208161,1.8240540631237865,1.8416637921064567,1.8338238399195712,1.814197447043368,1.8324552050321188,1.8291194390042131,1.835748273482356,1.818451467446956,1.824965689128749,1.8375885573635216,1.817174605529097,1.8179793816546332,1.8259519792079304,1.8296292820252356,1.8254842915899063,1.8332629127368327,1.8331760492127167,1.835821628519456,1.8208786698365904,1.819668981146192,1.82181734246558,1.826001247690268,1.832226648529825,1.828059160302809,1.8301191292212995,1.82698418147121,1.8299003698249845,1.822782373487413,1.8256934157170004,1.823972447293293,1.8401343861554635,1.8324479350559697,1.8294903368572728,1.8236352998499523,1.8277319030047048,1.8224201056218257,1.8232343045787616,1.8278744591132805,1.826726045540042,1.828197112730872,1.823128583779165,1.832438536174246,1.830043665112558,1.8300236266827328,1.82241122362408,1.8267036061057236,1.827804533404064,1.8266441725268745,1.825675931124644,1.8243848081078204,1.8269218091769943,1.82728515349682,1.8280473141044795,1.827733610355677,1.8261862715072192,1.828547775566006,1.8287865221884267,1.825626057653176,1.8286685513694896,1.8274073815293936,1.8271191355765632,1.82741343156293,,,,,,,,,,,,,,,,,,,,,,,,,,,,,,,,,,,,,,,,,A22-39,A22,39,anthropogenic environmental material,fermentation,fermentation mash,USA
SRR1930823,1.838856713980601,1.877704864099273,1.8431312186767803,1.8758060640041112,1.8692396768152209,1.8428531999936772,1.830449127501136,1.8363586861852044,1.832565629435862,1.84085890305754,1.8610973462837244,1.8895057603074104,1.8329637941974608,1.8721550942171856,1.8523650916226295,1.8859231079784733,1.8733174738309173,1.8762697323436,1.8790854486101825,1.8857199938312013,1.8671467552264396,1.88051794540312,1.867119394223628,1.8726527284330805,1.8547762941653945,1.87542277539942,1.8755242322308263,1.8642521458423311,1.8566391602686363,1.8753434015548156,1.8829781414354825,1.857359288694256,1.882031175713327,1.884898888730096,1.869517905700508,1.8812492402911387,1.889522247113237,1.871636994126319,1.8873686337021336,1.884461297794328,1.867225368483312,1.8591838255449569,1.8755955112018248,1.883856729659498,1.8817303660508844,1.8745085642006012,1.867563728856388,1.8582334284728368,1.8636815018199369,1.8788365444574624,1.8759733463389496,1.8689760308013887,1.8735666225443408,1.89078610695837,1.872002997257098,1.8799810455355548,1.8770087703510172,1.8832855847016212,1.8618549206065955,1.8757244700597155,1.888344738418749,1.8684440425642912,1.876682840236363,1.8719441627821496,1.872168591916232,1.8829750465452844,1.8784832566177545,1.8893526768041,1.8808690677139328,1.8749905407068344,1.8809296410591496,1.8722453697888688,1.866665866534453,1.8816183936061492,1.867539043952384,1.866555845812518,1.888238098607237,1.8804187421523209,1.877533740979964,1.8770272693656125,1.8706854666486352,1.8765880313999308,1.878854442546892,1.872353895516992,1.87737670994728,1.8835478954385363,1.870407175760761,1.8767990011847375,1.875308670759028,1.8807794334478487,1.875647340328304,1.874247645170288,1.8652337578417528,1.87825215727671,1.866851529356561,1.8747159329832532,1.880895935840325,1.8880028830788689,1.889805626038125,1.8700562375228815,1.8756791686244607,1.8750827523631843,1.868874492805627,1.880090415581482,1.872208330576833,1.8752958967375573,1.868845793411506,1.87443908764612,1.8738309899124832,1.878520313850759,1.874045089400723,1.879769325752427,1.8783856445701803,1.8769594188941303,1.8723099628138136,1.877133917229795,1.8720583479136896,1.878523272886456,1.877446871993884,1.8774078637531664,1.8763692526267444,1.8796308721416168,1.8753076553664327,1.877159597824079,1.877845914133688,1.8765445789354829,1.8783512097775803,1.8768392979249748,1.8744335407903372,1.877355248941792,1.875515168835004,1.8744394193217635,1.8762547454974416,1.8776786731856152,1.8774299000739292,1.874680392432216,1.877858478663671,1.8760727074611776,1.874444407783396,1.8786555111041376,1.8778031011160703,1.8769194669720224,1.8759708350249644,1.8759647447148,1.874934188553539,1.876865760990432,1.8771384297964888,1.8749776264452016,1.876272505068137,1.877012479027138,A22-DR,A22,DR,anthropogenic environmental material,fermentation,fermentation mash,USA
SRR1930824,1.6752850868317957,1.6502158800164897,1.6544685947181117,1.650522132865357,1.6727936417847076,1.6809631983642452,1.6567826412886777,1.6615396039765429,1.672906975998603,1.6773435038722422,1.6910909892424486,1.6504949375699,1.698589135483705,1.6983970166224511,1.659042715554807,1.6930698163518247,1.6807656823584116,1.6969160670858068,1.6767789252595742,1.664674183837351,1.685255029607523,1.6950809232943689,1.6788486915012386,1.6839947453266984,1.6796554288883658,1.6850239001536826,1.683025191753214,1.6714599297876702,1.6799862933078151,1.6935755567549051,1.6795884608921574,1.6749627924531925,1.6637679479421084,1.7029834578532674,1.6924069689088896,1.6915536648054887,1.6609814822097282,1.6660216232129244,1.677871184796185,1.6850654193857195,1.6866856741595024,1.6843461328808709,1.685136081601862,1.6976321223060826,1.681423246358595,1.671943192500863,1.6890685061898665,1.6902677644765145,1.6717483206158783,1.6840109138282966,1.6807318683517023,1.6772742477808218,1.6762483267135797,1.6791963839309574,1.690114903466423,1.6863051655862678,1.6795753215707587,1.675717124044077,1.6723423454965058,1.6771019068899882,1.6908133789961548,1.6813760924437884,1.6821591570498955,1.685507734655343,1.687977227502322,1.6770128756559095,1.684718457070968,1.6845282841998772,1.6760060902799616,1.6798657839030178,1.6800620521436094,1.6875560306946955,1.683221754094262,1.682678103446305,1.6732085784671655,1.682663517178473,1.685064541118401,1.6818206548787122,1.6876699537865885,1.6781553913518348,1.6898069417326405,1.6831797674749134,1.6880451831727128,1.679949578528055,1.6878622207153728,1.6884572824428166,1.6780799812488718,1.6850253558068695,1.6795525088441972,1.6854801149189975,1.6830011857923324,1.6793224233990407,1.6848906076324026,1.6838473158772302,1.6840923195224704,1.6805239432443464,1.682536292765763,1.6826997549744194,1.681512977306913,1.6823008350077242,1.6836106219648492,1.6819155471586542,1.6812257318556096,1.6815942867854936,1.6807505437130754,1.6829382578423893,1.682452831667976,1.6803573304806547,1.6821270969899875,1.6798317937985587,,,,,,,,,,,,,,,,,,,,,,,,,,,,,,,,,,,,,,,,,A31-PS,A31,PS,anthropogenic environmental material,fermentation,fermentation mash,USA
SRR1930825,2.0307703161187423,2.012595303779104,1.9888585871695263,2.0338620419056084,1.9898615119883745,2.016416173185319,2.0260742643323626,2.0176586246245294,2.027074043822993,2.0118781901077547,2.002268760498923,2.0029477119580563,1.9817424131957095,2.0220712947777604,2.0077053955361697,1.9847347976252996,2.012531402355168,2.0137941401366275,2.0051207499690737,2.0164178978640805,2.0135998584526726,2.009613829083716,2.02088446259617,2.006945096281574,2.0084980971671063,2.000883351921163,1.9989745236135064,2.007759078605399,2.009254843101372,1.9959869898352491,2.003506292597223,2.0002827313463767,2.00984928155141,2.004961925276461,2.016214621973201,2.004319968893559,2.024048188419979,1.995163770307321,2.01341680692558,2.003775901729072,2.0001143694098142,2.007978961180184,2.0103507553809563,2.002049417058689,2.0035253168204425,2.012375903792836,2.0126309814191328,2.01452260628872,2.009759758170693,1.9944089806221577,2.0068193049058385,2.007811319553684,2.0036628083102928,2.005589848829759,2.0103197518320925,2.00033728700533,2.01060830466635,2.0100710767240755,2.0133570407727723,2.0044666756360145,2.0050919048148423,2.005625680876145,2.008726323385259,2.019699776031101,1.997916872137804,2.005730270229033,2.007799138155302,2.0091848092035645,2.007415372391712,2.0056448329898213,2.0066760919137043,2.004933178631606,2.012178415320559,2.0075752044701,2.0091526688948806,2.011851515701038,2.0130342466844198,2.0117723151768185,2.002026608744913,2.005713051115145,2.010220319599868,2.013506546651388,2.011996690889286,2.005482539964941,2.0074595658462138,2.0084889934015813,2.0116539017265143,2.0108641008368697,2.0075996440807917,2.006925525677097,,,,,,,,,,,,,,,,,,,,,,,,,,,,,,,,,,,,,,,,,,,,,,,,,,,,,,,,,,,,,A31-10,A31,10,anthropogenic environmental material,fermentation,fermentation mash,USA
SRR1930826,2.579150743633653,2.528693536486372,2.5937152835889736,2.5731672038163738,2.548699318942808,2.5869301274407523,2.553167453278005,2.581311889775153,2.555717762746845,2.541648026103641,2.5891119438643964,2.547633062690779,2.587736860568906,2.573797388871337,2.582558046940222,2.5589036050717446,2.5635133633510687,2.5554879108949526,2.5717300563927155,2.564007141568617,2.575964341105935,2.569995454258888,2.57531940189638,2.5638557533510173,2.5579870511868545,2.5751111673479152,2.5455659092035234,2.575553609687248,2.5701692858107394,2.575527133919234,2.5850013366989786,2.5558840718816755,2.56600678447842,2.565937573120739,2.57219390456594,2.563515804722453,2.5647645934218786,2.5776003819135287,2.572928638398021,2.5754144520016737,2.548214228581557,2.5658261869072287,2.558042292223285,2.5576100316519192,2.580642485827945,2.567234061552377,2.5824216256319934,2.574900255723311,2.5643916021076723,2.570587035098528,2.573729599888835,2.5700093777005018,2.570816511453044,2.569117044079268,2.577457751106538,2.564256383718602,2.57283117757934,2.5673214568666327,2.5681786725431928,2.5597577716784388,2.576999196402652,2.574943281371671,2.559767246433084,2.57258761123626,2.5719117628141075,2.571045296690857,2.567480628959193,2.578153924280265,2.5634689731307887,2.576319507014607,2.573838258459209,2.5730869722732157,2.5788990274090637,2.566275093637101,2.575488852817515,2.5671456027717343,2.575357682241738,2.572780524513135,2.5706360432083666,2.572011762388428,2.574511905289228,2.566370061301904,2.570844746906882,2.569389474146337,2.5792379091689317,2.5775714347486467,2.56446621713587,2.576206385074362,2.5746567083935976,2.5705259246619443,2.564069926779091,2.574618522920426,2.565699751240217,2.571737808421911,2.567843630305989,2.56718457737916,2.573586157729417,2.582645128099352,2.5728577727840847,2.571098593987292,2.5751143557748017,2.572790979746748,2.5664741926963344,2.566378004744581,2.5711899027699507,2.568900652177452,2.5746389572596398,2.575648695685582,2.5772865233354385,2.57413306088602,2.575049418452925,2.56750394199019,2.5721116018040115,2.5741311983937742,2.571652195252676,2.5693508700934102,2.567144644285596,2.577326660576142,2.5777725428796057,2.5766932430569955,2.5717964280847743,2.576525021979826,2.5722039577304536,2.570103173826555,2.5740577207971658,2.5685920419859216,2.573047155682181,2.573381880840549,2.5717983217136084,2.572106376036912,2.570098880687536,2.5764289012173376,2.5699453269560744,2.5685602554887987,2.572846746758288,2.572323412145585,2.570092296365858,2.572987624879384,2.571601559430819,2.574700506982994,2.5709573071832383,2.5733958419095333,2.5738793726237605,2.5708771180510035,2.568462740827858,2.571643192425917,2.572529552411548,2.5708685309926307,2.5743094951620744,2.5722053398873324,A31-18,A31,18,anthropogenic environmental material,fermentation,fermentation mash,USA
SRR1930827,2.076172121594724,2.041948819400884,2.078037622960015,2.062826650826506,2.0859763626213,2.0763259751156014,2.096010088463581,2.073150432219536,2.059743437639811,2.1048183065660018,2.0707966614986764,2.06256400601458,2.0759165670331394,2.060182097519228,2.068478982651189,2.078985028169282,2.043434093765748,2.081406860752997,2.078024573767212,2.0935079310251745,2.071953139859148,2.0724641802745385,2.0645840844440837,2.0694379575296806,2.0933565360016426,2.0898736298902687,2.079236971279624,2.062873644219237,2.086125593457221,2.085208302949831,2.067286528419082,2.070611425560361,2.0975221657200525,2.0685104573754107,2.0785390314567493,2.085120683184555,2.083058081827993,2.08654804500585,2.069284236568735,2.058625405349031,2.0914656277033123,2.077396823981622,2.0755958952625595,2.0742846399201187,2.0727708809030925,2.098394896378992,2.07658281982844,2.068771275210316,2.084637288038911,2.0859778323707685,2.0716239935657264,2.0739107011345514,2.081111457680756,2.0777883788004683,2.081668610299453,2.0732258251745583,2.081603531183696,2.0798479226486184,2.0664093154257306,2.078878614661821,2.077768594531249,2.0771316880756183,2.0871978308838446,2.081981892724222,2.078569622352086,2.0773872902767057,2.059669704850686,2.077253778603285,2.075422040372301,2.077633979924472,2.081605931804197,2.0738127733622163,2.073154129901565,2.0768033942255366,2.074642415332491,2.072090985922821,2.070615308640279,2.0676937096497645,2.0750799415672514,2.072722227382767,2.0810693842203096,2.084964854072164,2.0766694213641927,2.0817059796006467,2.0748393271044447,2.0806998958636505,2.076090435953126,2.078674916052954,2.081546362209134,2.0818506778121475,2.0801323077277734,2.0802322873972807,2.0818429786585413,2.076760313481056,2.0752554119442537,2.07796828785619,2.07741544278642,2.079918310735314,2.07917035822958,2.076500277536178,2.076607109814044,2.0801545783441826,2.076340339484729,2.07654164698852,2.078417920327622,2.076319275918752,2.084001632155657,2.0806283497323665,2.08067126261174,2.079237455441885,2.0783600969140146,2.078049680581481,2.0783608190638283,2.078652140014853,2.0782889200261083,2.0800429013204558,2.078071823624799,2.0796387776334537,2.077164591612776,2.078326559512124,,,,,,,,,,,,,,,,,,,,,,,,,,,,,,,A31-39,A31,39,anthropogenic environmental material,fermentation,fermentation mash,USA
SRR1930828,1.8951908097046128,1.8731562278576168,1.890266650368992,1.871548736191395,1.881538513295587,1.889680216578344,1.9274234425178447,1.87999225605592,1.946024853467931,1.8826422352550527,1.8933389460069625,1.8908522232040652,1.8911865782053487,1.880625800237699,1.89218192302162,1.894502938348361,1.880136113747192,1.8787868838175723,1.8805575099166207,1.9098162379502408,1.90358771833039,1.9039474560543852,1.9070397086403232,1.8860615391898932,1.8943656503014328,1.8930831097693317,1.8992754527817528,1.897083989364712,1.8932256878142109,1.8895625890196148,1.9067213062361497,1.8992306260566567,1.8930605502847004,1.89557282917972,1.8959757798064916,1.903959016011232,1.9037968719765448,1.906492090882794,1.9032255840651071,1.910168622634928,1.8906863444367088,1.8837048721929168,1.897933941178659,1.8941439497972188,1.8985564944761224,1.902186340735216,1.8921886149851932,1.896041757204143,1.9139985290419192,1.914282741196846,1.9008842025332409,1.896046392022968,1.9076329336456963,1.893035767467568,1.9025574552841,1.9092385235915224,1.903363373144252,1.8951304896279155,1.9117866690120973,1.9019230505405456,1.9088355251955589,1.898635585015856,1.9052514328224053,1.9094510078467413,1.8990186134326723,1.8968314377093856,1.8982177969401568,1.890824114938872,1.9038883058166989,1.9026552430774464,1.9016105196645083,1.9085296721925729,1.9000863538079769,1.9025905655648727,1.9015093212935927,1.8941084856746595,1.9092947552611497,1.9009830119904103,1.9046920337188369,1.896126965531976,1.9006063559642017,1.9091956576524445,1.8942549543956737,1.9024597844102464,1.8952266841553864,1.9002856828796613,1.8992819081882852,1.9026900219002565,1.9044867224257624,1.900709641211457,1.9018466050849263,1.903215419089329,1.9038227940831989,1.899691603681892,1.905472985911315,1.9054187300901773,1.90106756914664,1.900750051530617,1.9002935692192,1.9022021746375908,1.900937974612512,1.9047297627855309,1.9027345135892475,1.905982445669582,1.9056331395583392,1.9021463350469143,1.9023958891037096,1.898942023907162,1.9058059989798704,1.9043619900788,1.9016896036228117,1.902775738765792,1.9047125438206165,1.9019782083971333,1.903701808776554,1.903587246105366,1.902761289511283,1.903595344305431,1.9043166951490964,1.901927438275849,,,,,,,,,,,,,,,,,,,,,,,,,,,,,,,A31-DR,A31,DR,anthropogenic environmental material,fermentation,fermentation mash,USA
SRR1930829,2.4984111400467497,2.484203845187731,2.4936465838476694,2.480222954848395,2.521379747021236,2.4856691620225373,2.486273204681128,2.506962907991885,2.502241566270271,2.4933342002633148,2.490878017177127,2.500649716691334,2.4901491559642857,2.487770642042117,2.516316089577749,2.5149338952267017,2.496689726431972,2.5125324439512533,2.510484790914275,2.503656707565898,2.5095814523431703,2.5165129211504587,2.502142430855286,2.504142788034593,2.48913612718683,2.4983413538803267,2.501642369247857,2.504396438250607,2.496016343628146,2.494163396292818,2.5072383183113325,2.502873265350567,2.5059547525479684,2.4978795062352197,2.5153716907743395,2.4954012494964246,2.499955271798908,2.5019337747351127,2.49463513657155,2.497996203312848,2.5051016265632997,2.488000965120729,2.5023957125161416,2.4808537959553143,2.510187953400411,2.508129544527101,2.492337615111348,2.4973467273568155,2.4974099044655564,2.4977448175164296,2.507474974830669,2.49566260613822,2.506984710956489,2.509985425202637,2.5019660435932995,2.4948520965798244,2.500057118542089,2.5019108479849628,2.509188080074101,2.5003662226353023,2.5021749619164733,2.5033862245294287,2.5150306750074973,2.499528058401602,2.506415231558497,2.4999844979384043,2.502944252330834,2.493085888054083,2.4969147853402087,2.497509907910676,2.5027005419255723,2.511990488682464,2.502976178173075,2.504870776752807,2.506010804627575,2.5067283537128278,2.503773344894024,2.5077777166827846,2.503479849729658,2.5136733589260394,2.508120592337681,2.510325701047577,2.505533684783612,2.500553237346707,2.504133621886989,2.5045558020120566,2.5117238104998045,2.504520743102425,2.5046762829034805,2.5007277896263957,2.502020819065368,2.5028590892474907,2.502901707742912,2.505619950153441,2.501850884450067,2.4963044266408967,2.5064974627771663,2.5077679958603936,2.497600701761681,2.503867041411408,2.5064156349849114,2.500212825733874,2.504112648245247,2.508888163416896,2.506140831452121,2.494110421998356,2.501033725808886,2.504607215665232,2.499429485794501,2.5050401563483318,2.509466515718908,2.5042367197305606,2.5044354033299747,2.5039102751918576,2.499412760875979,2.4995402748777145,2.5029484455994044,2.504360067672927,2.504221536810057,2.5056694404595694,2.500293171626644,2.5030980837160346,2.503940764391261,2.5036132358397336,2.508256347852593,2.5023257128161447,2.5036250446245303,2.500600828085622,2.4999245622284265,2.5044460612110564,2.5045095187391864,2.5045711230333225,2.502910586090366,2.5083273213327866,2.498723905931836,2.502043505874568,2.502905935286847,2.50329050764078,2.502417535368295,2.5047736102882503,2.50366895661488,2.503099113915559,2.50517862736562,2.5042711475005337,2.5069173435635537,2.50152405142376,2.503921216519113,2.5039722592361864,2.506288242046648,2.502848475111731,A32-PS,A32,PS,anthropogenic environmental material,fermentation,fermentation mash,USA
SRR1930830,2.0946955241194534,2.081462945120282,2.091551299718468,2.0939643118103843,2.125151349624561,2.087499932987307,2.101589409133979,2.089086902380064,2.1344025844663284,2.0608085834760383,2.099828673219229,2.0878998659410497,2.079382817366944,2.102902516127431,2.0875585204325398,2.110838416886305,2.10447543878156,2.1063410162122227,2.098858931860035,2.088259302241322,2.097757230573952,2.105605333771376,2.109585355710858,2.086729177230997,2.09900022566609,2.1135190594362934,2.10200705463442,2.0911456976060245,2.0948246794986,2.079468972425857,2.1016767476942464,2.1039646774312715,2.088144482618944,2.105578765602849,2.0890016707325483,2.098660785176391,2.0787826309359403,2.0915500506346296,2.113891942328282,2.095621149525672,2.099513294382432,2.087097589098527,2.1087764997547387,2.0989159771786525,2.1056947655665783,2.0955141815741145,2.097691764413041,2.0994425110523505,2.095154115961117,2.091796711473447,2.093040794887945,2.102768445172238,2.096033563760597,2.098712431472925,2.106064557289764,2.087779923648838,2.088335575315813,2.101041296324052,2.084090890359383,2.092522053835938,2.097867876399173,2.1029248143290364,2.0987939538335345,2.1010834771296087,2.100731682159659,2.0984300417472386,2.096071488283412,2.0979056759493666,2.101239121664064,2.110557109195421,2.09603060232601,2.100843287013456,2.092721148684667,2.102491278721484,2.102694561720197,2.0938320407676767,2.094239170455072,2.1079217663507666,2.1015069189376767,2.1017290890821325,2.1025225654036115,2.090376501917472,2.1000322024683173,2.107562992919597,2.0969088126438136,2.094335936029452,2.097157562917533,2.0873528899558096,2.0968989326668512,2.1139449780285675,2.1000281751914938,2.1133207222023938,2.1068325228779967,2.111709446828221,2.093357924978746,2.1020623591449934,2.098098008239901,2.102022405810668,2.099935569904249,2.103320441812988,2.100749950795124,2.0967732265626133,2.08735784747812,2.1062507499296736,2.113822650265535,2.097157605497298,2.1030258637559123,2.0957991093102843,2.098240979983101,2.10062332523353,2.1073309246695566,2.106113505423585,2.099241819830385,2.100617829140281,2.103104609697102,2.0998858732122825,2.109217224993292,2.092562651497837,2.103427971223228,2.0959877163104497,2.1028091627591907,2.109504178007517,2.1006633800002428,2.103325974069376,2.1031804720931606,2.1077934085761134,2.105340776903479,2.101248965146762,2.089018274891812,2.10498151034368,2.108790897664165,2.104177999374936,2.103573600437939,2.1044055918967386,2.1104101336800807,2.102579075846604,2.091415889097074,2.105449075681044,2.0966342432064526,2.09885327716679,2.1034695121447173,2.1038269998833123,2.1111960625040407,2.0986268904045997,2.095675740873354,2.0947325529188974,2.10060246397041,2.0950244640392413,2.113240663114106,2.1027737990052136,A32-10,A32,10,anthropogenic environmental material,fermentation,fermentation mash,USA
SRR1930831,1.7163266481002573,1.6919189719022356,1.6888198895609423,1.70295421875338,1.704878304587404,1.688467950760262,1.6738564862086058,1.6886690329694176,1.7030814565938963,1.6883131539128693,1.6990143834279068,1.6947432413735255,1.7049388088479105,1.6853602884416294,1.673458813883354,1.709144759195656,1.6917135126873482,1.6964922911832918,1.7055360207298609,1.6967540877952982,1.6975669369792912,1.7163315563401242,1.6976393047302545,1.705040474230684,1.7139870726710236,1.6932722118168588,1.713060334933141,1.6978276405662875,1.711631031996933,1.684662320064991,1.6994444854087636,1.6883958132760095,1.7130740130212423,1.7033560053377703,1.7001098868610642,1.6978667560398557,1.6960886320820243,1.7042256247635077,1.7001524807126256,1.7023314953444213,1.694317998644929,1.6970157061126805,1.6995358793591604,1.6929120847251282,1.6935990692274965,1.6899985407341158,1.6953399914720737,1.705067403721633,1.6976420185925831,1.7044562280268347,1.7018326794423366,1.7079924547709342,1.6972763832234763,1.7007153450975998,1.6899845844469938,1.6922403944902322,1.7054824229932573,1.7111805242411022,1.6998307453052135,1.708644044952774,1.7078789519249122,1.7105421740828552,1.6972536687498618,1.6882560335724364,1.7075751380694408,1.7000209255896572,1.7015021471437888,1.7011004087903827,1.6999658059377254,1.7030958498514392,1.70676081531549,1.692363857206472,1.7014494458043647,1.7040587697192342,1.7124712304116303,1.7017731134695384,1.7064312042020926,1.6912260282250786,1.7014537408770316,1.7082244733790417,1.7011352980374472,1.6980543474733865,1.6976674736954145,1.716475798772923,1.7067339904903291,1.7059589917328108,1.7025055755965257,1.6969424368893236,1.6950259750634264,1.7027104858321715,1.7114759924554497,1.7002762669117248,1.7016782246510187,1.6992022149539672,1.697437743936479,1.7068987693853857,1.701737171607596,1.707870829722997,1.693127146560205,1.7064068866047362,1.7017426274252885,1.702207365546844,1.6961545954322774,1.701307533928507,1.7049413601616892,1.7026086735145525,1.69975170069522,1.7030407554024267,1.7030288836192575,1.7017162970432185,1.709905668959304,1.6992792582212803,1.7016300165200935,1.7060989961038289,1.708951168686594,1.6979238223328943,1.705524353590682,1.6995839111395616,1.70153039621795,1.7059836697671942,1.700818748720356,1.7018283360881656,1.7046645044359443,1.7095265287329826,1.7084223182319336,1.701203642386092,1.6941668948315238,1.697015060986857,1.7023687330961763,1.7011955434982329,1.7022504663520213,1.701400404066467,1.7013060433864875,1.7014158169799571,1.700275314377388,1.7054470246000162,1.7038979190028278,1.6996938519968492,1.7070270755924248,1.698970299886951,1.7005840607394311,1.7027454696739155,1.7002302160878744,1.7016989572097911,1.707205354212599,1.7042129003085396,1.7166797927178676,1.702866321301579,1.6986086895702075,1.6947254354319674,A32-18,A32,18,anthropogenic environmental material,fermentation,fermentation mash,USA
SRR1930832,2.111348679671829,2.1226711862987564,2.095487164709124,2.143652161696844,2.110008082760883,2.120701757207755,2.124332335008688,2.119303619123725,2.12037956096727,2.1122637831047864,2.1207961849827064,2.131695308243558,2.1106670385330406,2.1414364082090924,2.1137576628934887,2.1395733848755647,2.1267421248031435,2.132316622230217,2.1240924708404507,2.135561949484753,2.1111214646885,2.13756250368978,2.1231067646998385,2.104855636436458,2.127342212313756,2.137102223154012,2.120509198696139,2.122349351251585,2.1198573362798667,2.120587373969087,2.141905545312788,2.127978741558344,2.1422239228810613,2.1241760504244014,2.143338658287305,2.134928202422617,2.130178633282587,2.1421467724867003,2.128339525843943,2.137475842397044,2.127629253499937,2.1354483375206046,2.134127047332581,2.121590368016692,2.1249702103131183,2.121055932828516,2.117393629303797,2.139728969553515,2.1482997384309543,2.1266768489133816,2.1364985728334798,2.130505223177864,2.1394015107518727,2.141638029818164,2.134605519995542,2.1211549003033827,2.13801223550085,2.1379091617905344,2.131561100269018,2.136323805853033,2.134676949478699,2.126671420252628,2.1218049435277173,2.123251503117972,2.126962860624221,2.127371929032095,2.138501428391706,2.126746277910403,2.122833165824214,2.1339101819835444,2.13279578139068,2.134654394658424,2.1375497113793744,2.135668793654231,2.1332669628802736,2.1379206065895584,2.139268134356674,2.135617069180916,2.141412505912436,2.1297169674058334,2.126419439322309,2.138495455814471,2.131759850440292,2.144002199292013,2.134551717153042,2.1340396137476234,2.1357482798525624,2.1352777375848797,2.140853725493452,2.1349151431445392,2.130188986918783,2.135036797744075,2.132651634643933,2.1309876057467587,2.133027309803961,2.1320738432415323,2.13214027126573,2.1347325836885,2.133359449166085,2.1337796983336266,2.1310179991458886,2.1443077219478432,2.1333646287505847,2.127592476494126,2.1336993251363774,2.1292024716307987,2.1316808009034047,2.1297412579422472,2.135167643017602,2.135245311263854,2.131711138387099,2.135575213766074,2.1356834065159025,2.1382718895948583,2.134934931772188,2.1402798819071958,2.1314095269217845,2.131070330015846,2.1281015065147257,2.133482935255009,2.135906873668591,2.132925046097504,2.13009686748414,2.13657516090901,2.1344450899804097,2.133180560384973,2.13501542936822,2.1330366541718235,2.1357934580157063,2.1399194998819326,2.135296756313695,2.134487704794249,2.134309266975769,2.130086086688538,2.131008636374776,2.131896744376807,2.1295254647296407,2.1298384766894696,2.1340846161871454,2.132525221202068,2.134229950294694,2.1341397815703567,2.132233536117733,2.1320444659402846,2.132552477733185,2.134014850394346,2.130500261304561,2.135207135557665,2.1369495918335253,2.135165268837907,A32-39,A32,39,anthropogenic environmental material,fermentation,fermentation mash,USA
SRR1930833,1.998380734536064,1.9664551948352191,1.9670696757462047,1.981509851491158,2.0110836723054755,1.968752487362092,1.9952377568756965,2.017105573709854,1.9857193597641325,2.0103773187705447,2.0000417810233952,1.9935115619631107,2.002573292168817,2.005761451268905,1.9954380934752352,2.0092846914241926,1.974102024895458,1.9875737043544628,2.026778442502653,1.972170105662455,1.9981594245464491,2.003945966065182,2.0121603417620504,2.004224553831985,2.001100871139602,2.0022860992807856,1.9787922973404335,1.997103593414629,1.992074605940357,2.0005320791096914,2.001777457724856,2.0107636057013294,1.997184251615101,1.982770035265076,1.9946045622929116,1.994697220366338,1.9884802703994855,2.0036727292428607,2.0036711003684,2.016076250386025,2.000386982841912,1.998059715654556,2.0003455416768667,1.9877706029488984,2.007358343563559,2.0011934379941114,1.9912787053596308,2.003252835015844,2.0100353006824183,2.001516627972365,2.0072289018056626,1.9989306161079812,1.9903803022531303,2.01214070672537,1.9891616973826332,1.9946933122810129,2.0078690237603887,2.016534073184047,1.9986333661700948,1.992264478704518,2.005829141489517,2.001284840815333,1.9922197263935415,2.004683286336258,2.0040899214887644,2.0021872817528843,2.0062849211236844,2.008123776560065,2.008496226953681,2.006202508675903,2.00387123883196,1.9987694619006,2.0073735884880843,1.9958096812106052,2.002611932246261,2.000360889688046,2.002890359863529,2.006352179549628,1.9965290581738997,2.000344344531736,2.000254778357502,2.0024852772584683,2.006266023435588,2.003626648521647,1.9984386621382848,1.9935593879481863,2.0039474853838377,2.0020462393326626,2.000044751307588,1.9910457734650149,2.0051406157125107,1.9986384195885136,2.006661658826103,2.0061948370679623,2.0049756337478457,1.998795469774187,1.997238516911934,2.005815640785148,1.9992882372813647,1.9995378745799155,2.0033600074785527,2.005661794280201,1.999416391330456,1.997958266384693,2.001844342844163,2.0033012263020886,2.005941837058561,1.9959082218194213,2.002780865521342,2.0025515261488662,2.004289278987024,2.004364794567843,2.005260006908654,2.00173946289469,2.003266105334551,2.0019811623466595,2.00137066715506,2.002797747694653,2.002407447504557,2.0023227901139324,,,,,,,,,,,,,,,,,,,,,,,,,,,,,,,A32-DR,A32,DR,anthropogenic environmental material,fermentation,fermentation mash,USA
SRR1930834,2.1205263939546475,2.0807186063904166,2.1045949736149785,2.0799739461478715,2.085996028238246,2.097464818854264,2.0890318709608597,2.0903938462994494,2.075324294396611,2.1037334794370413,2.1121305491770515,2.1173334252116884,2.0910363341634133,2.115509711671722,2.118636763827861,2.096577669978775,2.090807197156074,2.098131269829948,2.100676273149548,2.1084743356593094,2.1348632085211747,2.128135456653143,2.1161022044381297,2.0663992868839407,2.135675524197368,2.1139107431034865,2.102061852863132,2.102058290641167,2.108631618558329,2.0916691127789315,2.1273627743868557,2.10272543913009,2.114840439767156,2.122844482847495,2.112303205328055,2.119596064446545,2.1037828855102094,2.1201758047416126,2.114510510557105,2.0928660369472394,2.11126920810052,2.102542432019312,2.10377726469106,2.1282304153322262,2.0994715392461605,2.1103720671103763,2.110620193969789,2.1113237237497,2.1168366467972293,2.1028864366344897,2.109710009280592,2.090863762567082,2.100657884181509,2.0949266058211133,2.1156336886859943,2.1024223394610964,2.1156336056089,2.114363444635434,2.101312964149312,2.1120956346734348,2.109797439651921,2.107727214297947,2.0964637381834352,2.1166063733520475,2.1111433128388235,2.098325665951179,2.110289521469433,2.1001224535280065,2.1005701061665505,2.116271693259855,2.0974767558083736,2.1010282078700957,2.111856728295852,2.1140164391516816,2.112444214919834,2.113811115396525,2.106611737109775,2.113944770024017,2.104033127252891,2.111157574761898,2.1125345990816125,2.113184634131177,2.1157531078747933,2.1047352991888006,2.111479333051748,2.104229876929233,2.1148087983945296,2.1010644635053946,2.115408371493338,2.118866637861417,2.1017117221645565,2.110344982883402,2.108304713763212,2.104079118806371,2.10567589464133,2.11101592300641,2.114551269594092,2.119418599077004,2.116197780975952,2.111645649279066,2.1141906085097086,2.1127735725452026,2.120917350676052,2.1146564826108776,2.117374978270756,2.1117000971978257,2.1039739510003272,2.117846650088037,2.112683607085996,2.104272380176194,2.1159547493632163,2.1039999616363283,2.1161869955736017,2.113048024030452,2.106203869122641,2.1232673904169297,2.126557815871704,2.1107448723248994,2.1094661796097744,2.111919690373739,2.122809774176732,2.117894539165954,2.1126892077703494,2.124014784977434,2.112285127011761,2.109248814542036,2.120059510204628,2.107421796799503,2.1133776514846843,2.1206613242114085,2.1117588696637712,2.1195982204209227,2.1210161942340573,2.109774108602249,2.112609654551832,2.1185664968360425,2.1163155320935174,2.1188505281003978,2.1148034147305173,2.1111780259871145,2.119796274243271,2.113102104166838,2.1116955202752123,2.111255798728376,2.119696119257,2.113129948788102,2.1198925054300606,2.110545416370126,2.111446554067989,2.112304162859306,A41-PS,A41,PS,anthropogenic environmental material,fermentation,fermentation mash,USA
SRR1930835,2.3208744253981184,2.2839521769166704,2.2463548172953263,2.27484363497508,2.26325504524238,2.2990555697959083,2.249168167143822,2.2741788513838395,2.2532460487860453,2.2603819123922944,2.258175522350592,2.276858927828524,2.278229561247273,2.2623136577862843,2.260026034421994,2.270197763019422,2.26299599027674,2.253406356727945,2.263485554751352,2.273210474926248,2.2970186963405226,2.277535250561805,2.277625525590989,2.292879848371961,2.2774627969776264,2.260461808082801,2.276742858070956,2.272528296752923,2.267471644741018,2.2780433284978616,2.255269881078372,2.277859616134485,2.2555754613717114,2.2685409420990945,2.280377573115211,2.264692256391056,2.2558553779145787,2.277217955484473,2.2701146589443217,2.2548738535759045,2.2698371607277634,2.271049546660469,2.270562070698576,2.275936712788767,2.272995449463504,2.2877100084027493,2.2677319360446586,2.2753494592909598,2.2828487234756443,2.25810737479441,2.28894645155566,2.273843722690529,2.2722017801705605,2.2675667697961077,2.271689672986056,2.2871691626186097,2.269940372479629,2.278529101759302,2.268912418733765,2.2686327572221487,2.2760338014458483,2.261978866704576,2.282635980757174,2.280454040453013,2.276893964415988,2.2720456355924794,2.283354796257944,2.272049712695739,2.2825650922761485,2.273948281972097,2.2736170880136752,2.283269700159819,2.2885497122511738,2.2666993285435626,2.274725593471747,2.2682578668295683,2.2820858975760325,2.285761805302645,2.264569331532148,2.270929239969991,2.2684309490541565,2.2721214409544066,2.282577348095424,2.2772082736930708,2.275655474739698,2.2761438452464926,2.271194190880132,2.276337056478375,2.2741343880648617,2.2742026301184857,2.270425553746237,2.2729175525943712,2.2793747878191346,2.27265253160461,2.277002573721185,2.2735631474751514,2.270928944376988,2.275731148409922,2.2659593104843765,2.2800461242004717,2.2761968319864843,2.273357769464211,2.270007654172872,2.268663955539881,2.2718516401374087,2.271867224672152,2.2756455250183287,2.2716666956967653,2.2798030482410967,2.2656095377499645,2.2741255141648877,2.2697427908028507,2.2694729187476943,2.272935764993604,2.279199512870829,2.274792400106196,2.272293915123442,2.2744755117895594,2.275832717084426,2.270501577795971,2.277478999126167,2.268751893065366,2.268797043111045,2.2701544992837333,2.272204457605074,2.269012186079661,2.2739296064107317,2.276483610723454,2.2754550252478656,2.2777110153594444,2.275327590220422,2.270626057963289,2.2728512802569734,2.2718066565095363,2.269358023317044,2.2704440708114686,2.273030063121788,2.276551935239997,2.2735806588994234,2.2749821637316097,2.2717410084638847,2.2780742531836875,2.2722697751709373,2.2714122538328136,2.2738114278710366,2.276446733591155,2.275093543822512,2.276092569497037,2.2738291385198384,2.274714176383584,A41-10,A41,10,anthropogenic environmental material,fermentation,fermentation mash,USA
SRR1930836,1.8574517925661151,1.8456021380392185,1.884859604718079,1.8654761927607724,1.8716539147841624,1.848965389470549,1.9090467651846872,1.864337185675408,1.862753493344805,1.8987742325382,1.8545280934042403,1.859612180820918,1.8638886228510316,1.8684618180295605,1.869730615143148,1.8659686805957625,1.8691535378295483,1.8539464989994077,1.8625255354727397,1.8593908172361164,1.858434051908712,1.8634051534218727,1.866388297978023,1.85200952739142,1.858332986478311,1.8743885830731013,1.8646840108391656,1.8699663586281527,1.863698147247854,1.8540152049197105,1.8624237955516965,1.8565988215885232,1.8709728137983928,1.8549820354891904,1.875208096468596,1.8622524423624012,1.8582993994595327,1.8533504312263491,1.8523910703904296,1.859329899472152,1.8615218909760392,1.861234527962356,1.855630501816284,1.8567731933746088,1.8575765856202224,1.8554579798656967,1.8656782566280763,1.8640135082357416,1.872074000348884,1.86424213436448,1.8612306130001293,1.8690202061166084,1.859852556984023,1.8642958443914752,1.8735751721411296,1.8546806017375788,1.860935470410137,1.8626192659735623,1.862199356905822,1.8586643623889256,1.870125205091764,1.8576395313612024,1.865159020277582,1.8692142980651003,1.8636800970003475,1.8664198794996585,1.8647162326733469,1.8577620131479424,1.854985571438712,1.8648295198815807,1.8609368854562636,1.853633681638808,1.8588879122969344,1.862614053816024,1.8681265222506165,1.85617708886147,1.8614985579214167,1.861688155247496,1.8658125751156376,1.8663034776476537,1.8593559774131692,1.861123260062956,1.862111179741953,1.8646418375822091,1.858969067109783,1.86262088417686,1.861132118946561,1.8664552265406469,1.86613577886236,1.8672600869843976,1.863260402657215,1.8617543890841648,1.8639175678585256,1.8681958301348167,1.865528676491883,1.8651773437450925,1.8621697160768789,1.8677578640068797,1.861332795388209,1.864876730676784,1.86325009754498,1.867965078861543,1.86007389694976,1.8686848358983392,1.859557598367072,1.8643059093942176,1.860421727737184,1.8631749609112995,1.8675823229226065,1.8612271152072288,1.859748247171512,1.8672098561322503,1.862348103481721,1.86086003820114,1.8697376357809576,1.8655459070809424,1.8662164202781453,1.8645364670402107,1.863111841295376,1.8631711055613072,1.8570857406174115,1.864599660988248,1.8646167418320163,1.8625935933300424,1.8641878457616807,1.8648516063654963,1.8612362296021976,1.8654231816664333,1.8604321030312156,1.8632560091038328,1.8628993082111085,1.863385542037176,1.8636859098507943,1.866728946481148,1.8650130102579836,1.8659701932086423,1.861661219988291,1.8666772079887737,1.862735545498367,1.86345541220267,1.8624559722713487,1.8619968720960465,1.8650285610124893,1.8617592163822048,1.861435471185105,1.861910912941301,1.8626526259406768,1.8627732317385464,1.866304933543261,1.8629020234028013,A41-18,A41,18,anthropogenic environmental material,fermentation,fermentation mash,USA
SRR1930837,2.2646271411938668,2.1999137925838794,2.2392245211192043,2.2476466270650284,2.229105217910889,2.224857154221473,2.226080769039218,2.2529024685599697,2.218263460625306,2.228964038411969,2.250044952695215,2.247222803997134,2.228536924957368,2.237058736312808,2.252162844241457,2.1999912096636667,2.247604596972506,2.244280601966523,2.243249533122829,2.233760868921117,2.231691589231911,2.2539910934721874,2.2592615410690238,2.223790822151673,2.245748441820356,2.237344503376075,2.2511798216531056,2.224103155512711,2.226750761056476,2.227368118083576,2.2629804457417686,2.2477400058245283,2.2488639807569784,2.2309086622717764,2.248429700439664,2.2332582938735888,2.2268724603829466,2.241692572991828,2.2323282187569684,2.270488247824403,2.2519662815307764,2.2398504835019466,2.229156629280986,2.238728726338046,2.2462043538080825,2.2463615371198964,2.2395399644693588,2.233635459871597,2.2405931568893136,2.244601741845036,2.240174538216628,2.246542615713041,2.2191434372154086,2.237202680959048,2.253105833246311,2.24309940284725,2.241461040857402,2.2441084182608173,2.2328991951682533,2.2286448893885784,2.2389286972449787,2.2514203761620357,2.2315962473284268,2.246850791761456,2.241389261768243,2.2587542162280467,2.232313327001616,2.238733103255755,2.241694640289106,2.2423900312020897,2.2422309500598763,2.24616469475657,2.2504200020826346,2.257924849746959,2.247723135150701,2.2339489291682484,2.246381663664335,2.2417032040650726,2.235620425277367,2.2479203270798025,2.2423769713145507,2.238790349951636,2.243205509818992,2.241534925871863,2.2456638431362435,2.240321929597797,2.2417844234097504,2.2393170240156746,2.250191668574792,2.247578358607269,2.2422050228467407,2.235966992221264,2.2335634746529416,2.240031500026833,2.246232112128016,2.2429971627871166,2.241408000878163,2.242848204727406,2.248090699104052,2.2457533001772814,2.248440760980689,2.242247743494791,2.240984216191178,2.24498654626827,2.24100128958576,2.234534093486247,2.2445562846236955,2.242232245463985,2.2395205464014216,2.2378218110322585,2.2389567307532663,2.241935374114437,2.2427717214045164,2.245263148272786,2.2449238927631257,2.246189069318582,2.238894400987753,2.2422284844286526,2.247486369858038,2.2512307912572798,2.2481975826742846,2.2469173902649957,2.2471716004390623,2.241242400226041,2.248418371029865,2.247836557174428,2.247979836962371,2.239793532758025,2.2419612001097478,2.246406990509637,2.242076045574045,2.24210950004623,2.243554400905969,2.244415298922738,2.2435392423353644,2.241788775581886,2.242175927175232,2.2418446129380727,2.235365346110518,2.2406847730649635,2.241655828375259,2.247639968764892,2.2476624164553245,2.2431732948879537,2.2437560572193798,2.241948967842581,2.243500012686945,2.24287330971696,2.2412783723868355,2.2430346782088466,A41-39,A41,39,anthropogenic environmental material,fermentation,fermentation mash,USA
SRR1930838,2.088689174028515,2.080684454005689,2.111670361836156,2.0624292754652043,2.085826410175379,2.06167490001115,2.0720158067862005,2.094056921069242,2.0809208393108314,2.118678392292882,2.125421337226008,2.099707134279627,2.102728444207488,2.079138543203383,2.100555840859808,2.111341772258038,2.117810160575142,2.122739132627048,2.1049999956204832,2.139446398369439,2.108237889326862,2.088557350329077,2.11489259302976,2.103221100103362,2.084873264321504,2.095320772944513,2.1292462868450923,2.116165658208577,2.1027198178760846,2.107044595357066,2.1051343534611844,2.101063683793043,2.102995696404924,2.1038544929698118,2.109697570566125,2.1025204485265463,2.117478099662509,2.109091757755739,2.1161186073412086,2.1181974551916625,2.090430417617944,2.1020179519852205,2.097128132999832,2.109461512783011,2.095896696136549,2.1171020166425825,2.1097032359017454,2.0997463007517423,2.1095642389406524,2.0954476417416794,2.105188814087277,2.0999760728743464,2.1119950529715856,2.1050638381854143,2.113091913283699,2.1141308943862973,2.105812687286873,2.1052525111912845,2.099067625538184,2.114641560351346,2.104723397982353,2.105625975923181,2.1018603166730725,2.109002481440976,2.1072462225776345,2.112927651440972,2.108712329976837,2.108465792001609,2.1035574245387645,2.1084767341110195,2.104560897700852,2.101246388658643,2.100294638275163,2.10974073082766,2.11667437980616,2.1044041648748597,2.108096876804643,2.110884712777604,2.098676685820635,2.107481250800804,2.1099224200689486,2.106580862003925,2.1024508872727594,2.101336791374244,2.1030015812412053,2.1042473651085274,2.101450221537554,2.102579716638797,2.108267478874636,2.107077353297933,2.105012481200323,2.107204116990061,2.104045633573169,2.110567670387548,2.102908799673607,2.104516764565005,2.110154202709226,2.1110686398422227,2.108991216843465,2.104852852114629,2.1083671666478283,2.104923042844407,2.107992903802219,2.1061596892672254,2.1043708550111604,2.109355612769521,2.103822853876601,2.1051464862137808,2.1080354107455737,2.1045820364268595,,,,,,,,,,,,,,,,,,,,,,,,,,,,,,,,,,,,,,,,,A41-DR,A41,DR,anthropogenic environmental material,fermentation,fermentation mash,USA
SRR1930839,2.266978934145001,2.2795607094780626,2.267661373371332,2.2513040305412453,2.248191264044056,2.278363881443485,2.292043773517892,2.242214338382181,2.241410961297945,2.2788780294033324,2.2805012197247,2.2685558429615837,2.281603549340256,2.284275897662853,2.2804554758463387,2.261159947069718,2.292642478086672,2.2339336349483823,2.281312134870164,2.259468778242864,2.285681768796122,2.2745264410984007,2.2707477077544875,2.2904070618244314,2.280366339972823,2.2741139754134747,2.2624171904502464,2.271448310209113,2.2626262574653224,2.282652446874593,2.2792470955825066,2.2647673998754136,2.269006822801532,2.2693149862642192,2.261054029930316,2.261179102902683,2.267790153375918,2.2588774120528647,2.276539783802501,2.2608006502257494,2.2748714873903886,2.269561994047006,2.271112607167665,2.2585069529664668,2.2648012175886314,2.266139988444852,2.2714570594801398,2.271413563001695,2.2687494029212525,2.2568286832421185,2.274262680347342,2.2622008912033844,2.276648658283616,2.2747134433817258,2.261004325296768,2.264962659489788,2.265026582817894,2.2743906512551684,2.262162018891674,2.259116935306831,2.2743998901135867,2.265425679146711,2.266901121808816,2.268406628519431,2.269918607228409,2.262092635690556,2.267879374749697,2.2733068253638464,2.272174825765087,2.2674696107727565,2.270713251798863,2.277190042992421,2.2658690715778564,2.270334261651889,2.2690857211834303,2.269705572622612,2.274389030002657,2.2754735399818613,2.269571134300739,2.272539338500754,2.2737373278167468,2.268871323518109,2.274590201872959,2.2714873247778367,2.271067738613524,2.266514913331468,2.2659946763564536,2.2726355024269265,2.2688690224924573,2.2706098172518843,2.2651098473719222,2.2733207342102397,2.2736340884588127,2.2737447665842554,2.2735484919837723,2.272885384978288,2.2712176796063783,2.2684686077312954,2.2738731756284545,2.270361426974964,,,,,,,,,,,,,,,,,,,,,,,,,,,,,,,,,,,,,,,,,,,,,,,,,,,A42-PS,A42,PS,anthropogenic environmental material,fermentation,fermentation mash,USA
SRR1930840,1.692069274879756,1.68838332182688,1.7187759465345012,1.7262883778408962,1.714152131533059,1.725738878081571,1.7183384061955915,1.7227090846663646,1.7064051753695697,1.694415971964228,1.7160115878562017,1.7398025259900085,1.7221497535952932,1.7146643227792726,1.7093318742669965,1.7052843318523003,1.7167209095185902,1.7371215163097673,1.701655104028209,1.717305266954159,1.708812828763108,1.7269565824433717,1.7313110969063328,1.711416094858338,1.7175900617808528,1.7345410122400493,1.7260821865422469,1.7258034811730525,1.726368710779146,1.7263618918206405,1.727832334887201,1.7196058256706177,1.7239738227037198,1.7101671848270157,1.7166953654956745,1.70872806816419,1.7297530612691052,1.7146451654434156,1.7163221965527045,1.7271281361561035,1.716476680531582,1.7351146417873309,1.7202879854739268,1.7281689111119822,1.7072680479748008,1.7088233233655776,1.7335847287667765,1.713005859097316,1.7157619759321452,1.716179274032028,1.7250139604175654,1.7271187099145486,1.7223455624231845,1.7187150603070267,1.7263930487788008,1.71750680361472,1.7212250803480773,1.7220362754777163,1.7158807962352731,1.7260545973845516,1.7221528045930523,1.7319426569205665,1.731211763868108,1.7114863480644378,1.713660965806726,1.7148924189032493,1.7220743678370145,1.7235724700791497,1.7292743671550566,1.7224165486866791,1.7150741242237868,1.721009443346449,1.719936703816073,1.721920221049246,1.7170304586764915,1.7195825719919204,1.7238203842992308,1.7307998395932138,1.723015040214634,1.7220048830917425,1.7153657443420132,1.717112588438941,1.7183817211686556,1.7219737965764603,1.7202631456391706,1.7203796220820786,1.7188319566534518,1.7149001364572996,1.7248540015299465,1.71772959587699,1.7260754995382734,1.724774514812745,1.7225042475501595,1.7174034316396347,1.7140061790500771,1.7224072255162288,1.7224882929579557,1.7260975005265382,1.7231121507689182,1.7219131682659063,1.7280024284394675,1.7264654355656763,1.7210661237462554,1.7279564344569924,1.728759859771155,1.723213199833484,1.717516646785889,1.727864690401106,1.7186719378831226,1.725077539554414,1.7280052353943187,1.724373308191867,1.7226274116874287,1.7219142140928674,1.7216441484565186,1.721512701393588,1.719316080271977,1.7260485916253832,1.7209981381652375,1.7197730421226878,1.7241680032113482,1.7258299955150866,1.7187941174037875,1.7258728528854932,1.725373164052378,1.7205274045550665,1.721727891498418,1.7196140392864705,1.7217654247944003,1.727660198810151,1.721521284704126,1.7228634003410996,1.7201984744467873,1.7214428607787262,1.7264151161546135,1.7224033080159702,1.719327602894879,1.7224714770470653,1.71884450348013,1.7243242079084826,1.7233527815751624,1.7211713009344591,1.7210213835660948,1.7243852229832295,1.7220046896069394,1.7245264769803743,1.721988316092434,1.7230785479348274,1.7196529018600537,1.722046586330784,A42-10,A42,10,anthropogenic environmental material,fermentation,fermentation mash,USA
SRR1930841,1.951812990259868,1.9252430592482117,1.9338417707726576,1.9140990516310148,1.9139343259071648,1.9586036529398336,1.9511445964516303,1.941134632572897,1.9117703203661949,1.95060613182827,1.925834364842504,1.9393256113627828,1.9392964975695544,1.9248702625114007,1.93821779771818,1.966210499745519,1.952770881208196,1.924335531297369,1.9230734410624413,1.937050049538475,1.9290800387479985,1.9443132073337408,1.9233229186625251,1.9630160579814344,1.955718082163227,1.9602529052730808,1.9268072230720807,1.942464617147996,1.9253313221740755,1.9433461874380304,1.9496818116004777,1.9516983134216368,1.9452889859234272,1.925789436851765,1.919748220807677,1.952503135516188,1.9504624265255588,1.936233097534891,1.962729498015092,1.9583909273281623,1.948651587451245,1.9475814210610645,1.9454167669320923,1.9561753035060463,1.928494865813799,1.9567051730144516,1.938102534064756,1.952393722348203,1.940651242014001,1.949670037892218,1.9429961700030705,1.946181861093368,1.949070013365336,1.9383636317271595,1.952960047344873,1.945222757270562,1.9471175671026264,1.9279372724702937,1.943663826362754,1.9399621510075693,1.9517727035883297,1.9302965864917303,1.95397259153834,1.937568562542597,1.9461361230896363,1.9436141044858477,1.9478934871562992,1.942173296285968,1.9537888832163304,1.923524224025432,1.93924892898478,1.947641631945512,1.9447363759269976,1.9459014464803424,1.941514307627707,1.931784064702668,1.9412611937028124,1.9347820718623092,1.9404691233984137,1.936829015646924,1.9395696027428204,1.9361048403966543,1.944335928902099,1.9486159835901664,1.9480426001587383,1.936057404061993,1.9416928532765048,1.957567663480576,1.939404215370796,1.9428631681113455,1.9455693011048836,1.944507393674673,1.949360808203508,1.9523594747448545,1.9494309029060128,1.9496594919251944,1.9403577798319545,1.947522968864088,1.9428738670044137,1.9435543177455965,1.943139341506533,1.9491995232611568,1.9445015268817396,1.9464793269050635,1.9405402404384464,1.9394120826582548,1.940353501120913,1.939298912564444,1.94371184990884,1.9411542405618332,1.9422120717996336,1.941086361587656,1.947923570312087,1.9433904409152831,1.945837045702281,1.9369154730687133,1.949366062151917,1.9395724461332164,1.944023254299387,1.946830145118538,1.944961221128769,1.942286399968127,1.9384737683102264,1.946791671271228,1.9469910117694773,1.9410102442586927,1.9451385842649036,1.9464688281292688,1.9500490844237817,1.9544983080064169,1.945331280782387,1.948134772185257,1.9472048025276512,1.9468057368156044,1.9469056354336665,1.947798847743153,1.9473285407044625,1.9439927074647605,1.947005719522414,1.9502250658191451,1.945430364649196,1.9496504459233452,1.9422131240538167,1.938848572314796,1.9493732225624376,1.9417666610013156,1.940494746695,1.94379148829683,1.944650640489351,1.9411861925868443,A42-18,A42,18,anthropogenic environmental material,fermentation,fermentation mash,USA
SRR1930842,2.355517263095268,2.311260611723628,2.3417809700458285,2.324308934703375,2.3594094606152547,2.344108510509808,2.3350924996795204,2.327441252895534,2.3396063707724357,2.3450641818262423,2.3700153576950083,2.353461600193252,2.3292516222862814,2.3669607042086187,2.3531102255999308,2.358595072949084,2.3632775988353982,2.3407429145298395,2.3459770897116394,2.360906979971029,2.358132520300055,2.350380986047018,2.350872447701992,2.36665974396962,2.360724790300692,2.3353797319454737,2.354603808208484,2.351565759759664,2.3515849649513663,2.34785866137722,2.3486981211769207,2.343461585441487,2.3410654113820777,2.345626555119214,2.348546039138052,2.354755001225243,2.333657095866208,2.3561103608462544,2.3531381957840387,2.344494445254298,2.341382501080463,2.346996452316449,2.3564788710817743,2.3577054821202004,2.349055598069541,2.345971390312169,2.3640177875727804,2.3483422405191923,2.349008571633713,2.34403608053076,2.3574730705444096,2.3623515366161505,2.35003569659075,2.354474432485419,2.3636907923561856,2.358343172498881,2.3481464666193697,2.3557295761616963,2.353833602219892,2.344002508549476,2.3581623423684226,2.352813934952059,2.358757009743704,2.333913734567227,2.3475180911250035,2.358319227721996,2.352310614357523,2.355607085254983,2.3513598757746226,2.3496865631572086,2.3457898891316886,2.355523932616954,2.3532334600589326,2.3594560499501065,2.356692501264148,2.3548093888634543,2.3474827154647007,2.3525668388593544,2.3450495511960585,2.3569517588400446,2.359634619966558,2.357601619199118,2.356844978848894,2.360573684473716,2.3557894616036825,2.3504967873588454,2.343443227994949,2.358985248331198,2.348187705904892,2.341795766350712,2.3563522131487376,2.341289523176804,2.353741974617574,2.3522900748074576,2.351520068486057,2.3536463279348525,2.35367873036565,2.3533642698940325,2.3514085299020597,2.354215025106853,2.3551217001801708,2.358768125401616,2.352330919201502,2.356187928490345,2.3413391632608915,2.3594495998380456,2.3527539959813857,2.3486290913522554,2.354122177287647,2.350741191429235,2.3516040379850622,2.352276726079568,2.350924421696469,2.353263806496333,2.355608694329904,2.358648152542684,2.3508260870657702,2.3485785072981917,2.354593573994048,2.3546489762674896,2.35058379775534,2.3519015887752137,2.3540928748144547,2.351425727301636,2.351110083846026,2.355278540145249,2.352913549517799,2.3542711482850867,2.3532688555107515,2.3536572518541923,2.356811000844174,2.351212418609512,2.357699663406272,2.352359814527216,2.354721118105816,2.34752991162666,2.355151977960765,2.35566661217155,2.3516057286030208,2.3539265803581677,2.352334737352619,2.3527548245365466,2.3542967892095823,2.3542478756238383,2.355130011156881,2.3527543567499904,2.351029579509268,2.353031493926133,2.354029042653444,2.352919658500365,A42-39,A42,39,anthropogenic environmental material,fermentation,fermentation mash,USA
SRR1930843,2.427589540966041,2.3909416485510238,2.3949899958015397,2.418067760410657,2.422206658450175,2.4169919114780463,2.433755523980284,2.409428837533643,2.390984802220638,2.413650050413089,2.4454524560644657,2.4159010997673,2.429347857180103,2.4223457248159423,2.44787784322966,2.4078687755693373,2.4081512856197955,2.419662972951734,2.419784419361516,2.4222172367644874,2.3990710158791857,2.407278710928968,2.426320323901892,2.4050720069212987,2.4042162578358206,2.440398353111775,2.4059980341341736,2.4167293694621894,2.409432319416668,2.406305882141184,2.413538157910977,2.411865420963077,2.401322795722823,2.4169217116572703,2.411887407012104,2.4037466882413105,2.4113295128717604,2.411108826904903,2.4180973211421395,2.4267525387743247,2.4209194762595545,2.422200231421665,2.436517144695798,2.4214418756714147,2.4114637386196223,2.413038935366255,2.421841416664447,2.4214909607745856,2.417105915820256,2.4089685625116206,2.4090667092686044,2.4266403993475616,2.4200972790992985,2.4293658553016626,2.4332939520793406,2.407620863568586,2.416269403417117,2.428529414709819,2.422518376439529,2.409697405741276,2.4252172691119256,2.426884576427135,2.4120380323642774,2.427401221600344,2.424392978683947,2.4162609237402903,2.419267090988906,2.424131891782409,2.42025660670283,2.414274534112101,2.4170141321429632,2.411991188599533,2.413064444035722,2.418007493503046,2.4172346376490768,2.414544821181923,2.4199216403620105,2.4231848442252133,2.4143327758992434,2.4141269754095145,2.414992577902635,2.421001923073029,2.4242064998947197,2.419205634525514,2.428932807240473,2.4191069945589114,2.42152060118817,2.422684809644455,2.4240429828206445,2.425907697884057,2.4167766385993263,2.418449385013363,2.4254427804898304,2.427314994912217,2.4230887741460863,2.422322362848578,2.4186541866275904,2.4174174524192265,2.4186361613624165,2.4186002414442838,2.4173933838633164,2.421047742246792,2.422783189903573,2.423777176107332,2.422601574245844,2.420430470170252,2.428160567980435,2.4102052385206885,2.4223939086931088,2.417999871962933,2.423610679647058,2.4105747352898006,2.4135288918990248,2.4186488651382207,2.416498316804942,2.4229179807287986,2.417073000248384,2.4219896613868848,2.418318406726572,2.417530861212964,2.424607093297168,2.4207020388652274,2.415834162997119,2.41828859685389,2.4196462078067986,2.4250917994089947,2.416587024310538,2.419514884075109,2.414794982172761,2.420732087891722,2.4141379978462485,2.420805295038975,2.419284682274204,2.4251118667321485,2.4172259855851705,2.4180410671254227,2.417014765386884,2.422029256396314,2.416846322744314,2.417580033426222,2.4184882896474664,2.420211613487764,2.4218987386416817,2.4169236546114496,2.418194236814643,2.418651565174537,2.4160865250449595,2.419428686907434,2.4202382091036214,2.4240319333121514,A42-DR,A42,DR,anthropogenic environmental material,fermentation,fermentation mash,USA
SRR1930844,3.044738034041867,3.051776421930638,3.0441738186286638,3.0435434214195465,3.0420542043078957,3.0411468621767948,3.0495439326780023,3.0186601555090617,3.027778473157661,3.0538566590143543,3.0377710077284306,3.0557459173151025,3.0579706469518912,3.0484159214465256,3.043826646833224,3.044466321290795,3.066025924547505,3.046948566906452,3.0408506552554964,3.050578182390461,3.0419680068960333,3.053410869491849,3.0450745476947207,3.04944188828259,3.047835473455409,3.0612737732286104,3.059017311740244,3.0462656741008205,3.044745842683373,3.0489374270405127,3.034395007295295,3.05341991289433,3.056261867973717,3.0380741806082785,3.0481318472844405,3.0400045755245664,3.0454159251034847,3.0509061653108747,3.054250523683756,3.0489695339846303,3.052253807788278,3.0529831659594557,3.0553702668165066,3.04681462253025,3.055760527054551,3.040212087256786,3.04727486228271,3.047240776117291,3.048766643013736,3.0469506497149843,3.054885848011687,3.0537610789846625,3.0427032967456107,3.044325776029001,3.0480091398988667,3.046313958499504,3.0459584770204997,3.047482812486067,3.0417468674445627,3.05156114580144,3.044505643648914,3.0499628956063143,3.05598828665199,3.056750559496872,3.053478602426926,3.053552010188632,3.050123771592037,3.049721996379118,3.0470893998338777,3.0413759411301187,3.054544138025114,3.056143757408992,3.0499306566552784,3.047372250432993,3.0430190609722843,3.054343588919157,3.0455781443898133,3.049525614869472,3.058552633380955,3.05033549710205,3.0438347261458887,3.0499229468952693,3.058408708016135,3.0447224201911736,3.053094882661454,3.0534871223408118,3.04724049534576,3.0509879410438394,3.0459769115978736,3.05057299183464,3.049279517160445,3.061264104690527,3.052536133117712,3.051282544129056,3.049723588283395,3.051668364902842,3.043962350433133,3.0508081630777086,3.047986466571869,3.050882596571285,3.048676707944204,3.054575188159448,3.0561757866142627,3.0495620115668567,3.0541206399652694,3.051314185307556,3.052548110526159,3.04785937034227,3.057345020175118,3.0514326846403126,3.046581684112238,3.051784293560748,3.04797453139186,3.05488603100112,3.044690723222131,3.0520413219446336,3.046809526490973,3.0562968468175646,3.0474584349392977,3.047823394305865,3.0499203025234167,3.048714777859228,3.0490550636639293,3.046987337608912,3.04963450575268,3.053286635591474,3.042015219856736,3.0552890156970283,3.052206033479376,3.050687795748843,3.046993540018802,3.0494395107506,3.04846827061952,3.0465323857656323,3.048361297600963,3.052466796645033,3.049830690876474,3.047689005794094,3.0532393811664997,3.050922307459443,3.048909525610473,3.0454926474148185,3.04905306907486,3.0539712077428067,3.049796193809473,3.0587090928940643,3.0491499399869766,3.054092118641547,3.0515002283515478,3.056344359790193,B1-PS,B1,PS,anthropogenic environmental material,fermentation,fermentation mash,USA
SRR1930845,1.6084379534413482,1.63132969750855,1.6197037762526776,1.607805607727694,1.631671655755449,1.6481031600762417,1.6156002831375376,1.6337946237901877,1.6315444733268376,1.602368062344989,1.6077772686245326,1.642467155409092,1.60704996050068,1.613435033215427,1.6224059978228729,1.623865437221904,1.6376962400952533,1.591887198887107,1.6336233356716552,1.628454819353499,1.6037408797794628,1.6095857366891992,1.631481188710083,1.6149347478030456,1.6148882928873358,1.6157247398667427,1.5988714729985454,1.630552390999875,1.6367026927726045,1.6187853957526444,1.606508533598434,1.6334615203049934,1.6202559132221677,1.608813104128547,1.6092807005177612,1.6183504436295966,1.618600914148732,1.614099546892854,1.613862140838559,1.624289766552656,1.632017687319851,1.6192901828801711,1.6268979439889075,1.612146831239672,1.6367650492399826,1.6195878779311133,1.6153186905700925,1.6157035100699384,1.606200280573495,1.6135535832274446,1.609673913683905,1.617085455661149,1.6274970692919852,1.6235287114972126,1.6325012372647714,1.6167185436693388,1.6203198720773837,1.6169795988317297,1.6198685142377678,1.6201550771807334,1.629215159381756,1.6432085031188035,1.618811943594722,1.6227309062827766,1.6189577970903373,1.627389703039414,1.6147524436646734,1.6239370258328518,1.6230982733947448,1.6393621410839263,1.6279102281798246,1.623258974122828,1.624123149105238,1.6230199328802768,1.6182838807166575,1.6241446343199732,1.6157620900676462,1.627662392302038,1.6183890397057592,1.6258439968753415,1.622918256599198,1.6242949440728387,1.6243755623271738,1.6201030131214542,1.6226549614105927,1.6258412824280304,1.619809673929867,1.6274990063161447,1.6225587694075156,1.6200808676191,1.620021244963988,1.62640276569135,1.6273507381433066,1.6272888288924034,1.6268532352198692,1.6258210368107386,1.6256758461381056,1.627629738692518,1.630469750694466,1.6228932710609814,1.6259829514085713,1.62589501719673,1.6250698715770129,1.623668916587594,1.6279063867626722,1.6230844934143516,1.6232848819817385,1.623108352670949,1.619390337409918,1.6212494756826208,1.6218083332372817,1.6236553116233674,1.6228802937854447,1.6234771512007826,1.6232573538856714,1.6232504055929662,1.623266076127071,1.6263254576431712,1.6228790821994286,1.626202884257382,,,,,,,,,,,,,,,,,,,,,,,,,,,,,,,B1-10,B1,10,anthropogenic environmental material,fermentation,fermentation mash,USA
SRR1930846,1.54510073084457,1.5682854740448844,1.582311023368078,1.5513943688412253,1.565244064986571,1.5214257903596955,1.5593949596261452,1.545627587370779,1.5386610280942354,1.551192237617916,1.5321237217214123,1.5505361458539693,1.5274196287452066,1.5566634905099637,1.5308759947039918,1.530174653005267,1.5503638048198578,1.553464555404816,1.5416394521988286,1.5346093214263254,1.5304083492946805,1.5446801953169829,1.5369300397921437,1.5552582000588695,1.51808987351194,1.5461768308401425,1.5563001723290792,1.5464187765449466,1.5589184646538867,1.531223417439859,1.561218637711382,1.5570550409110837,1.5528244747844568,1.5382854850013097,1.555518156264307,1.5435482620014993,1.5415330130102032,1.555387329828728,1.567332561155384,1.551020620833787,1.5418812271054037,1.5536814550389155,1.544021533407306,1.5449489587617766,1.5458037696353444,1.573670995917877,1.540326646991229,1.5529356941569568,1.5639411637588692,1.5606433197656329,1.5527951048640585,1.5398634847371184,1.5548772018843415,1.5596747105425794,1.5486450443724866,1.5401366148691291,1.5486485811599642,1.5583312096512527,1.56679478242344,1.5511967542283454,1.5435710074191382,1.554891203905548,1.5477649408718412,1.5398897981935682,1.5473775326606962,1.5515830131879085,1.5383026008367335,1.549818600676926,1.554834815877655,1.5460206196413606,1.5428713422916829,1.5448255214113569,1.557371459416142,1.547213440722923,1.5411119720211883,1.5380777833054378,1.5508730115493234,1.553943174254444,1.5397798043753048,1.552578983979245,1.5571606394807176,1.556766778767571,1.545440617640501,1.5474956409679457,1.5473791052835084,1.5532546943582262,1.5485718572477427,1.5503486798930275,1.550128679026911,1.55843250830399,1.5476647747875174,1.5470033593063324,1.5551246892544883,1.5484731640745435,1.5478864434907114,1.5513097941935448,1.5383756705956668,1.5556852055834298,1.5454065066884848,1.5488839256708695,1.5508648854820453,1.550614336155422,1.5456481260585513,1.5534023592710104,1.5499457261891985,1.5426229719061224,1.5517495321348476,1.5471725059780923,1.5521863639559186,1.5541089601688094,1.5506937198699786,1.5531326500481968,1.5529116553382458,1.5472496005896528,1.551568813781132,1.549338005499154,1.5559852088871906,1.5572202470778398,1.5424607155964327,1.5440187345738792,1.5498136066773431,1.5522574392586148,1.5535228028326056,1.550113682760229,1.5513483078081358,1.550506069774009,1.54916208821112,1.5544977968910094,1.5519196032744451,1.5457910931406325,1.554227942098238,1.5496355022776842,1.546912635688229,1.547712099457072,1.5490007628318765,1.543097789102721,1.5514923266624068,1.550283942128301,1.5545436542396602,1.5500489535293795,1.5463629725439352,1.5479320929497429,1.5476015553257612,1.5467776427608386,1.550985360501972,1.5468295136491577,1.5491148110007786,1.5526121447598529,1.5487370864646093,1.5483251232943065,B1-25,B1,25,anthropogenic environmental material,fermentation,fermentation mash,USA
SRR1930847,1.435560856741958,1.410298275158783,1.4326309047786532,1.416204363096992,1.4225183257340983,1.4240751089838142,1.4261723727820428,1.462916299779253,1.4046025921807157,1.4124019948956217,1.4060637922446213,1.4139491523655885,1.4312709059347768,1.4060424347151987,1.4385314133636269,1.4121033448015623,1.4251557717989962,1.4135256354673238,1.441499278792003,1.4316529764866586,1.4264754278983198,1.4206132113560497,1.4385171971357738,1.4270988114304877,1.4151396332673642,1.4377311039301726,1.440732040281658,1.4123112415409649,1.4192661475871384,1.426050227842639,1.424848946966789,1.4340451573832085,1.4252495913889789,1.434490881685664,1.4231660042786023,1.4167417010380776,1.4362835581431048,1.4252448793948829,1.422625741857108,1.424394036055026,1.4419603597106163,1.416172569820072,1.4340343105213056,1.4228204719449065,1.43221033529841,1.426171123507259,1.436300543106976,1.4364338199968745,1.4451923018332045,1.4363397059409713,1.4278158559790903,1.419639335877485,1.4323598428768698,1.4253432770427483,1.4308855738063548,1.4269840883411766,1.4318179454200886,1.4243509655794806,1.4289464838240085,1.4259760994540238,1.4295836241915647,1.4280656539255467,1.4252073153939373,1.4356522244289611,1.4277999119372415,1.4292543671011333,1.4240498021481334,1.4342028882792022,1.4328213362403015,1.4206675998099003,1.4244834935795676,1.433795326660719,1.4286507948561544,1.4260492731563683,1.4312242184631556,1.432480800657431,1.429008863819376,1.4344537519553122,1.4267036702038602,1.4243043895021956,1.42529369985553,1.4254495446046953,1.428299852296906,1.4258831858208771,1.4254694079102104,1.4270820503212849,1.429088574261541,1.4288422225572368,1.4236534327347856,1.4334613255740571,1.4285864754883757,1.4258763139143544,1.4320241835087084,1.426808346851304,1.4265585679105666,1.4279022762315885,1.4246159966259262,1.4283533381992295,1.4291883023995018,1.423322667186731,1.4292251147585786,1.4281186943608586,1.426077792739332,1.4255565915004411,1.4276509853119723,1.4269392499965985,1.428446844554268,1.4282292066654645,1.4267403725061076,1.4283764444595108,,,,,,,,,,,,,,,,,,,,,,,,,,,,,,,,,,,,,,,,,B1-45,B1,45,anthropogenic environmental material,fermentation,fermentation mash,USA
SRR1930848,1.60564655167276,1.5758687420049675,1.6045551920866026,1.5861136130455489,1.604963184942921,1.5838439924277774,1.6106033611105244,1.5695774668685258,1.5648244103547535,1.536267472394416,1.5980076160676342,1.5858459817379809,1.5685901207296589,1.5926936213484475,1.5972943263410913,1.591987001311206,1.6184014464442438,1.5849625844577333,1.5782744917066485,1.5771524989761292,1.5813836583531984,1.5869228010406895,1.5962487312328242,1.5858061884219108,1.5792967640031996,1.603754199721695,1.5846204189694135,1.5763443859060304,1.5735231213456546,1.593366788531621,1.5879496033400606,1.5900826390427296,1.5902317332848872,1.599850753778289,1.6094613766414416,1.593797992084618,1.58068411012263,1.5971646368222934,1.5927999146899745,1.5860151694154447,1.5887073722105385,1.5735864062322054,1.5865108854077254,1.5741896275013378,1.5941150378489892,1.5972087197931564,1.5935670564082722,1.5872485193756811,1.582624959824112,1.5830405338860247,1.5917780278297946,1.592105344118267,1.5753067224979518,1.576546518353232,1.6010358674611376,1.582443492634255,1.596637259757631,1.5840826341136158,1.5849563286577153,1.598405623623213,1.5997511848186925,1.582527020848049,1.5995922395715456,1.586883535329406,1.5942728140651772,1.5793141998983211,1.5873499426842026,1.5912436917495372,1.5995646341218268,1.5904977184264848,1.594813809132142,1.5856906554439725,1.585679368201859,1.595266151496786,1.5952778661223488,1.5959584803682183,1.582692053022292,1.58109447517459,1.5858907179182011,1.5877671291530022,1.5968568718803835,1.6018581381765469,1.6013685631651426,1.5848499727767436,1.6011646067980037,1.588568004482872,1.584111640433529,1.591213139866379,1.588169023035477,1.5951841711453014,1.5937261441314206,1.5848683614542018,1.5900636245575923,1.5843073438332802,1.5924171263108289,1.5887886892767986,1.5956930350993652,1.5978648033184706,1.586965114687923,1.5883764600272987,1.59135271166703,1.599457705345184,1.5930012979499355,1.5908188252509443,1.593543069671442,1.5937679134174618,1.5901707662639388,1.5832251509013786,1.5937687805808054,1.5868020752181522,1.591215085516312,1.5879244758218003,1.589021361029192,1.5890232432611795,1.588731528175884,1.5919358329820206,1.5866658123550597,1.5923348068647387,1.5878534637978503,1.5943675126561911,1.5927540942116345,1.5918552713963348,1.5896947352333102,1.5948548638453666,1.5901983858491824,1.5897457077422523,1.592418651408079,1.5892515394922018,1.592251218927278,1.5912525247295968,1.5904369416147468,1.5916773918468188,1.5936397208453217,1.593446426302276,1.5922820888218352,1.5956233034434844,1.5893464600763725,1.59151784923893,1.590746562484697,1.5910856010962209,1.5925628122784827,1.5934694461510208,1.5920238777287352,1.592438739673853,1.5922588672290774,1.5916265186422127,1.5914132104784475,1.590101948223696,1.5890103999148515,1.591079287775857,B1-DR,B1,DR,anthropogenic environmental material,fermentation,fermentation mash,USA
SRR1930849,1.7041614999858832,1.7408813864769133,1.7205726686656628,1.711774452797726,1.7278743867860142,1.7146497778466858,1.7147626161355478,1.70699659399177,1.738026144832145,1.755100217863168,1.7231005972372344,1.7284833517255749,1.7271441740933515,1.7393625097867231,1.725534696270357,1.740334279734434,1.7157127774756238,1.7550523136222873,1.706347295214062,1.7146524163336307,1.7416489387006022,1.7395651134247896,1.7439508882804529,1.7184340643886038,1.726064495096344,1.7315290132646952,1.7360184946041437,1.7486300359557208,1.7108436847056654,1.721535333187049,1.7274925717089182,1.741894640009481,1.7504322368450465,1.746794074816657,1.752734146153906,1.733984009063116,1.724204318524356,1.7498549858156518,1.7393857894909848,1.742764006462773,1.7424099836455718,1.7172061348710177,1.729395939168979,1.7357108633089922,1.757902496186772,1.73079924120542,1.7323548805948648,1.7343764513426332,1.7498666943537753,1.7415928951120934,1.7479837710031103,1.7508551939554358,1.73458576878199,1.743000460775188,1.7202762899259405,1.7563580737542144,1.7240430017319326,1.7375120105944626,1.7191948390769731,1.752830212870825,1.7337872380063493,1.735677596887848,1.7405746008600944,1.7624419262875923,1.7343124825523004,1.7288393849278705,1.7276353007915548,1.751472499016461,1.7382487304214107,1.7304943712184844,1.7318431475236344,1.7356612997883265,1.739910501806856,1.738312120824667,1.747973289885124,1.7339129696490043,1.746649143456562,1.732177101515929,1.7450614716290958,1.7420964770043958,1.7270821377528989,1.7443675240343026,1.7416355397319965,1.746683119815468,1.736815146883923,1.737475894198838,1.735569277333961,1.7320546520800313,1.745235788006526,1.746795177166773,1.73679646827901,1.743498418288001,1.737343772934029,1.7429717545711476,1.737116076235578,1.7513962253519617,1.7403151506629502,1.7384419240079572,1.7346477314384423,1.74568990718268,1.7352340567836937,1.7285554407457313,1.7400500328079482,1.73573599165797,1.7317935720570647,1.749013732385773,1.7413231468266532,1.7312101370487605,1.7468762204151056,1.7383214085917478,1.7387061308473504,1.744292805283144,1.7376615709985148,1.7380753602630266,1.729012157737159,1.739912776125421,1.7343253643175442,1.7304328584156703,1.742942850810593,1.7359605348244926,1.7355133341258968,1.730855660584315,1.7385292654892903,1.735693585233468,1.7374432368704902,1.7414298373012964,1.7460318045250296,1.7431343570056392,1.7442672919136295,1.7357993599467414,1.7329064030684185,1.7402394750590624,1.7465651451163784,1.7465103359148588,1.7322341030933472,1.7391736952383587,1.7412961169430914,1.7355737001313365,1.7391568087286278,1.7401798233245502,1.7400081993156054,1.737200282641044,1.7410301241771082,1.7380953368574363,1.7363816551314966,1.7381481565789856,1.7424796165990744,1.740675899979523,1.7469028636867632,1.736154789471748,B2-PS,B2,PS,anthropogenic environmental material,fermentation,fermentation mash,USA
SRR1930850,2.000930190658113,1.987180348010892,1.9582831559811595,1.9642411933773385,1.987999626404672,1.9729436785919288,1.9452392241808136,2.001003300372708,1.9603178193234705,2.0016687085621907,1.9636124221448032,2.017565006213516,1.9806277361649576,1.9803668696337304,1.991266662386702,1.973689762579576,2.010910000481179,1.9703520681187765,1.9892548344488208,1.9892324725265629,1.9733767651787515,1.989750389967902,1.990134466923358,1.9882384765263463,2.015758457990403,1.98710717373348,1.9672602704085724,1.9944289751476851,1.9713272186698043,1.9752057943500836,1.9839478567956956,1.9737954075187516,1.989263409644916,1.9825746729122884,1.9892891647918385,1.9812462561648208,1.971327348468144,1.9964610468162385,1.972532623603532,1.973679071912116,1.9930159180149407,1.98055205795036,1.9850228912700296,1.990522505291053,1.9789614105084237,1.996045966614232,1.9898564295935224,1.970819916132174,1.994533455759395,1.980023066585292,1.991729625571928,1.9843736339633335,1.978531734037515,1.9810577338876056,1.988470127160053,1.9701415131710789,1.975790889528776,1.9887306670337928,1.976126693412286,1.9877567831606315,1.9653066464787785,1.974793099657536,1.9825363165131171,1.986366744587564,1.9996422418609492,1.9830776123831808,1.982908670791412,1.9689946447449027,1.9962243600532463,1.9783101734544304,1.99446284110184,1.9758142705160195,1.9934072700021297,1.9806155870013469,1.988777979688796,1.9949710506436444,1.972122771953252,1.9801183962029572,1.9890860998045308,1.9907795392090155,1.9924489460494936,1.975601632529152,1.988171123300192,1.9809969737525184,1.9859141086678709,1.99090821961534,1.982652246290268,1.981332892590215,1.9850432359684995,1.990507671493428,1.9820301812047083,1.981599440501702,1.9886840416639,1.9849753017433125,1.9892708850467344,1.9752121194518328,1.978459137789696,1.9815761013797055,1.986708173539256,1.9941774305206177,1.9835619307122296,1.984436486720405,1.9855982624514223,1.983199633873832,1.986709121424408,1.9895264139702715,1.98486596945644,1.9833855116920955,1.984301969135166,1.9779969619406856,1.992972139876924,1.9896694280149765,1.99019850393951,1.987318253502892,1.9850489987536215,1.9902229478741216,1.988884527169808,1.9939987520287783,1.9787946975787856,1.9882058763486683,1.989634666264806,1.9852438778679653,1.9887127000862723,1.983024736818556,1.9921883742634177,1.9751983208526511,1.9848567024486117,1.9857639611471187,1.985411858151372,1.9857669612534268,1.985099528376013,1.987760505204918,1.989563181238385,1.9855947432400975,1.9856953042207228,1.9906242381604269,1.9883833217029565,1.981697192202594,1.9860895081696823,1.982863028920607,1.9881545853142495,1.9860920399520023,1.9867411229658147,1.9850617152965544,1.9858959293829868,1.9863257482627408,1.984666940198916,1.986673728533344,1.981601519010648,1.9910799232148648,B2-10,B2,10,anthropogenic environmental material,fermentation,fermentation mash,USA
SRR1930851,1.6459059889209444,1.6893254993883042,1.6676612899419108,1.6746445363151852,1.6760409868419923,1.6732193576957377,1.6715140708120186,1.685369131847367,1.6712776277296224,1.648137093806571,1.70665983352933,1.6946544997118898,1.6728279848962793,1.6856029264625292,1.696270299235532,1.6535477498010205,1.7293959755619053,1.698017446448814,1.6700029387129498,1.6593881153542904,1.6779901707680496,1.6944507547622487,1.6747099647141086,1.686377180466514,1.6914228586995377,1.682368195230855,1.6840185089111943,1.7015240120723578,1.6832894683472244,1.7056547780379938,1.6974254395681898,1.6962728912892149,1.6742398609282605,1.7034970539673546,1.6905561259670585,1.6948645839198853,1.699151474078909,1.6931302164383577,1.6884697681178271,1.6903135370402016,1.685252515350184,1.7117810473703643,1.6907735340115435,1.6934618009860176,1.7027736124639434,1.6877236942777074,1.6883819751414986,1.6677027636853248,1.689075666426728,1.7004361561153292,1.6805588262619249,1.6830664361057313,1.688876942188378,1.678446481670684,1.6985561859551137,1.6883273535310133,1.6893003045306776,1.6836940181872757,1.6946706501835338,1.6901971138343952,1.6951636984771186,1.6904379538144627,1.6931602237660468,1.6972456079853986,1.6880373406300722,1.6823820775275988,1.6858998263687974,1.6915208324263205,1.690268875205226,1.6875423364060886,1.6813461228020048,1.6979732124439344,1.6984740779217913,1.690431090831157,1.6851770369126169,1.6865111597992597,1.6998743613422724,1.686980794567474,1.6966679674502778,1.681653723325336,1.6965773095962318,1.692360085725536,1.686652493299268,1.6862305620301334,1.6806832762047088,1.6959543676538178,1.6941658329858256,1.6947239684202624,1.6837860191155454,1.6916490742461292,1.6886694030806004,1.6916422240938904,1.686675005124579,1.6850662413390682,1.6903848528196763,1.6819243214389066,1.6961845298635003,1.702330749389294,1.6905330797064495,1.6947746888026711,1.6865895180747832,1.6851521207945963,1.6942689074049042,1.6861975157763445,1.686841455575088,1.6835654812785206,1.6863004829635004,1.6945316180174257,1.6913654177701265,1.6872866294687812,1.689798463004654,1.6926790332565484,1.6857712541034104,1.6884706500545756,1.7006900008620116,1.689203296671864,1.6892750194998154,1.6947055946820442,1.7001520753841268,1.6904872529980228,1.696866209891447,1.686101774296025,1.6904634527846671,1.6909384883831062,1.6853518497126458,1.6957854623357609,1.6866363825999282,1.691596604538764,1.6903393839050518,1.6843684394828988,1.6850534725663984,1.6869473728364144,1.686278226450797,1.688164811047201,1.693722006639212,1.6935472451764677,1.6864143609035265,1.6964847023682317,1.6926242598104222,1.6921841651164304,1.6944235690830165,1.6935503592796186,1.693522064953643,1.6898406644111763,1.6939449021342334,1.6851596463305,1.6875823729335342,1.696090066119513,1.69082748620231,1.6932605789807142,B2-25,B2,25,anthropogenic environmental material,fermentation,fermentation mash,USA
SRR1930852,1.528964616247998,1.5368014218994257,1.5431731493236338,1.5128567380612925,1.5511476329553466,1.5102901517714715,1.5355830067449912,1.5234026659755011,1.5174681589429038,1.5430391057668331,1.530711612624601,1.5278803724534036,1.523761532863426,1.5532122710875458,1.5142950587052932,1.550792726055791,1.5123477512859207,1.5369025815740396,1.5232341778028853,1.55526785533305,1.539564344737533,1.5373175611971417,1.5341807160911605,1.5480796171272058,1.543473733013776,1.5132846600337448,1.552525556734183,1.5316744365528676,1.534707639765263,1.5400016777600047,1.5292565925728654,1.530751658908447,1.5298119028861388,1.528121427228466,1.533012276707407,1.5442846480675507,1.543884790377262,1.5424179043912831,1.5372995940219545,1.537075662918072,1.5301406532108153,1.5152336563930089,1.5341193145138985,1.5318475678009933,1.5240544834165366,1.5279299140931375,1.5355936821852012,1.5469168363411112,1.5378377834333803,1.5379680290128508,1.534108438540904,1.5334404265930424,1.5267751001275665,1.5379947558057123,1.5336518990924988,1.5359188922845084,1.5345289043994272,1.5424766484644703,1.5344916356595315,1.5429047229320063,1.5286440380687023,1.5354978707355067,1.529624785816835,1.5316644013198015,1.5407816920871726,1.5413127773276716,1.529517847026305,1.5364180890691708,1.5400394023882853,1.5390222535130378,1.543933321215193,1.5266642655956593,1.537989955915283,1.5362469888004704,1.5470299523672246,1.54811830024721,1.532709059976042,1.5276459986265578,1.5328170772720355,1.5321626251853766,1.531069629523797,1.535605179184164,1.5261584083210442,1.5308341160267822,1.5331348638109787,1.5359649275032958,1.5355317786608025,1.5329014895319644,1.5439629222466262,1.5409892251288002,1.537003051336521,1.5315012460036448,1.5362987104744557,1.5366559399955786,1.5391458018391382,1.5363484411248738,1.5372462569502328,1.5359134176362867,1.5340063627732103,1.5338464294766985,1.5299281339195827,1.5381367265769117,1.532886442870748,1.532736010559818,1.5352718512786874,1.5351793694616136,1.5371898674820048,1.533225044145578,1.535274613402421,1.542288815877104,1.5378082855941726,1.5364548476852913,1.5352678213493238,1.5366229199434402,1.5316632930856686,1.537726664187168,1.5382750327509245,1.5352481634694986,1.5373803390147598,1.541645939613844,1.5379646816514745,1.5375738520726208,1.536600880300606,1.5389261605527105,1.533943865506136,1.5366620707561944,1.5362813767200356,1.534888069256748,1.5380226466821998,1.5361761435934105,,,,,,,,,,,,,,,,,,,,,B2-45,B2,45,anthropogenic environmental material,fermentation,fermentation mash,USA
SRR1930853,1.3924846986666042,1.3934665611777974,1.4003422224284567,1.3950393305043107,1.3885619169276,1.3967090297230522,1.3772651981733357,1.397039899021759,1.4070324055123142,1.4014463728119335,1.3921794536829932,1.4128243472549096,1.4095330550122762,1.3953612963545483,1.3926356267256337,1.413549577650776,1.4050186350350191,1.4192979578306986,1.4156580251992916,1.4102179216821045,1.4079617101060322,1.3869237886863477,1.4124794465481127,1.399573841109314,1.4142326082031536,1.4088159370443345,1.407693402230285,1.411508453213101,1.420261160822017,1.4096276513276458,1.4138537433613043,1.4164808432962124,1.4172511618913006,1.4092404167137165,1.399120794692805,1.4105181894171093,1.4015467017197327,1.4022498276183093,1.4157995956746674,1.41409189361872,1.4161840121379354,1.4186077786232585,1.4058242740520737,1.4042310471794837,1.4163352591345504,1.4075829944133276,1.409752017081821,1.4024066566531104,1.4078145112964824,1.4065338753771868,1.4148570797668318,1.416298195040215,1.4168328062989777,1.4119762681337171,1.4213856826779707,1.4041092037015717,1.4105620882726462,1.422708164820654,1.3994858434817048,1.42230279493266,1.407465992297774,1.4147412372087826,1.4076075024419696,1.4071866448580743,1.4133806035454135,1.4071744485443876,1.4023222142605716,1.4057363790080015,1.4183081422897876,1.4106779915187335,1.4069040770541943,1.417214919124366,1.4114708956711075,1.410288649868661,1.4158458187602208,1.4159726306345422,1.4136852656013466,1.4129165362913063,1.4140835489247818,1.407078433549549,1.4104635162750532,1.406759531091859,1.4119165899741717,1.4143358369638297,1.4181627889760569,1.409743550826099,1.4074050798389812,1.4020332936326385,1.4171927220563998,1.4150179070134614,1.4089008311758593,1.4119435816634405,1.4127729962244815,1.414381030859039,1.4122633667768003,1.4131600010822107,1.417056103100358,1.405315579777052,1.4116448679661502,1.4122506657501723,1.4136036826604217,1.4150173520483835,1.4118237587160123,1.4158108890218015,1.4088661023361164,1.4082259004651223,1.409885260050895,1.412760558612527,1.412267451337189,1.4109112458624196,,,,,,,,,,,,,,,,,,,,,,,,,,,,,,,,,,,,,,,,,B2-DR,B2,DR,anthropogenic environmental material,fermentation,fermentation mash,USA
SRR1930854,2.268630679838475,2.281459309484796,2.275174830093536,2.306112339234523,2.2579525384901475,2.276801079200778,2.265308883532456,2.2702160168158807,2.27473605761444,2.2754865073880644,2.2876516698532914,2.27538129571478,2.2827950177483776,2.2829733393694616,2.297012430242587,2.257961306404129,2.281749164279244,2.299241014726614,2.2823736527634413,2.290991527746529,2.2603655962275044,2.264179166112533,2.2914358452019994,2.290718991675405,2.281981838862019,2.290192012452764,2.2881840167530254,2.2616186796580684,2.2825397162596994,2.272619468223947,2.2851378093070664,2.269971975771229,2.2767594746001136,2.2797593780201555,2.2712088905248806,2.290073810482209,2.2814688506601346,2.2755805023939693,2.270759052521094,2.287345164004488,2.279086415825381,2.278161694931611,2.28499072378636,2.2782707275392857,2.282571140206647,2.2676850733108087,2.2829159348457404,2.2854195034485114,2.2754478642274965,2.276043347120131,2.287601315100813,2.272873438772232,2.27345333172403,2.2790355073609434,2.2776918451752604,2.275372114431408,2.26741769978799,2.2792409211018634,2.284536306006982,2.2843805801464794,2.2832159592119763,2.2806942056463986,2.2802190479017344,2.280630145050435,2.274297513243253,2.2788333894618567,2.2767649398839764,2.274403855124769,2.274350136571684,2.283097272550784,2.2865250942814663,2.2859313224598554,2.2744890714411663,2.275394342897751,2.275167858552138,2.287354146075685,2.2704205635640857,2.2839544345074496,2.281040461574636,2.280352038022317,2.282525560168449,2.2823076199629355,2.285119215871232,2.28882968981215,2.2832954463266084,2.2848418861637247,2.281405605860628,2.2827369621711657,2.275055219496004,2.286644799895835,2.2665598906367688,2.2842919313299404,2.283385967169523,2.2814794537751077,2.2806892884492087,2.278576737004067,2.2902924062083034,2.2811604826499576,2.2785729586199084,2.285725369334872,2.277864728647481,2.278547935497374,2.283347649357217,2.282860774749145,2.285842403431973,2.2776444257369404,2.2890328115686653,2.2844024226964272,2.2820370080955,2.276968612041672,2.283784657487125,2.282305155261372,2.279278591278608,2.275244047710453,2.281019333995816,2.2847716356020817,2.288173966721525,2.276155678871052,2.280414469427548,2.280034064324828,2.2828530373075027,2.2814176071055723,2.281137001200129,2.282611490629467,2.278955564143172,2.287079154805985,2.2802859195104848,2.2846559081268705,2.2820193163965903,2.281877886512895,2.2804540185488555,2.278259613818073,2.280004979957096,2.2814228439166047,2.285891556024251,2.280727378911868,2.283188800139992,2.287031220523811,2.282519644633848,2.28409703914322,2.2815962755735577,2.282089445303897,2.2807351206324324,2.2885865422955387,2.281251317259424,2.279783046830784,2.2785121643126485,2.2775679548844696,2.2819160101384437,2.283127442464424,B3-PS,B3,PS,anthropogenic environmental material,fermentation,fermentation mash,USA
SRR1930855,2.0066523851593856,2.081650699383095,2.0198554094298378,2.0521090665683226,2.046474376868328,2.0615132307702355,2.063654174656226,2.062394582489344,2.05513893223052,2.035720172683844,2.0242198476826294,2.0397858314189588,2.0509947728014453,2.02852606028975,2.0608808893349115,2.034446523135116,2.0355286361280376,2.034580773893809,2.0414791858521277,2.066196818349153,2.031266588857844,2.038871450561216,2.0526385057440706,2.032111578587997,2.043002508655202,2.0362640865445685,2.0373079764307778,2.028253642848114,2.059286799046629,2.0223238750694885,2.0326599630398885,2.031416092141029,2.0352417701816994,2.0491823790882417,2.0451800717341078,2.0349614637966464,2.056332923297396,2.053268753029152,2.0474047186210598,2.0419248971745136,2.048324354980855,2.0356725156844435,2.041402394077936,2.0453405368083475,2.0359755058853755,2.043614201333801,2.0478802263442684,2.045779571446557,2.0377157286542373,2.0380338340277637,2.0538253060235294,2.043880213286021,2.043013316502153,2.0441596732331284,2.049185757472921,2.033180586094557,2.043492011538833,2.045333171982498,2.0459244519509947,2.043635449729776,2.045057983409384,2.054157132923873,2.0385649180678542,2.0436974849951155,2.0403711415077463,2.0470496202443718,2.042941516738153,2.0430564600106287,2.049640774627181,2.0530946881951087,2.0392600469389297,2.046542567218732,2.0434693326439435,2.054316898066495,2.050478297613134,2.040333528451989,2.0478454579576404,2.0533157543019014,2.0351403535550268,2.0437106535583784,2.0463959370508973,2.0358094164850664,2.0362448470231382,2.042980385192578,2.0345014217432262,2.04221089629804,2.047303596890953,2.04933056246799,2.050946169891169,2.037662513868504,2.041251566241758,2.0455987948872263,2.044109720964028,2.045904287109778,2.0461373671284204,2.041887188358369,2.0343469466875708,2.043204220352644,2.039837936673227,2.0397675485467777,2.0389419114267318,2.0471633846263604,2.0504543236051327,2.044333614939286,2.0441569343136616,2.0534264126663837,2.048440199576551,2.041905726652488,2.041634421339894,2.04302665713716,2.045969849810477,2.050479621413664,2.03901384632589,2.0480422182808096,2.0481715137153422,2.0442670036878523,2.043555565673788,2.0443710391909824,2.047583238532919,2.040832048085008,2.038202066994787,2.049828071250266,2.0426007089426594,2.0458143004552105,2.0417001616336017,2.0378852789626327,2.042845406159864,2.0506476922307004,2.0468138158079183,2.04923963489951,2.042404649586407,2.044432937677473,2.0440991973140803,2.042198947823686,2.0439483125455906,2.046831299830768,2.0433162880627957,2.045698366511443,2.0434342474414757,2.047484822675881,2.04403455376266,2.04579403394114,2.0440034332508823,2.0447910104116938,2.045409118912999,2.045536098669731,2.0455936971922046,2.045799769532456,2.046254605917788,2.0460239042912005,B3-10,B3,10,anthropogenic environmental material,fermentation,fermentation mash,USA
SRR1930856,1.970372725254654,1.9240085295498863,1.9290722513887104,1.9380152294775013,1.924759376718948,1.9211332063905084,1.912024937076436,1.976813622870944,1.9464604003903812,1.9539965125849517,1.9400012989140225,1.9312286743511984,1.955109876064212,1.915538017809864,1.9109761484088776,1.9459181187042065,1.9366199575462908,1.9362883518262848,1.9340836789129028,1.9208529538738404,1.9341133815019815,1.9464624833510245,1.9436196869315687,1.966077556390618,1.929831079572244,1.938621632007114,1.9451094708956205,1.942208455576696,1.9532048354626133,1.9350008502510063,1.945283644124678,1.947699383827648,1.925943316448212,1.9438449787913616,1.949579818908676,1.931967918775551,1.9366188056047076,1.9437936991229443,1.9377246758632076,1.9406099275903608,1.9590985467634432,1.9367934368967792,1.9336379340470096,1.9236640709332904,1.9282504601324175,1.9454311129370496,1.9436199255600533,1.941752357805212,1.9463666970297453,1.934912540163612,1.9369054140287283,1.9369849755600927,1.9388547005968049,1.944074351593264,1.921056594808977,1.9338785155234544,1.946775910471618,1.9526120188544285,1.941690912870697,1.957697481881418,1.933841632774476,1.936151576048594,1.941726271001372,1.9198214222958996,1.9508451044369275,1.9422772501990624,1.941803223620305,1.9439090482355663,1.9367965369327047,1.9337861059579424,1.9288814673824024,1.9374214414253772,1.9420297980600605,1.9509002095028385,1.927836006641708,1.9558953930992484,1.9411774379283284,1.9418534152603395,1.948610681560189,1.9411711965712533,1.954160845474764,1.937964942187772,1.942720415765221,1.9401931574564195,1.9428378993706643,1.9422403188778825,1.9378667298902368,1.9447313606240533,1.9392644825452288,1.939599839580143,1.9410316343093093,1.942722778857905,1.9411419775356784,1.935774984207208,1.9439683947418105,1.9315295260187224,1.9405663299229576,1.9384921966635185,1.9418525950227172,1.9380976456870995,1.942978958287799,1.9417022237659955,1.9414027798127835,1.9379048294442605,1.943483850262551,1.938019466676096,1.940135272320592,1.9441686152425657,1.941988522454435,1.9406812432695653,1.9395928455003155,1.936019459372938,1.940296151925127,1.938362833033199,1.9432014219838565,1.9428597129399856,1.9414251173024344,1.9463329257099555,1.9431336642656565,1.9403683043779651,1.940470964200654,1.9434845963351235,1.9392618144866256,1.9413224636201505,1.9433082179062189,1.940135085003077,1.9434655035645456,1.9433085952537696,1.940744286390788,1.9393251651297487,,,,,,,,,,,,,,,,,,,,,B3-25,B3,25,anthropogenic environmental material,fermentation,fermentation mash,USA
SRR1930857,1.8207919550433684,1.7766638871148812,1.767994858827061,1.8153329096252435,1.7808097152032734,1.8084934044371708,1.822757147927665,1.8158199661929035,1.8152280206419251,1.796137703276545,1.80471695808322,1.7989486769871292,1.816069893767904,1.821115929195405,1.8391644137622944,1.785657786769428,1.808762054231076,1.8329414299052116,1.8044968608294256,1.790367646218152,1.7931654471972085,1.819604219883727,1.808110980103785,1.817580848986977,1.8011555232681182,1.8324413768173504,1.804745647353177,1.8019152873870223,1.811407938773031,1.8090301945166447,1.794587997684783,1.810744447790417,1.815376431075197,1.8070532115767035,1.8289701761702424,1.8092458481872264,1.8006156138905396,1.8099091658997897,1.81439157895645,1.8026900675784827,1.807717718091168,1.812271086810616,1.799044222242786,1.8080303962156656,1.8123121746152184,1.8158641070967945,1.8056480864071969,1.7987751368826028,1.8068264716926352,1.8069088046945276,1.8210840493201896,1.8220728621479985,1.7985082913322636,1.8143662226567607,1.7891308971364783,1.805094960986905,1.8247014993642177,1.809145432541388,1.809876364799159,1.8066219597007664,1.803768284619193,1.8210998295949288,1.818422734654495,1.8180971158967567,1.804344242981089,1.8074936313685332,1.8112358271927695,1.8126078445715363,1.8212593252612328,1.811359317945776,1.8102820884403388,1.808299668011279,1.8095249553181108,1.808537229932972,1.8107951190679383,1.811431908270142,1.8116569694132103,1.8174386516212184,1.8180426390337048,1.8135792430969275,1.8157244844980032,1.80865858170198,1.815634703000004,1.8135812499814177,1.812820447575647,1.8017101196641157,1.809702346436669,1.820692908374882,1.814700579719136,1.8027984237689,1.8165545015578384,1.8147366250416916,1.8093022831546768,1.8174678499308283,1.823313566857637,1.812356636146245,1.804666964190232,1.810343967925878,1.807177814712216,1.8075126831998252,1.8115850285877213,1.8083688724534848,1.816338201796441,1.810576456166854,1.8098219631743275,1.8066911266644143,1.805324874236939,1.8148099648785063,1.811305641733765,1.8186036845698044,1.813266910004453,1.817025483201349,1.811238047239632,1.8125146309412032,1.8130440803610144,1.8172358525723773,1.812144032796456,1.813454321755536,1.8065273519485787,1.8186517889960707,1.811275740867026,1.8121190243168173,1.810494138849865,1.8159504259034984,1.8123708473229168,1.8080913281593636,1.810566974796655,1.816363135209662,1.813731896561639,1.8145151006382356,1.8142533418558664,1.8121328782586048,1.8124037991349269,1.8089868098297908,1.813895025601288,1.8119152302768475,1.8120262806040168,1.811223703548073,1.8141850122455745,1.8116482724736047,1.816877400592672,1.8130916280047191,1.8124605489969317,1.8156543345498812,1.811724626031481,1.8136508411907557,1.8142051998977728,1.815426902492025,1.8133855570348372,1.812248365637377,B3-45,B3,45,anthropogenic environmental material,fermentation,fermentation mash,USA
SRR1930858,1.766591825369999,1.7801759689367678,1.7425404203967971,1.74853013622876,1.7356616920479273,1.7795292937912703,1.7308362395078496,1.7681695259885255,1.7837752226007169,1.7252473269687376,1.7408217602056557,1.7326373974904798,1.718637022610729,1.7303944615614033,1.7199920324830391,1.7577468621548336,1.7490961946856105,1.7363577390527545,1.7365593138767323,1.730800400427007,1.7721751887109185,1.7563514161370055,1.7559044278585387,1.730150644184406,1.7348460484578858,1.7334368046709476,1.740459061137848,1.7499261704125229,1.7577891689316434,1.7560309479325584,1.7498932171276285,1.7292212610008542,1.743972872488627,1.743365424576487,1.7315989951177515,1.743188072177425,1.755025922410343,1.7504034479151371,1.7417573949939669,1.7410072973663369,1.7513739636194157,1.7412334468244628,1.7567839281291977,1.7267472379493127,1.7355120015367511,1.7503454232129023,1.7338360970249265,1.747191869820408,1.74746449192812,1.7481017487480313,1.7433307991332532,1.7541321724241927,1.7484094865068005,1.7433690160574724,1.7514251148034938,1.7353053998594952,1.737300089331693,1.7539397542501165,1.7472353551389257,1.7435914145559712,1.7407641374071574,1.7493463925995258,1.737746321231826,1.7451085587820665,1.7476743461500135,1.7374472312235465,1.7350299952118744,1.7543020582760571,1.7465832408500936,1.740195085204986,1.736373293945894,1.752132434430539,1.742514795351083,1.74321721963152,1.7524486977857645,1.7485607178263278,1.7534522012070672,1.7392225238636592,1.737040107840326,1.7460256290277063,1.7403253437267183,1.7489261302738282,1.7425865966651568,1.735449862534883,1.7345220456250037,1.7497588536751507,1.7442340351839152,1.746651202314533,1.7507223682420905,1.750927071165358,1.7501455916885482,1.7535784671281909,1.7486746820788384,1.7391894367910072,1.7489207990675748,1.746176742267232,1.750145460418944,1.7477333674150275,1.7478815330856736,1.749661007934184,1.7517832259426134,1.752484149254373,1.747084253156561,1.745854651536478,1.736604013108936,1.7433711263478702,1.752042168065629,1.7427065732077824,1.7507993084481512,1.7460018234918249,1.7453780137340291,1.7352024736453044,1.751349895977596,1.7479787911596438,1.73952956945787,1.7452904043874624,1.744743071105736,1.7397790804958713,1.745723108132574,1.7392336995089075,1.7409327937028225,1.7420078631952198,1.7440720962157548,1.7440322695450614,1.751206303095365,1.745336650891918,1.7453365733771142,1.745726265003345,1.745795590082805,1.7406217723010349,1.740560144962063,1.750798626346593,1.7459277993832043,1.745355171961183,1.739361599231145,1.745175652079557,1.7491754908930448,1.741611561238348,1.743909797560648,1.7492752630776984,1.745799145764474,1.7450677710719706,1.7464400288308233,1.7462492524864317,1.748432435939088,1.7455531189653952,1.7425400565439897,1.74957119024907,1.744110546999025,1.7480467684473722,B3-DR,B3,DR,anthropogenic environmental material,fermentation,fermentation mash,USA
SRR1930859,1.501983988571624,1.4947623545833824,1.5224932448806958,1.5244510119697627,1.4933822662618406,1.5176901572918808,1.4929725299082095,1.5082014506877917,1.5208256835505571,1.4704575267428062,1.4747358028814737,1.5066513053069763,1.507911756924048,1.4806038156397807,1.5266423297821738,1.4914000154404463,1.472135449940415,1.5224594681389856,1.4851818476911434,1.4716657902959351,1.497475393977538,1.4987651617118551,1.4922309120204336,1.5158083777750169,1.512094220664188,1.5038658450049631,1.5161897168952916,1.498341823357349,1.4809955126884191,1.4983788357327916,1.4995732081727149,1.5053967385921163,1.498070571445141,1.500726938958927,1.5184652154352292,1.4831747150338837,1.509816803453419,1.4891749829034946,1.5076230445390408,1.5092915431646468,1.5119589365385049,1.5056964153748316,1.4953034223740225,1.4978312808058356,1.5059274494042478,1.4986376100328394,1.506086262970678,1.512865001509496,1.5017262888580427,1.4979520290754589,1.4978832618072782,1.4892506096529998,1.499527358142113,1.4881233775513325,1.4965248402238975,1.5049529742436905,1.4933624760133528,1.4949858475812363,1.5123243385681877,1.5271982370441013,1.4929547726970624,1.4904370981171784,1.4971095593606012,1.5051789165539182,1.506685028585696,1.50739150629301,1.4921853882658966,1.489234335761291,1.4976285580675603,1.4979732128638668,1.5049203244593383,1.5016063926836551,1.506759089886164,1.5108156820429937,1.491945537121621,1.4979983054520984,1.4956501281860086,1.496053181038787,1.4917047216216386,1.50253515975408,1.5027093681750094,1.4980938286434695,1.5040168409042236,1.5007367803496647,1.4995345628305183,1.509305073464151,1.501675663488167,1.489484992096712,1.4917466766682477,1.4991209760818718,1.5073847798266364,1.4933921882293022,1.5024386293071152,1.506709622676309,1.4971351034104143,1.4950092951411744,1.5024896864775084,1.5007997420653407,1.505764805048225,1.501510206118135,1.5066305113361378,1.5050227392864926,1.4970877066063557,1.5033397448902053,1.501244361088595,1.5020450496555755,1.5081095636211288,1.5045903166876773,1.5054945514261455,1.4992052742317967,1.5068963558944677,1.4964329020995648,1.5214869626044372,1.502499424488257,1.488958032248504,1.5030119251035778,1.5080455741315322,1.5001846191434378,1.494366337152733,1.4989652670145657,1.4971467003451937,1.5079794125926378,1.499230352825775,1.509442140143091,1.5079427491746171,1.5092771935426916,1.4978592786215932,1.5026859186609949,1.5028442532414217,1.500170322222724,1.5089957301884662,1.5036890995070968,1.5071754197967795,1.5030014971655152,1.5111675063094618,1.4960129013441523,1.50330394852205,1.5050265841550905,1.5069484875324868,1.5037895927545204,1.5046199343223026,1.4982261588560688,1.5054549728313589,1.5122124572620363,1.5014596783510477,1.4973314672582054,1.5104828384719124,1.5040681720412683,1.5015972964752966,1.5060704718510978,C1-PS,C1,PS,anthropogenic environmental material,fermentation,fermentation mash,USA
SRR1930860,1.473082564272511,1.4780724795913764,1.51905264120179,1.523144853060738,1.5479425313665072,1.472672255599566,1.5292188005158855,1.5434985159943118,1.4865983121195865,1.4788706250866432,1.5029505622454007,1.5042433731603406,1.5167357491505489,1.518528445897424,1.504919097227189,1.5054308877597022,1.5355022152152171,1.5162361984533734,1.5060738913083085,1.5179120441518263,1.503800277990383,1.5129359538970886,1.524362019311534,1.509282618112926,1.5471441775879855,1.5067080338811354,1.4884459595886317,1.4913807372854715,1.527148218453369,1.5198805903407346,1.5236340203787198,1.5274120152495312,1.5207552903152997,1.4909160417206904,1.5165310686663895,1.534606989097701,1.5166105568856247,1.5361467241531783,1.5231562511694785,1.5160437478514148,1.5059410134339406,1.5162567206369604,1.50666048070847,1.5268771975257038,1.4979064973329057,1.5162384485195837,1.5049813829022725,1.5050396263068109,1.5095655552277838,1.4930500582525528,1.5254163296918088,1.5264068257843102,1.5161950553353596,1.5212545788252363,1.5127994976453023,1.5244431710697486,1.5111512191023664,1.5152276824625963,1.5242382070541032,1.5053720544233062,1.5164365329215816,1.5017927455323168,1.5097025433284896,1.507969766962058,1.5115372650177556,1.5218457135570416,1.5207033951799491,1.5144958998611386,1.5250485135476433,1.5142108187135466,1.5134373552919598,1.5102007801850674,1.5024011518363527,1.4975117006422258,1.5181472441407189,1.5117918873469516,1.519062740599784,1.5200894437587924,1.5197078282296468,1.5282275743884886,1.5275690857238384,1.5155897180407607,1.5095260234771617,1.514335213076536,1.5108948461150091,1.52553449388638,1.5202969562542967,1.513222702264324,1.505497590985672,1.512538902427384,1.5133218558451094,1.5148712564714044,1.5246089189436738,1.5127048050702474,1.5081974238830584,1.506440766584971,1.5214607538909783,1.5075471012014183,1.514289374269555,1.5066429392571372,1.5118588927653294,1.520531659223782,1.5117535073334205,1.5159105767318477,1.520667661413262,1.5146796464080012,1.51727155405256,1.5205425501788157,1.5101289180608013,1.5080658943081406,1.517128177173761,1.5174949321842792,1.5175364280887278,1.5164667234415126,1.5200059308780085,1.512604406174177,1.5171286468729064,1.5188499600965133,1.5181434341698947,1.5211588267404117,1.5156441386611332,1.513094181920484,1.514558346062562,1.5173662364053857,1.517681043394196,1.5225562347537502,1.5257358581850191,1.5117427362176927,1.5137951694576182,1.5165120440085094,1.514812179278506,1.5195856254050455,1.519476789745602,1.5103700312187809,1.5147913626425704,1.522462067546143,1.5094442051355543,1.51870107171882,1.5134510816754638,1.5062733251438791,1.5202885453624424,1.5117491698004804,1.5185033939413302,1.514778563444375,1.5147816659042368,1.5154438000861896,1.514828912339954,1.51613120270375,1.520695093549026,1.517561408789647,C1-6,C1,6,anthropogenic environmental material,fermentation,fermentation mash,USA
SRR1930861,1.3611380522930343,1.3842363778436573,1.4053404781450736,1.3750273355071625,1.367531416766535,1.3784297006899575,1.3864825777489287,1.379731026160663,1.370070647913038,1.405212285006891,1.4032719030177228,1.4104033693843612,1.3856652582664677,1.3894314738834024,1.3978671973549612,1.39976848124585,1.371734762877984,1.3665682373229202,1.39816726077068,1.3874950482805437,1.386515066747962,1.3826755880065178,1.3893864304154502,1.4061569459082994,1.387054761530276,1.3890848920318724,1.4057950526975824,1.3877201694814234,1.369801327362345,1.3977459695654089,1.375623465893676,1.3878210573155565,1.3975857483567051,1.374879063901776,1.4018178218783963,1.3874515545056612,1.387104780854875,1.4058434989048612,1.3801875158317884,1.378662406089782,1.3898532887004464,1.3852823415367617,1.3849248101746878,1.390475300395338,1.3905198186382517,1.3982500875974917,1.3788592212743842,1.389438451778361,1.3888767132983142,1.3832665807666578,1.391134361844412,1.3884449834380337,1.3943979876666073,1.3876109710870006,1.4017951915013578,1.396015912942212,1.390641882151357,1.3937812164917254,1.3718017645904346,1.395233430094399,1.399586830524476,1.393727038593754,1.3953677153438044,1.3912597351604905,1.3833854749279229,1.396176190761616,1.3808884299415989,1.3875454169834895,1.3921003035170467,1.3974735553607345,1.3907776566795054,1.388182194786714,1.3916426995548337,1.395082238303898,1.4051694860287576,1.3761764710481423,1.39440331987829,1.3925733655939427,1.3841402538690757,1.3931725487046431,1.3873330025604196,1.392138742767839,1.3915522138169016,1.3978772432966058,1.3979724925948416,1.394235361420408,1.3896767427953634,1.391355606371006,1.3959487489764322,1.389197448170892,1.3934625358378143,1.3939138863535367,1.3994153510213805,1.3950456552147723,1.393945719404872,1.3889511606274965,1.3947184992690116,1.3957701008721264,1.3836067800653191,1.388420454253396,1.3895446665975033,1.3897208010642552,1.389818233978433,1.391784804671948,1.3921894889616993,1.3883107424805186,1.396095654078235,1.3919375367766524,1.3880729580043387,1.3895942262733365,1.3913532412079057,1.3911247494046068,1.3930106837050775,1.3887293612641936,1.389470743114578,1.3941006023127065,1.3884593593710055,1.3874995808418171,1.3916418822987768,1.385717044605127,1.386651030880167,1.393487785943907,1.3926024371113217,1.3923601281550535,1.3895741745189996,1.3887313613210592,1.389996106893273,1.3916343119341326,1.3899544802891637,1.3877869598739283,,,,,,,,,,,,,,,,,,,,,C1-25,C1,25,anthropogenic environmental material,fermentation,fermentation mash,USA
SRR1930862,1.4073771714421623,1.363977589271339,1.3505390283088012,1.3801236519062168,1.362629371097792,1.4052285476248916,1.3295339434092954,1.371656585343729,1.3884271785164168,1.35276629903127,1.3812876754417898,1.3602841643975825,1.3804291221752245,1.3571081546243913,1.3485769205378693,1.3675758851121014,1.3682609687948717,1.3571896087515585,1.322918877598666,1.371763188489704,1.3741253198626449,1.362868863370818,1.3760678072896897,1.3742522369474903,1.3567107158400151,1.3658765458964897,1.3525147675609088,1.3536536126425127,1.367735139233824,1.371321238391518,1.3556331489934637,1.3620890668180652,1.3513420865335826,1.3599491015970355,1.3492880531762343,1.3615218253859869,1.371178707317977,1.3836583432065506,1.3511401408375947,1.3635563420688313,1.3892820214208652,1.3644642047316895,1.359032329026315,1.3629349589629551,1.3352803254808654,1.349257076910935,1.370273294276105,1.3526409998630051,1.3570546724672286,1.3519086150452435,1.3496068253034694,1.3644355816075229,1.362992796311682,1.3617596387915678,1.3732081906188571,1.369328582522991,1.3859277155563583,1.360367153621805,1.3524664826159405,1.3548274077253368,1.3750695637008312,1.3632192888749366,1.3672353235847772,1.3707344671536066,1.3638076204678378,1.365224815896801,1.35894588160117,1.36243959768408,1.357658843721698,1.3562989717970824,1.3750787060791403,1.3498163643838976,1.374407529822638,1.3720460643372407,1.3584488786129425,1.3613740598001065,1.3624604599949557,1.3654576095723052,1.3684709592323043,1.3721280517287586,1.3546768411398549,1.3568576428629322,1.3640096393860217,1.3735642279248854,1.3589168406398893,1.3677631633828102,1.3563369944281722,1.3618211625442935,1.3593975494964496,1.365178004202,1.3586356173986796,1.3662621102857422,1.3675656188038805,1.3715645935847405,1.366942079742885,1.358448402014485,1.3606347895468938,1.3661708236122554,1.3693790975359266,1.3615672351770287,1.363441143922739,1.3640562966172012,1.363498054544883,1.359363709265524,1.365464975968677,1.361000269990407,1.3606880220499626,1.3629238268048816,1.364459090958557,1.366604343628898,1.364270301851252,1.3672058173776551,1.3661288646580043,1.3655414129738823,1.3647163677663796,1.3650115546830772,1.367687021924807,1.3703000217589825,1.3598719598199125,1.3672522371236142,1.3617055690200697,1.3647354992980445,1.362345338418456,1.3636833186725228,1.3711551378734823,1.3661207095433838,1.3620336338164458,1.362753133855452,1.3648584709536231,1.3663925326151682,1.3634661322467434,1.364784080992726,1.365222638810315,1.3677199050926712,1.3650848918526042,1.3679942875021396,1.3616434592571187,1.3686017056379842,1.363399656096718,1.3643388713810332,1.3635879734603444,1.3661667249691003,1.3629840869479195,1.3654410918847473,1.3620211834649083,1.3601035298728072,1.3631491683023391,1.3628831655305136,1.3670803013651451,1.364625862267889,C1-39,C1,39,anthropogenic environmental material,fermentation,fermentation mash,USA
SRR1930863,1.2713901201238451,1.2617740854351926,1.2562230884050272,1.2685461527913957,1.248626367985367,1.2640417360936609,1.304820908921478,1.2590057241103496,1.2576277335561898,1.3056778109009053,1.2647200463192312,1.287811828756358,1.2513370104302806,1.2754653216954928,1.261566070721946,1.287952188563361,1.2759739977460305,1.2953275769118502,1.2549395043574547,1.2615344316070425,1.268286435720811,1.2814734406051032,1.2737278828444716,1.259197599135688,1.25883392112934,1.2863558787087808,1.282210884553064,1.2642351849319204,1.257806795699852,1.2841323960643236,1.2670229431434017,1.2753815115116818,1.2596215156253978,1.2668672753115808,1.286402356029071,1.262072225299648,1.272732991789599,1.271180708221616,1.2790556306780203,1.2700362856498533,1.271412038342073,1.2688156285546162,1.2742263916821948,1.2716513778227916,1.2777520310114403,1.2839153141085144,1.2749306235178863,1.2899598346555845,1.2630460645517514,1.27029855626278,1.2779028825382648,1.2925070085161143,1.28346296659063,1.270471024858661,1.2766765351561138,1.2852279684950918,1.2982717835456243,1.2701474094242169,1.2584958837417832,1.2764007870444702,1.270176065088929,1.285729649640884,1.2674282401696724,1.2799097492724958,1.292305911533197,1.2894015901958735,1.2851592253972035,1.2762347859244747,1.2922832000650046,1.2747189302775104,1.2844392650187852,1.2767655979873531,1.2759877546003038,1.2665754030995802,1.2812360221312842,1.2765462074099592,1.280273794062554,1.2695529481585637,1.2789545127120634,1.2863703786725258,1.2626939870069922,1.2808550682783792,1.2863770553149425,1.274692630704814,1.275594342354336,1.272080095534369,1.273219764652047,1.2827720788582329,1.277808289302141,1.276896332457838,1.28054295004946,1.2743261920919522,1.2697701006462123,1.276609468431272,1.269433394750524,1.277976768925546,1.274330465677696,1.2693280651788486,1.2738799213049448,1.279659590600556,1.275194038036899,1.2756390954385,1.2777099795648803,1.2773709228688488,1.274165973108464,1.2748568297050502,1.2800583937701802,1.2821661173441934,1.2755319325645686,1.2679620276946986,1.2757672685213832,1.2823206679632713,1.283522123637971,1.2806599657727702,1.2815453642011472,1.2758919086030835,1.2736686852343604,1.276845885449899,1.2828940829066309,1.278946348109556,1.2730645115600117,1.279336496359372,1.281226243225184,1.2741434717613669,1.278678970817242,1.2742243828546056,1.2778837546239192,1.27924705900473,1.2801015686138628,1.2745129458207405,1.2813446348399888,1.2783302245520958,1.2813099440882725,1.2761163034928873,1.282296191891639,1.2796184682743097,1.2792953867658698,1.278631452133549,1.2779330845009624,1.279895415287864,1.277482273904623,1.2805026372940749,1.2766038290064907,1.277451450670706,1.2779144219819467,1.2812711438091282,1.2756744268574471,1.2749025282294082,1.2779987581579448,1.2776664389111512,C1-DR,C1,DR,anthropogenic environmental material,fermentation,fermentation mash,USA
SRR1930864,1.5659031212857677,1.5669462792040365,1.5364000625389602,1.5472944277301386,1.5696525320232135,1.584798194131315,1.5402625497875817,1.5561021933642152,1.548553146241161,1.5334028075111263,1.5532299971352217,1.5450565324729209,1.5677229418714096,1.5814849208831576,1.5625024857271506,1.564075103018126,1.5541477162097548,1.5696535274115726,1.5582979759208433,1.5498224608703046,1.5734258866347346,1.5614510387756226,1.5694963561734512,1.556852909011585,1.55295314400337,1.572237610343586,1.56636113507003,1.570639996835662,1.560006132382015,1.5807227683994411,1.5695658926470948,1.5519431416799925,1.5562724817607323,1.5660122952763773,1.5631653228988776,1.5635420223868008,1.5649411137265177,1.5540640043896226,1.5623908934456745,1.5752935219241695,1.5603894583246545,1.5496992328154522,1.569127802490672,1.5792169610030675,1.5850174414273182,1.5724211957197816,1.5629035471010653,1.5661460188777827,1.5611671180048718,1.573756379816061,1.5577985685704805,1.573671238960704,1.5797995248970074,1.566903253665673,1.5733877355700472,1.553742789950428,1.566018332286602,1.572060889291248,1.5650301663331891,1.5703071878371877,1.5710031550942385,1.5689275021374924,1.5767602523108828,1.5540126518944417,1.5699195073266252,1.5743561791645748,1.5764498433723004,1.551872899209081,1.5690203758458146,1.5748468556724948,1.558379894667312,1.5574463554047433,1.569394061998762,1.5733961191582215,1.565732758968798,1.5633015545308768,1.5678031211447634,1.570737092060864,1.564355158817134,1.5652949931741518,1.5719191728746638,1.5625113619324782,1.559879244941021,1.5669398932479732,1.570904295104158,1.566146253231845,1.565898918532987,1.5656196426554665,1.5701259904378615,1.5712427652170675,1.5714937540023526,1.5704106753361198,1.573917587143797,1.562988996559487,1.5599945943628597,1.5610881219873882,1.5730342698062765,1.5705828804237325,1.5751894138457092,1.565138252330266,1.5740896457044742,1.5699405988920363,1.5691399953348364,1.5736290865738007,1.564426201465302,1.5621999281691077,1.5715746031856772,1.5695755234100108,1.574404899668535,1.5706556818354087,1.5658203087081817,1.5699906168762272,1.5745182316907846,1.579272091440092,1.5641452776768807,1.5535978146732257,1.5671206758553338,1.567610889176104,1.565851622667896,1.5714791050872436,1.5707508820227791,1.5684745403099487,1.5768832596593028,1.5709477252170627,1.5720802559402762,1.5682415801611356,1.5652816194787995,1.5748628288158932,1.5756505915938268,1.572719481933679,1.5700511686691407,1.569961574761163,1.5674280596716257,1.5641427075866534,1.5707470426321706,1.5711235739901248,1.5641086478767163,1.5692882281573175,1.5711177384875914,1.5705553412256308,1.5681621961961474,1.573686377825201,1.5706272352157735,1.5691366232066102,1.5727845452317162,1.5683501773421205,1.5715488186590194,1.5688641129175434,1.5655882471196054,1.5716710999836605,C3-PS,C3,PS,anthropogenic environmental material,fermentation,fermentation mash,USA
SRR1930865,1.8118254492743968,1.7552267267330102,1.807987242551041,1.7431559142332902,1.8045054954444328,1.791456249713584,1.7854560711040484,1.7918963790788416,1.7922619118556145,1.8318598401323245,1.7813455928486306,1.798159883602827,1.8066741572444651,1.7974355233730566,1.817598088364828,1.7934568543252942,1.7896062326564242,1.8026425385291025,1.806553199599203,1.82786103112908,1.8054781514171885,1.8146011260799864,1.826918190143034,1.8034373209045025,1.79672520757131,1.799923484872945,1.8074452969662071,1.8362933348140185,1.8007659219507013,1.7996772357600246,1.8151665024874173,1.8158598416103984,1.812316072024454,1.8170382295685248,1.803211743248196,1.8042356332939489,1.80773523967008,1.812624791818391,1.81342134028561,1.808495467131369,1.8013902222178593,1.817283965676536,1.815331930911556,1.8069335632252053,1.812579389035239,1.801997749307518,1.81074036863976,1.8055854005263023,1.8043671982218783,1.817480619168077,1.8039851144115984,1.8026329763782951,1.788686374173659,1.801734339005814,1.7930795200576413,1.7941315366288288,1.8000758441112974,1.806699769830115,1.821412514435416,1.809850519536566,1.8109775426738208,1.8090140352159267,1.811171866800676,1.803843160959512,1.7974429006533852,1.804378174373803,1.787002201863362,1.8160618527815997,1.811680602870238,1.811482499636484,1.8131319275854216,1.8189782092342963,1.7985440810268407,1.8042707704653411,1.8047752772592096,1.7938026582415882,1.80732346208107,1.8058818223124988,1.811301697928916,1.8006894895490548,1.795155219384912,1.812572958859572,1.822535733885844,1.7943133505645894,1.803332048129201,1.8083593752111,1.8165723265129703,1.8085533952353272,1.8114178733106987,1.8114065584577936,1.795856403748971,1.813842077255206,1.8059513604421984,1.8059265568787608,1.8012047937039273,1.8044976262463848,1.8152768382463336,1.8057729562767315,1.8155560800656891,1.807853895468693,1.8062392891137395,1.8032701990539253,1.8009071101882754,1.8165971837883856,1.804160150573303,1.8082776166341623,1.8067782782067456,1.80659801930525,1.813233478540981,1.806094737821644,1.8011693904278407,1.808329445311418,1.8187079577142973,1.805729890843277,1.802931510526401,1.8054095977694176,1.8054178003434436,1.8116502085306332,1.8114763923878556,1.8042938512986195,1.8126157665115183,1.807214580349531,1.80764896470768,1.808550067290751,1.800462372335081,1.8077200581309725,1.8077585748562817,1.807620864044253,1.8032257578111657,1.8175607392050304,1.8081215600062683,1.8105374406922976,1.809905736314172,1.8088960667933336,1.8090055523660344,1.8077563394477896,1.8060266117458468,1.8096147004088117,1.8097874330148385,1.8090251590486188,1.8066261528751208,1.808316297062189,1.808837387822132,1.8064567585723792,1.809177970978713,1.811499879638831,1.803236672052315,1.8078839134972864,1.811498515761657,1.8050402032397856,C3-6,C3,6,anthropogenic environmental material,fermentation,fermentation mash,USA
SRR1930866,1.6104870436376348,1.5900180101383277,1.6169907213896828,1.5455602816470808,1.5838157457862996,1.5639336809124498,1.6078382720583648,1.5908767105433534,1.5854825537179489,1.5683063553100618,1.596073497573115,1.625983333891509,1.613429006807644,1.614740200919525,1.6302847037829051,1.5907285934277255,1.627580159971585,1.587912270058844,1.60237840357061,1.6087371660000096,1.5900007863381953,1.6017435523592587,1.583773038840635,1.6074921418038923,1.6075453564899935,1.6164163277702688,1.6249145046168414,1.609337310325669,1.5931300106819248,1.5891283072250926,1.6251429199821574,1.6102534226356602,1.611521286140125,1.6129663062700008,1.5933984666148024,1.6062796555222671,1.6253743801949134,1.6073864590923614,1.598447792990516,1.6146474755477258,1.602665785319327,1.6177203806450482,1.6155807055480735,1.6092143868201672,1.6146223057072329,1.603827076920515,1.6120015093548214,1.603084663814154,1.60795302343421,1.6031409255171103,1.6170781316430476,1.6050345911354609,1.6159800665562565,1.6221432381141658,1.6039348582175883,1.6080596494246964,1.6100207772755817,1.6133387181976002,1.5964056299447733,1.5988578039371195,1.6243430169246664,1.6061715765541111,1.6109434301007837,1.6106295708209803,1.5983290253045035,1.6094366073558295,1.6164041995431413,1.6026017005372566,1.6059508455493177,1.6114893848662282,1.6148032908576424,1.624273135454541,1.6050233784103811,1.615112688111425,1.6100954126756968,1.6103037564925655,1.613046827480721,1.6128789181493424,1.6169390100117635,1.6091641775673582,1.6155649510181451,1.6040031575326217,1.607505922685294,1.6122186410692694,1.61140935553849,1.6051793656084603,1.6088308133057967,1.608613445388194,1.6093173576044264,1.6090390296981556,1.6121977992049084,1.6175350778353446,1.6132455497145035,1.6196250158418997,1.6092877466445772,1.612634398897797,1.6140385109045192,1.6045290408895343,1.6050839358895794,1.6108718605960783,1.6066214625544484,1.6183207277133953,1.6148976076185806,1.6087234149899454,1.606289640120055,1.6099813169628396,1.610589362765432,1.609858202388711,1.6069074062654496,1.6104257667159283,1.6123785548785765,1.6111164614652866,1.608992543401753,1.611904081194693,1.6159286532088946,1.6132293915847689,1.6129620058892684,1.6084366499863376,1.6117137036520297,1.6076335442622447,1.6079383430223204,1.609749582780441,1.611123203283263,1.6107914752856218,1.6075880958065407,1.6113729149344207,1.6099469227514858,1.6135248633063362,1.6114869705545818,1.6133017845798512,,,,,,,,,,,,,,,,,,,,,C3-25,C3,25,anthropogenic environmental material,fermentation,fermentation mash,USA
SRR1930867,1.6502109695693967,1.7019822982659114,1.6544390285814663,1.6937859193326514,1.6551069290065712,1.6926023438764783,1.6962232987257353,1.7152220199497274,1.6603734057932515,1.7304801273689765,1.708380679014049,1.6728447903667194,1.6996658357082048,1.6761947750966273,1.679439334007643,1.674652985092302,1.655241712156035,1.675772138894993,1.696066661061346,1.6772787432306897,1.7070867041216218,1.6604288551841455,1.6595451468392357,1.6833873659109757,1.6774207826897447,1.706165496842587,1.7006371815290604,1.691970834197389,1.7044461612876836,1.6728306759609548,1.685939997494338,1.6923727644552746,1.7058102289602706,1.7013924899461492,1.6856256637509863,1.6883626527721791,1.684768442149369,1.6855739608187157,1.7091947958113216,1.688852861421248,1.695993729369761,1.6869313376657538,1.684189410531999,1.6982211641213532,1.6880310273867805,1.691532540791368,1.69088541766332,1.6913492233328242,1.692830747070925,1.700526640060487,1.705678613437375,1.6834818158740414,1.6934246586002302,1.691877602743559,1.7048336926628116,1.6916418724881137,1.6897664773648844,1.70358615729441,1.6850608260516966,1.6832590569932944,1.682203388069181,1.6936653001806292,1.6955324548643362,1.6809175534116798,1.6791195575966122,1.699343724017096,1.7047883684322027,1.6825402244099943,1.6934045025758897,1.6910314153159187,1.6844718121504962,1.6941465687956423,1.694584615460638,1.6942235377586643,1.700969277352815,1.6967832416665054,1.692447670442618,1.690390239441841,1.6872378557665482,1.698723196224018,1.6957028814959807,1.6977678136546397,1.6953266388584864,1.699196635466106,1.6925429600741628,1.6830466000068416,1.6892514095797493,1.6935368605691086,1.6817741388612175,1.700042169772469,1.690261912729281,1.703585870561465,1.6918089672484486,1.700510259277601,1.6902796813493255,1.6928060142559052,1.6842538119570531,1.694844598096029,1.6885985532115364,1.7019068200002343,1.690812681329243,1.6810112779461734,1.6917230269928394,1.6860039004241472,1.6983266848133205,1.7003484646678428,1.6806894464582016,1.7007337077985,1.6964759738742636,1.692976066096633,1.6985294830104662,1.694347726899187,1.691920899041687,1.698005146366573,1.6963457991840636,1.6911688511123923,1.689731812127305,1.6984149499063197,1.697356335038404,1.6941887233684731,1.6994377731382375,1.6977415063973451,1.700496738618945,1.6887345556980011,1.6958697297604368,1.6924602630920786,1.6945127083974454,1.6952633577908789,1.6932705635979513,1.6965414921137512,1.6958749527198065,1.6941049267720998,1.694472575666434,1.697504047428232,1.6996663825201306,1.6949848004918675,1.698335327810899,1.69079901148557,1.6935469406067285,1.6925355965206192,1.694009366564884,1.694955364210866,1.696630537230204,1.6941784164620874,1.6947635070270546,1.6950368629609651,1.6934144651775065,1.6948829397685874,1.692104433518472,1.6937592427404609,C3-39,C3,39,anthropogenic environmental material,fermentation,fermentation mash,USA
SRR1930868,1.375398753917977,1.3669360808677895,1.34589387878565,1.3360207043957502,1.3346670209166558,1.3614873132713998,1.3587094255369585,1.3684895567343858,1.3289797354679365,1.3259654169641732,1.4016701440879598,1.3112965770167306,1.362474141289159,1.3409435910098586,1.3223159602769488,1.3654173539833103,1.3694076240001487,1.3321729231655637,1.3352162607024989,1.3541445488386437,1.330764845147156,1.3500213692195613,1.3663453541370607,1.32844513197232,1.3594125959970051,1.3504639279160406,1.3440709861543103,1.3479823066253434,1.336060250992929,1.3549856448821729,1.3588797711086993,1.3461540600061803,1.3490624828694766,1.3537732399319344,1.3417829985949905,1.3517147013931508,1.3540934659715436,1.3450470071848162,1.3502932238985697,1.3423542356654514,1.3449048518582023,1.3473743577097703,1.3718777145373022,1.3570515971097383,1.334618656780584,1.3517303973429782,1.349803118106518,1.3591488209543974,1.3543645943015994,1.3553971898662414,1.351614951150787,1.357787374206238,1.344727745670054,1.3449171753771905,1.35320086736281,1.3459063209308562,1.3570842492281698,1.3541487195543198,1.3493457745227262,1.336847197933453,1.3463934977903778,1.3522153163953856,1.344737046439725,1.3616547631062117,1.3555175826610402,1.3564853477877177,1.3540011280114728,1.3447444737752274,1.352944894352482,1.34727960819925,1.350660295872347,1.350019148082202,1.352477403078192,1.3587722941951028,1.3486990558227785,1.3591300642954685,1.3527343222507078,1.350049770722124,1.3492662881032922,1.3503494131574798,1.3528575885530174,1.3537654574438027,1.3581850153369202,1.3554039903721842,1.3498960472509025,1.3467405174713782,1.35545018993556,1.3571510582116952,1.3499898352529638,1.3486481572634663,1.3535827848403956,1.355279648879433,1.3569537470855657,1.3542548219094852,1.3538646013786524,1.3505395800930475,1.3538525410758977,1.353961832320446,1.3531513745313106,1.3536415087591864,1.3500179992493393,1.3506391265478035,1.352609009787262,1.3507504245016928,1.3547053888845713,1.3518116183802575,1.3533968991224603,1.356423219546392,1.356389445699851,1.3524917250628568,1.3526884172175486,1.3524148797211384,1.3525321353433617,1.352492457376344,1.3525433718336646,1.3526383418960295,1.3526545569096426,1.35239836925324,1.352524444049822,1.3525869919486166,,,,,,,,,,,,,,,,,,,,,,,,,,,,,,,C3-DR,C3,DR,anthropogenic environmental material,fermentation,fermentation mash,USA
SRR1930869,2.121082553660245,2.148747884612454,2.1344884187802164,2.135317441252589,2.103650044938288,2.1336146235673192,2.1397765797816937,2.146291050823225,2.1329829781241822,2.114518973095893,2.1232644799153264,2.1568752229920656,2.139549530223783,2.117650739805454,2.121905838997359,2.1174746458964204,2.1470949453723303,2.13569117275686,2.1340736098213884,2.1346667517341413,2.1340816432916467,2.119106758252705,2.163295074379542,2.131351334583257,2.1508759683255305,2.131950461428694,2.1353177185800147,2.111981900099248,2.1318638625953508,2.1384220427136067,2.1280036260016324,2.1189269918215867,2.1317113277316397,2.139308128990139,2.122984251232856,2.114817125365888,2.1421605121552947,2.121213719684445,2.140505263933304,2.120032381543816,2.129846168262964,2.1304280268823192,2.132882573493059,2.136708409545902,2.1435066456957586,2.1274564427321443,2.142190673713772,2.1309043240097423,2.1431160844472106,2.1250552965211744,2.12654957081472,2.125037491390953,2.130319363710093,2.1279202080677617,2.12101935794537,2.141202777291316,2.139354187016276,2.138467476329053,2.1433523549075684,2.13357396751516,2.133488180962555,2.127090112550936,2.122281342821982,2.1337653053764627,2.1436930742591427,2.1219264167584573,2.123086372241945,2.1310621282446194,2.130003454531091,2.1238078292125118,2.1397635673764785,2.1189198065175177,2.12664548484586,2.1371274231474797,2.133109567319427,2.139113469532565,2.1357591793882262,2.135770681016563,2.141828799165973,2.1250581051961346,2.1313981959429347,2.127428918287542,2.136491232044841,2.134398111192405,2.1220335299523465,2.128051490954903,2.137638504236901,2.1244711007472072,2.1310713972537454,2.1389424508724613,2.136249793567542,2.12817812086956,2.126836393996329,2.127525473397887,2.136328664686156,2.127384737490941,2.1311530479462197,2.13308115034355,2.120796964402911,2.1291366095367,2.1309633359042635,2.1263925288103285,2.130902286453891,2.125385986599202,2.1278102127671943,2.140647332134836,2.1390047379114114,2.124704043289678,2.134876087162424,2.138944951304311,2.129394773999828,2.1330225267280003,2.132060358023702,2.1284390419306023,2.132376545843345,2.132070708403291,2.132579865545328,2.1290765888559737,2.126745339842969,2.127337906479746,2.1259179060301787,2.125347183508945,2.132264188872468,2.1363045325218573,2.132890686819543,2.131299651392632,2.1289835054253654,2.131747004204778,2.1346858009483336,2.1359369569514053,2.1286350831413,2.128510078411258,2.1338564282119146,2.1312060949968803,2.1217270159196318,2.1305525499710645,2.1263636588505213,2.138764712770615,2.1323534070116548,2.122833395817286,2.1278599905007813,2.13225656987922,2.1247682868157285,2.14047291409375,2.130444759724215,2.124691004012137,2.137583779007892,2.137590833963452,2.1325255319031293,2.1271459173674714,D11-PS,D11,PS,anthropogenic environmental material,fermentation,fermentation mash,USA
SRR1930870,2.241061714961502,2.2455573575510663,2.240708345146895,2.225241487437616,2.2548914155589808,2.249272885346042,2.235687229693008,2.2348065807542743,2.25201462033512,2.232804635875929,2.2328982795738157,2.244246038457146,2.246066306703289,2.255298554959653,2.245906657777498,2.251498323903563,2.234059761495616,2.2402898038430723,2.2329932122167087,2.2359160882252573,2.240859002424969,2.245701976815387,2.24421489258979,2.226854610044224,2.2456239654274124,2.23739367439597,2.254148039354179,2.24251956600397,2.241704822289824,2.2496300514853926,2.256071975574534,2.240676094338477,2.255866367054981,2.2417628512986427,2.25380233637087,2.246969654007632,2.246766455669623,2.225964323863408,2.238790630174889,2.241465177304583,2.243465219656908,2.2369953557534616,2.2441340100180764,2.2391771080051464,2.2370574745843856,2.24629878171202,2.248288804351672,2.2412527142634917,2.2361516441734857,2.240045691937853,2.2509256429770645,2.238673178555908,2.234087098347611,2.2439488538809744,2.2502535732561864,2.241999068553669,2.243375694327199,2.2507106658539984,2.240765703231996,2.253345734799257,2.245698717825024,2.2363324431092937,2.2442994383763364,2.2476309248837185,2.250616533153505,2.253968865101973,2.235207115998788,2.248468565788029,2.244213138362378,2.232828129242489,2.2365784238462587,2.247477009515249,2.236718466703356,2.240316200668294,2.2508783983303515,2.237743123181149,2.243546079023563,2.2440704066679564,2.243932937602477,2.2463021157099368,2.244319938709973,2.2459508257144454,2.241101847187726,2.248395878312276,2.24734120259231,2.2411041104127687,2.247426382706011,2.245581474626358,2.241092121100566,2.239621979700689,2.239666268985838,2.245306827832209,2.242751276702565,2.2423315910046098,2.240948127569839,2.246538551809783,2.2461964498405536,2.244761429693713,2.2433163541457057,2.2424104515101706,2.245589930782426,2.24179741659078,2.2452303177938946,2.2435917999103285,2.2435642681186625,2.241685421743195,2.2400227572626754,2.244420899944676,2.2452891894118405,2.244399042948056,2.24425836481215,2.2424095178619408,2.243059983047347,2.2428321841674808,2.2428036727236504,2.242313908950673,2.2437711961200115,2.244772383082984,2.242327024840462,2.244061290856332,,,,,,,,,,,,,,,,,,,,,,,,,,,,,,,D11-6,D11,6,anthropogenic environmental material,fermentation,fermentation mash,USA
SRR1930871,2.004447455895654,1.9873692427857812,2.000675648673733,2.01857735940915,2.0026704335092163,2.0115244954507503,2.0566926862501864,2.032017252777586,2.026386236764237,2.014678332939968,2.027461171281944,2.0333663152887897,2.017049284098541,2.0082726329664253,2.0207362049020072,2.006179772231671,1.9947556487337856,2.019056259873394,2.0182332919406423,2.019583324963565,2.019391946948464,2.0120771088515714,2.022036874342756,2.008473560682704,2.029734493801774,2.00580188591266,1.9930026891194887,2.0100294379350863,2.0488070938101464,2.0015885913323688,2.020172254532879,2.0107471027828128,1.9945872688532256,2.0112105077393303,2.0065722770412795,1.99448083058568,2.017780658674264,2.014362106017157,2.018478433662116,2.0171163164937784,2.013721487259851,2.0235047999993263,2.017848842468525,2.013128687328367,2.0019645855466512,2.002440932289937,2.025406739127632,2.01743036901393,2.0265603293848584,2.0142918649764443,2.0115793469662413,2.0053749013612525,2.016810084431007,2.0006056809228383,2.0075609374205463,2.0115524330888306,2.011201940205224,2.0176925910359502,2.019884178694185,1.9991150281236625,2.025072496075183,2.0149806303475946,2.00189062456814,2.008776992334633,2.0236178439126,2.0097217080241725,2.0216748929586243,2.008795303935717,2.0220434175469806,2.0158644371799266,2.00619472050861,2.004577921467132,2.0138727025331526,2.01696416517647,2.023370749124604,2.009868844670387,2.026453981403799,2.017739996157502,2.015000908096792,2.011488248482646,2.009913997532061,2.020665794280132,2.010934626915485,2.020249029821354,2.0086435951700934,2.0008172022543325,2.0062672036158284,2.006516766861273,2.0157739416899645,2.0142053692101096,2.0181959745904865,2.026805059910428,2.01299063652133,2.01996123152626,2.027532147742016,2.010966316734497,2.0178026049101523,2.019137927722105,2.012736611700192,2.0168479164778823,2.016377694171287,2.015483935117637,2.0158876880187813,2.023786121122479,2.0093576533929243,2.0109802425425776,2.0182694010042845,2.0088338675284594,2.0290138777875164,2.0142177641723755,2.0121584737837304,2.008194526553408,2.0154492466032,2.0134344947674685,2.013290302143834,2.028000491925557,2.01963890499136,2.0113455502973165,2.0092373354016417,2.028531087300204,2.0113239826646394,2.0224142250889057,2.0148388125449297,2.020501938025556,2.020886336457068,2.0143923438027507,2.009780828206411,2.015959409208146,2.016622442014276,2.023042382379765,2.016727429237141,2.017540430629605,2.014117385889215,2.0103544630076997,2.026030601890125,2.017883857734829,2.017381659918804,2.009868892513032,2.0140135757848503,2.0154049323065584,2.018048591697226,2.0081816013031686,2.0124800358762567,2.009496321577569,2.004259904111013,2.013040438273361,2.0141700126104047,2.01607636723664,2.009759770524282,2.0155300185681457,D11-20,D11,20,anthropogenic environmental material,fermentation,fermentation mash,USA
SRR1930872,1.9987154313509157,2.045364432660568,1.995198660526774,2.0050076937774257,2.011072032676689,2.044136180479603,2.012572370635566,2.0073448064153694,1.9828265004549843,2.0099402605996404,2.0097155611102244,2.017084112267569,2.0141150029978365,2.015165277845794,2.0224090350337454,2.046173312183872,1.995497799943228,2.0171587932634303,2.021464171049824,2.030231779916186,2.013166993757105,2.012301167974404,2.0272287432089158,2.029183005026475,2.012289191908736,2.022275292407375,2.027780364386121,2.015886934306011,2.0047025993540326,2.032370023681942,2.0283401317824863,2.016627167803238,2.0219947120814763,2.0155586313570466,2.0184921300775294,2.018761421111489,2.0172616651238218,2.034125233139015,2.025918859299289,2.003587959644739,2.0246361375441952,2.0237826098735585,2.012576764275501,2.0173922447189474,2.016691495470666,2.0137770417455307,2.0172910010071403,2.018658056603752,2.021589808274733,2.027949761896275,2.0225366099794035,2.0218746801265035,2.0297734193677504,2.026758164324142,2.019821045733071,2.018297281658335,2.030150138731582,2.022092934694143,2.0215675122393173,2.016968646531488,2.02328424897045,2.018800105495591,2.018443564577096,2.0222657747021247,2.018601133717717,2.0199024160033563,2.0206401399141773,2.020211442087016,2.0182737152757007,2.01981161344433,,,,,,,,,,,,,,,,,,,,,,,,,,,,,,,,,,,,,,,,,,,,,,,,,,,,,,,,,,,,,,,,,,,,,,,,,,,,,,,,,D11-40,D11,40,anthropogenic environmental material,fermentation,fermentation mash,USA
SRR1930873,2.1318950092406665,2.119807504015736,2.111353214026777,2.136929657097287,2.1053919973860347,2.1064345915114795,2.114692329285933,2.1110637676495503,2.111946117368895,2.110483708455658,2.1078366385038403,2.1191949133221426,2.1005252173976454,2.112409488150447,2.1407908485838907,2.112283625824503,2.1215382604597903,2.1249136693852524,2.1048062224203683,2.1090343612799822,2.112214195236627,2.101792241297724,2.1160123059507296,2.106429099053167,2.120444138395023,2.102204508490244,2.106285505947432,2.103481782803225,2.111783573396232,2.103408208135742,2.1138687652881134,2.123682020707099,2.119352630900239,2.102411850506959,2.122160347939091,2.1201511563031974,2.116177532818076,2.108960375135342,2.126528970876681,2.1159275294768856,2.1194882251780243,2.110779333458895,2.1157351858935547,2.1111859423100365,2.109828079382664,2.1161985335896736,2.1185497920292824,2.112448105923775,2.1121131274698053,2.1146571877697027,2.11548445797918,2.1152019474438566,2.1155295604530955,2.114836332350187,2.1162703950222395,2.1164368599916115,2.115808659625269,2.114931326028689,2.115609839101862,2.114164874177092,,,,,,,,,,,,,,,,,,,,,,,,,,,,,,,,,,,,,,,,,,,,,,,,,,,,,,,,,,,,,,,,,,,,,,,,,,,,,,,,,,,,,,,,,,,D11-64,D11,64,anthropogenic environmental material,fermentation,fermentation mash,USA
SRR1930874,3.128607592341472,3.1431715773349853,3.1423176746875976,3.124794717514295,3.130408535109991,3.1184203675529925,3.110021127597025,3.1548792292998917,3.12110533536454,3.138718372478741,3.130376247563888,3.11441132807768,3.142762340232556,3.127860163402576,3.1386267220689783,3.139893522608044,3.140075696803239,3.12277723497733,3.132216902352545,3.1247785484828614,3.127057590330704,3.1278604633068863,3.124624655625323,3.127443976007259,3.1333432973736617,3.128768024446127,3.1379575929456136,3.1349475267462306,3.13944441663414,3.135433441042717,3.126549070739896,3.1468675747006363,3.1325710268400573,3.130987037708101,3.1351876274575585,3.130943215777368,3.1326413582187937,3.130796804327233,3.1351183585950544,3.13329754966258,3.137504298342616,3.137604369707988,3.1337168718292223,3.128434886366265,3.139112326782031,3.1301998963095308,3.1310644871055717,3.1242236324870425,3.134941519212636,3.134940221302313,3.126056010795024,3.129838852442102,3.131444773250227,3.138530368509973,3.1335160382015346,3.1322165790745777,3.12932325715441,3.138182399774024,3.1307322635446373,3.1305652947756037,3.13485324215506,3.1334087115713314,3.132399840729384,3.128905834188728,3.1310348440928024,3.1385279967399247,3.128912517472438,3.1279324981241965,3.1316129315572314,3.136588397009942,3.131535556681747,3.1317856216382403,3.1296970771453023,3.1314698021274943,3.134573010861724,3.131710546064487,3.130869969198956,3.1332631284421977,3.134029858529457,3.131721573587097,3.133129184101309,3.1326877144527794,3.133166459081892,3.132814667435992,3.1307686345578216,3.130178377893884,3.1322029259172783,3.1305280296659594,3.1328644752928185,3.131527140526844,,,,,,,,,,,,,,,,,,,,,,,,,,,,,,,,,,,,,,,,,,,,,,,,,,,,,,,,,,,,,D12-PS,D12,PS,anthropogenic environmental material,fermentation,fermentation mash,USA
SRR1930875,2.999601025499444,2.9890507624948466,2.975837482864661,2.9980958445359387,2.966544718774165,2.988413832541948,3.009566728278041,2.978991838604258,2.995701729471261,2.994595256631112,2.997436902849292,2.9827041396121707,2.992834332567297,3.0025436114586253,2.986524717577483,2.9861958026663067,2.97973831292148,3.0035232381672365,2.998158837758541,2.990658243283918,2.9938932647783907,2.989569928912323,3.0008780002970155,2.9914659780210706,2.981787797718942,2.998305326497277,2.9881539748185943,2.9919155621502918,2.991287819205812,3.002920230224804,3.001159101287341,2.9944254731375706,2.987650191568173,2.9990551263824203,2.9922468179438977,2.9924248331055563,2.9975283465557405,2.9967230432187297,2.998595305717429,3.003607016332648,2.9954756474205566,2.988188798993403,2.99919585959686,2.990502558020645,2.995831010293601,2.995745953302444,2.9986610007772763,2.9960981555337445,2.999053657995965,2.9980178881644184,2.9878730897962944,2.996578013197417,2.99836038115586,2.9927756665804286,2.9955203726265194,2.9992128129083486,2.986402604120721,2.992175478216239,2.996058766076335,2.996093920711213,2.991167135568505,2.9920458806797017,2.9880764768719823,2.995842390512569,2.995813301675614,2.993693337009556,2.99437962780232,2.9947422174861638,2.9936283284200105,2.9908789604293595,2.9957075534621165,3.0003900909553223,2.990817681070276,2.9921948121767508,2.996847220633129,2.9961264344619902,2.997829902227323,2.996806625665568,2.9915469821067333,2.99487804387584,2.996275704380865,2.997102583411984,2.995450864904143,2.996750976481364,2.995532451420972,2.994405800914916,2.991760599755444,2.9947089754429626,2.990334797352704,2.992870592449348,2.9935669675812417,2.9962044918926245,2.994885765138735,2.999247658756437,2.9971039887286937,2.9906958888709987,2.993979650649787,2.9945855131803154,2.9955708994419727,2.997025092586638,2.9931194289952807,2.993514194084969,2.9947890093187475,2.996207266793546,2.996080919740656,2.999068902123051,2.9943076503842327,2.9923895183412688,2.9945942823184493,2.9941780087424656,2.993618213281644,2.996351072153649,2.9960096395260183,2.9935562218464966,2.9943359649407464,2.9947202176457024,2.994916638779633,2.993719922845344,2.993867343767653,2.992188563483717,2.994356955939622,2.993316391469864,2.9952426645480403,2.9923039304803045,2.995662932756786,2.9934780367810423,2.9936763973798586,2.9943205378322424,2.99503379313714,2.993060834631878,,,,,,,,,,,,,,,,,,,,,D12-6,D12,6,anthropogenic environmental material,fermentation,fermentation mash,USA
SRR1930876,1.2455357201528248,1.2019840257196976,1.248403957873265,1.254129567400227,1.2287803584487595,1.2441244262621824,1.2384324454143514,1.2533837710964,1.257917738881081,1.2733196951765924,1.2433885926792692,1.245541061850594,1.233958892910102,1.265171921841472,1.2469027981202907,1.2418740602524845,1.2721121371348616,1.2484291011412587,1.2526987666363854,1.2545618776517404,1.267273346070792,1.2766419791990262,1.2613331229064515,1.2386484566233085,1.2598643935953446,1.2565499210960431,1.2574177539372309,1.2611090527356454,1.2603338737549226,1.2542582600526495,1.265693637365071,1.232726522741889,1.2674298376877997,1.2575153251851163,1.2537973784601637,1.2533436190620586,1.2565572027647995,1.2691814984549916,1.2586992065718705,1.24903308265625,1.2511127594304416,1.2562616908787627,1.2617643718397082,1.2404782503258034,1.260214980909646,1.2535010437952634,1.2503597332358092,1.2557855911209737,1.264406966823559,1.25585143579946,1.25945933807356,1.2520607458065711,1.246120262471057,1.2637696342437956,1.264451465518387,1.2578947213357925,1.2657415345204206,1.2523214014187156,1.2614117356378087,1.2468439256834511,1.2602939235936468,1.2656281763980064,1.265185802719477,1.257385208863072,1.253988987607174,1.2522941207022642,1.2563241842919357,1.256946483209001,1.2586261184263368,1.255869583378222,1.2517635284177224,1.2571036623159095,1.2546025563033896,1.2597607431848927,1.2641993349363791,1.2512895276376623,1.257370889554436,1.2620834751301326,1.2596498959915852,1.2584762153800575,1.2537899749542925,1.2526134274630767,1.2550009665806234,1.2605558727656143,1.2587523987746647,1.252973114465507,1.2565312911357052,1.2578976553981038,1.2566862702841644,1.2577267666453262,1.2574911319048108,1.2593332568185729,1.2585274696745756,1.255579033976751,1.250940551191672,1.256586443791136,1.2561364342111645,1.2544944094541508,1.2564880537292185,1.259141613162336,,,,,,,,,,,,,,,,,,,,,,,,,,,,,,,,,,,,,,,,,,,,,,,,,,,D12-20,D12,20,anthropogenic environmental material,fermentation,fermentation mash,USA
SRR1930877,0.9808993932695644,0.98057321870109,1.0146131475938986,1.0181255262771292,1.0198468165978392,1.0273211741825807,1.018093982463887,0.9893786957755828,0.9988429056986357,1.0025923833732229,1.0212970318443964,0.9930028862883394,1.025917800090418,0.9935208828978794,1.0205221183484274,0.9946571544313606,1.008413770469537,1.015762818757061,1.0187826856481912,1.008522080872558,1.0073519397672344,1.0060521440823822,1.025196505373913,1.0239127357584012,1.0042895007769326,0.9985549770033192,1.016789843210158,1.0237704492111888,0.9955903553622344,1.007792622655213,1.011827379474757,1.002069759308018,1.0132126217310675,0.9733676110814188,1.0100569126116816,0.9945974165503972,1.0233827410232164,0.9948817811507218,1.0210253725423974,1.002889407805893,1.006252787045245,1.0011896701440095,1.0243173302846351,0.9950152471112816,1.0028377255845082,0.9999884955945684,1.011814512005016,1.0176219725003606,1.0077422000486749,1.014954476833117,1.0103227545424431,0.997700349354908,1.015768694883384,1.0166223904780318,1.0143873579313167,1.0087616383872644,1.012395112104887,1.0052353518326684,1.0145915470824174,1.0052669351654258,1.0147534650293746,1.001342534116863,0.9940637618147462,0.99861163369415,1.008431252169689,1.0158719835869507,1.0086262502185048,1.0037143890024294,1.0058509582904929,1.0054263959498069,1.0198634892085583,1.0053093213231683,1.0045089777318454,1.0068880228275507,1.014609277558704,1.0167005170618109,1.001019238167719,1.0055974478588312,1.0092506557027765,1.0066294369374984,1.0182222389770013,1.009202534002115,1.0169057829614117,1.004086406000018,1.010860985312655,1.011298145476536,1.0090163617923864,1.0104215920934916,1.0187663802792986,1.0075486975745809,1.0122079767525556,1.010468910861004,1.0063851214235149,1.0019868876204718,0.997236535154862,0.9986056224618812,1.002656917872355,1.0023776301065743,1.0092016632084189,1.009402866225136,1.0090396287421235,1.007293005677628,1.0125867893904834,1.0032592726561544,1.0089356615653806,1.0114190999384425,1.005318446411093,1.007238703037842,1.0100027630145596,1.0061194401456834,1.0132658173741995,1.0097595406301587,1.0063703557840928,1.0061592395674732,1.0127325779060898,1.0129122700822777,1.0120753042961088,0.9974731641461626,1.004159209903632,1.0050547379191004,1.0041290748444502,1.0091870757918602,1.0025135964642695,1.0088315423498164,1.0089117340421734,1.005455992020419,1.00951523344122,1.0056550821916446,1.0060932947645769,1.008043617087178,1.006944750996767,1.00602462132787,1.0084515003866423,1.0078416675248951,1.002923848549604,1.0093045519152857,1.0057980998106546,1.003716523323904,1.007507770119098,1.0079124894323193,1.0030762435964955,1.008792402527816,1.0078490446513857,1.0062302505026888,1.006887399155944,1.0099113672996192,1.0052128506370328,1.0093319763158994,1.0038610510813293,1.008126891782995,D12-40,D12,40,anthropogenic environmental material,fermentation,fermentation mash,USA
SRR1930878,1.2594293449200145,1.2587779997988815,1.2302575402474398,1.2652788748545318,1.2592751963765236,1.2651690236587252,1.2910282077283175,1.246284119443977,1.2999394994215892,1.258593179790527,1.2595908295059526,1.264200274995568,1.2646824410469597,1.277194314929305,1.2663591288479596,1.2864594231815665,1.2589734722556682,1.2717087762178296,1.2499969485128066,1.271710444405999,1.2724902684088837,1.2553653606044577,1.2652506686412412,1.2737311364223094,1.2540219531183945,1.275348497118176,1.275046142806027,1.275365902206703,1.2529506944981377,1.2639583437909334,1.2713066601974423,1.2610718325615866,1.2699764652428605,1.2723010605235487,1.2665354593766276,1.26117031454535,1.2545560939257825,1.268340521253723,1.2686126014898664,1.2699554663575043,1.263206152869596,1.2634524704517494,1.269815867743323,1.265046922883039,1.2610874176860103,1.2687491235626396,1.263267338982613,1.258468081387724,1.2632535154890745,1.26971622658467,1.2669466508090763,1.2647605423742432,1.2652088082455388,1.2660080882224125,1.261940276935604,1.2635741088141066,1.264786782848301,1.2668742761188478,1.2684011905036316,1.2668832478098575,,,,,,,,,,,,,,,,,,,,,,,,,,,,,,,,,,,,,,,,,,,,,,,,,,,,,,,,,,,,,,,,,,,,,,,,,,,,,,,,,,,,,,,,,,,D12-64,D12,64,anthropogenic environmental material,fermentation,fermentation mash,USA
SRR1930879,2.99067413866176,3.0153195682005207,2.9886206475557,3.0106849121391632,3.0230229428787423,3.0002339987195,3.0058284451575474,2.990579711027441,3.0188670438173704,3.0016923043079493,3.0033530773889496,3.008333343819999,3.0053034117211306,3.0157205267834883,3.022802447171711,2.9980057418554438,3.007919877463777,3.005391653311285,3.001239493734268,3.0083907754912764,3.008481454205944,3.004231263576961,3.011670048012135,3.0013353999323225,2.9971951420072696,2.996119692516798,3.00536660484748,2.9939504300429576,3.0053415740359286,3.008335025885092,3.004333535257836,3.0028540226843368,3.007979354459146,3.008074177198088,2.9999535362843743,2.9991716071936847,3.0093332357873006,3.00593255076416,3.006473325333261,3.003588237667492,3.0102048511850774,3.012505996277583,3.0028669005884696,2.9916851318070474,3.010076128653344,3.0004069430029774,3.0043521077840034,3.008412203720221,3.0025816312838445,3.000961500629315,3.0076338371208102,3.007554112662777,3.0048069209329458,3.0015888757459246,3.00804762023887,3.0072807481292454,3.009798190156563,3.008710904454194,3.000376328862821,3.0059764308513275,3.004180848535669,3.007776966586405,3.006268890596325,3.005446916584959,3.0062040149776657,3.007162773379982,3.0007675937263043,2.999780908954426,3.0053824919029686,3.007805917493121,3.0018277959604687,3.00440063379774,3.0031801838604077,3.001825560437447,3.003776699773139,3.003630841427464,3.00281890927575,3.0029035662091985,3.0030385707755025,3.001479512371121,3.004587274073467,3.0077317444569824,3.0043329210095338,3.0050879792103147,3.003634512534892,3.00208899073512,3.0044616662891306,3.005382176223515,3.004081094670448,3.0064225123022617,3.005485571946572,3.004699419759186,3.006326343204337,3.003054780925699,3.0038718755867584,3.0051018471412543,3.004521804452964,3.004974300212389,3.003779140891199,3.0036832449059623,3.0056615103824678,3.0053514180734693,3.0051471050807823,3.0040575225275745,3.0044242894237154,3.004972496769027,3.005021078093414,3.004034479623924,3.0048816748024336,3.005188787551168,,,,,,,,,,,,,,,,,,,,,,,,,,,,,,,,,,,,,,,,,D13-PS,D13,PS,anthropogenic environmental material,fermentation,fermentation mash,USA
SRR1930880,2.9895349719482542,3.007612727442677,3.00548787960105,2.9942716366231985,3.0028926430897926,2.986895664195041,2.996977144665668,3.009249986107318,3.0135252455153525,2.992689484731307,2.99755860696084,2.990732258249186,3.003542452835848,2.9902829078473974,3.008329325136885,3.0059023495658828,2.9787832550286297,2.9959464903749424,2.996201319179504,3.0002681215217746,2.995278973806987,3.005115633570224,2.9945884773460647,2.9965800574270247,2.989761355957092,2.99550367840482,2.978546747258355,3.000392508839113,2.995115985024439,2.9932555151399463,3.008787083333393,2.998023621854385,2.9994775921002157,3.00605685598268,3.0022127130138925,2.9946218237193074,3.0048038314682968,3.0013774363072887,3.0026156494335567,2.9988335814455227,2.997610565352825,2.9955491064394124,2.996022525933661,2.996346891379323,2.998743781738224,3.0044750058898684,2.9958457814476205,2.9981910058131405,2.9966907440478323,3.003210161958339,3.000275809240765,3.00401523480182,3.006123389904201,2.9955903819061427,3.0038939097094057,2.9981865600532336,2.999247599136017,2.997148929949883,2.9898476381580985,2.999287436350814,2.9965088150045784,2.9995154732347324,3.0005926402641614,2.998969942134112,2.999461488623398,2.9986316900656464,2.997040350614921,2.999421668444614,3.001355705957949,2.998324437557032,2.997914671640762,2.9975153076779906,2.997019972167146,2.9958903227873264,2.998751472678048,3.001563243597375,2.9990084614336445,2.9992437328975563,2.996217241806262,2.9955109532685964,,,,,,,,,,,,,,,,,,,,,,,,,,,,,,,,,,,,,,,,,,,,,,,,,,,,,,,,,,,,,,,,,,,,,,,D13-6,D13,6,anthropogenic environmental material,fermentation,fermentation mash,USA
SRR1930881,1.4353602490506392,1.4476031543210015,1.4448205889071242,1.4893428422325314,1.4460085717333824,1.4204330459537755,1.4137662855818962,1.4635570053458815,1.4707519774478115,1.4852252795256542,1.434138478519454,1.4900718003186662,1.4369422749493896,1.4392923748181203,1.433828876181754,1.4466841405228037,1.442798630468915,1.4434416071119178,1.463887901105058,1.483761908571118,1.4522971002263096,1.4702037483084356,1.4436224738012975,1.4525583993037705,1.4620698987845695,1.4741920944184057,1.471149673293783,1.4756872116304756,1.4325602974997886,1.4542709808179015,1.4446802287363598,1.461226270782608,1.4411418546696189,1.4706944450468578,1.4502419532172182,1.452233133165225,1.4425497447578448,1.4634052093007486,1.4754410549194965,1.4528701556238584,1.4575456255899129,1.4585615111554462,1.4538590116450034,1.465353333655366,1.4544186020636207,1.460618029522927,1.4661266609928114,1.4485884581937534,1.4613291091972536,1.451741683069953,1.4446812645689238,1.4667142155037052,1.4553487977442212,1.4591202668000118,1.48162709170413,1.4673607712401302,1.4549470694007118,1.460636977699842,1.4556245535255703,1.4645693776712467,1.4503046216884588,1.473033391270223,1.4556296151058,1.46263348753236,1.4402825640672148,1.4756741938238482,1.450054686413554,1.4607819266687567,1.468253999880684,1.450508634191204,1.469829519455738,1.460148397221734,1.4515493136776447,1.4587406119832729,1.4652250138533889,1.444414931000841,1.4444128875157196,1.4662149881460749,1.4636844286379755,1.4466696354795592,1.453972238391147,1.4605160461479672,1.4528785350474211,1.4505146758790926,1.4619657393548966,1.4552907234046115,1.4569739704623836,1.4564964250282937,1.4515617351838497,1.4608506656163314,1.4634874964179962,1.460351862027934,1.4664094422641183,1.4564613412298144,1.4479350388861274,1.451863425405415,1.4521538835581722,1.452546100830922,1.453005670189233,1.461074411315947,1.4577097193342572,1.4647924683797435,1.4555314971038111,1.4535880777967398,1.4617530305668025,1.4606524281311168,1.4562383527282772,1.461770277379154,1.4551998000914668,1.4660986278141983,1.459812331852903,1.4626716790877223,1.4537150888436652,1.4578644349218333,1.455587131384155,1.4606686297248788,1.4526064480288023,1.4555260032853952,1.4477782988237224,1.4661561356967172,1.4569836899827728,1.452082808512968,1.4513253027591295,1.4569398800426492,1.457823368155252,1.4566625135120963,1.450244059255551,1.4458280185429566,1.454379066298169,1.4604965703348856,1.4537679214027857,1.4585616240980257,1.456474121965021,1.4593948025872996,1.4542748742207872,1.4560228603028285,1.462169224964531,1.4601953693134406,1.456779071517784,1.4587100796510426,1.458452769802852,1.452531421812793,1.4553779060883656,1.4501928609539123,1.457752843514886,1.457819802664246,1.4519697301065695,1.4587007767851652,1.4573945190178303,1.4590624696068868,D13-20,D13,20,anthropogenic environmental material,fermentation,fermentation mash,USA
SRR1930882,1.3434844669935853,1.327334813787647,1.3447142882069918,1.3277777507547115,1.3608241940405104,1.325410224750296,1.327705953080966,1.3318983906788848,1.3488811768531137,1.3090342828969137,1.364240519729372,1.3267964331452056,1.3416326982057971,1.3335792596478155,1.341498307992051,1.332087202823484,1.338183070713358,1.3387171006231882,1.3408448352777815,1.3096323071212248,1.328924885000331,1.3467128499199628,1.3435007017271323,1.3179427091432736,1.349975525901358,1.3238255856353538,1.3339718178260676,1.3412244281562722,1.326951409931769,1.3396075401271732,1.3452813211017949,1.3377807186105182,1.3441469694271362,1.3468786644775663,1.3330671078211935,1.3346696028041802,1.333250321467956,1.3480108682315397,1.3440384316842475,1.3402040940421802,1.342883441899232,1.3484762124475258,1.3531505279179177,1.3445492595709436,1.3490934813523572,1.3286472485161778,1.3399226033995173,1.3393914184139712,1.337253107002509,1.342723844386897,1.3424207281055949,1.3396026356836357,1.34348021612167,1.3401658762261792,1.3446001034128665,1.3439799096024323,1.3383974319027805,1.3367135243679598,1.3466440597289453,1.3420365871815407,1.3402078349594186,1.3407323757389225,1.3422206347818697,1.340073096881349,1.3395983181943507,1.334339689037341,1.3426425296046407,1.3431104271144991,1.3450574741920969,1.3440729521641432,,,,,,,,,,,,,,,,,,,,,,,,,,,,,,,,,,,,,,,,,,,,,,,,,,,,,,,,,,,,,,,,,,,,,,,,,,,,,,,,,D13-40,D13,40,anthropogenic environmental material,fermentation,fermentation mash,USA
SRR1930883,1.807830487475082,1.8228804366756135,1.853525284724003,1.8167579345094695,1.7986972369159655,1.8341089562558424,1.779785754579633,1.8099062382933016,1.78927339556984,1.8121133055884568,1.8291431763828463,1.8192038627938327,1.804597747828508,1.79801729844408,1.804092847139968,1.7866492785607977,1.811793806698694,1.8066969740654528,1.8023943485408465,1.7951515013360095,1.828308264412313,1.7918273961556015,1.7925327369899722,1.8059074382157183,1.8066930996164996,1.789228808366085,1.7988198308933192,1.7945574091070238,1.812578519338659,1.8052270809149409,1.8189648305667128,1.7991292437146833,1.7955478562363307,1.8203249819208984,1.7996967427436463,1.816858893846408,1.8052007407235855,1.8088702757813448,1.8043359303021465,1.809549954654372,1.8117109388481525,1.8093707264094656,1.8013608850947929,1.7975702579881658,1.8042621665348848,1.8096286309612628,1.810350271246284,1.8151623591201091,1.8102685792927369,1.810810518500925,1.8089118698756117,1.8120349074222155,1.811174784901713,1.800177749111213,1.807222245207024,1.8065065319343547,1.8056444396556004,1.811184728050552,1.8174883783346063,1.8103662627078327,1.811266058881997,1.8107865111540908,1.8094641377114664,1.8090179985341557,1.8113114665734065,1.8088573579868572,1.8072836444234408,1.807825139926296,1.803994958240196,1.8059295202327643,,,,,,,,,,,,,,,,,,,,,,,,,,,,,,,,,,,,,,,,,,,,,,,,,,,,,,,,,,,,,,,,,,,,,,,,,,,,,,,,,D13-64,D13,64,anthropogenic environmental material,fermentation,fermentation mash,USA
SRR1930884,2.171153956194323,2.1832082472672414,2.1812048029703104,2.1692208024858104,2.1493136390831635,2.205166407338364,2.2051038428823597,2.170234442164403,2.154815286643271,2.203895610350283,2.1816744290034635,2.189416594570404,2.212512438577214,2.187166537904412,2.18326187034982,2.176020590015054,2.195240090506335,2.1827533384061093,2.190177997002903,2.2032968339263346,2.2003340929091846,2.179637114473236,2.1932056091101404,2.1781224068902776,2.173905132849041,2.163157096419847,2.1730468308971025,2.186579949390219,2.167386312725118,2.188637627458045,2.1780775644253056,2.180815864178882,2.202331571686329,2.184008195794587,2.185725887406297,2.192802048900902,2.180891525134488,2.1826054819773497,2.1997076380913345,2.1982267523632686,2.1679378556732267,2.179123488613198,2.1837597908923803,2.184354430449079,2.202219392643378,2.186004245174076,2.187925539163131,2.186666658342169,2.1905319278598587,2.1929436991149664,2.19328380066106,2.1853195173211444,2.1864888886568994,2.1958583683414425,2.187787062626405,2.1806705282038235,2.181505566150748,2.1845788896291296,2.1823177003122853,2.192365414047623,2.193930286529856,2.1948562560759246,2.186475984320982,2.179227204489653,2.1990113230750805,2.189567242695137,2.1840753757355693,2.190275662741271,2.193447546590997,2.1861048100877345,2.1975411186305505,2.1918310554748626,2.1861013698783527,2.1829620924773003,2.183920101472527,2.1845965966071934,2.1842562447549505,2.1812397678457454,2.1939820188061296,2.1850079439094485,2.187624343533359,2.197453715086014,2.191632226165355,2.190328966551216,2.185525717561166,2.185768747941489,2.189347072840325,2.184122187919602,2.1904620775661323,2.188664297392487,2.1940610923887056,2.1909533284349374,2.19152857801199,2.184849549906729,2.1866560152752355,2.1852436274058773,2.1889872940393693,2.1913774518303266,2.192143274171102,2.1920774320879484,2.1850898733323905,2.187954451401168,2.188201285288605,2.1895642971945195,2.1898787374965374,2.1867112243357223,2.186242021691329,2.1913971373785976,2.190769772418561,2.188817822481561,2.188620243589144,2.187726476382867,2.187904273180575,2.189425534477352,2.1899167116078937,2.187466455754369,2.188831988975828,2.1907754155120323,2.1895027977822763,2.189933116214678,,,,,,,,,,,,,,,,,,,,,,,,,,,,,,,E2-PS,E2,PS,anthropogenic environmental material,fermentation,fermentation mash,USA
SRR1930885,1.6825964557917352,1.6730838469689284,1.638891477858175,1.6595138965850185,1.670340171809855,1.6289651750051766,1.631274937533676,1.6123204172472094,1.6103653949536965,1.6601044880388578,1.6748815605272178,1.6751861419991323,1.664354961775946,1.6605926935495008,1.6325730417253737,1.668092166728509,1.6771422718378404,1.686303819762862,1.6752204515878415,1.6578633926759838,1.6493582839876575,1.6530183296828798,1.665542895900749,1.6707485382030898,1.6561309611594848,1.6556499293076707,1.6704866145804775,1.673635555885553,1.6505494831983756,1.660134027941612,1.673015548119852,1.6728669473462707,1.6660520404093175,1.648189014430391,1.6581226186093403,1.6540234458136018,1.6709391464434906,1.6672805529426964,1.6461727218195503,1.6650115696855718,1.6814622682659468,1.6683515255908832,1.6648019846180353,1.6502376487271366,1.6506199492163214,1.6652195164845631,1.6682318712604052,1.6518971993358769,1.661114363399561,1.6611875950882853,1.6820311347997938,1.6641283631616963,1.654989546449434,1.649442446137313,1.6546587544989155,1.655040240270241,1.6551057859724492,1.6590304044927795,1.6567210139747937,1.6633006066334344,1.660599460908578,1.6693310703798814,1.6750889860733889,1.6554963370300868,1.654140322558544,1.6689056807335605,1.6558901484305204,1.664719023079709,1.6611245997112558,1.655049650350881,1.657305479169462,1.6635882120459202,1.6576089189122143,1.662020668894548,1.6664895080046336,1.6719941483991525,1.6680404026691067,1.6729687162969704,1.6607710768921509,1.6596864537640912,1.6694363664429932,1.665683438535527,1.6654271699135126,1.6580146129165765,1.6655817769670862,1.666312766075636,1.662800306319633,1.6557161455070952,1.67013944745158,1.6613853403772767,1.6582220853747678,1.6655226540827286,1.660005293018904,1.661976109525504,1.6727260946252116,1.6707263595497095,1.658265636650755,1.6639088370359,1.660544237147042,1.6604452085561416,1.6748795817267297,1.6657575455564393,1.6607444934951576,1.6627127343322643,1.6619501520394435,1.665329783462863,1.6656176786288932,1.665241183260474,1.670116837710053,1.6654838423945963,1.66307163875234,1.6669281943916967,1.6616777051506606,1.6636703762097864,1.6683311290236962,1.66397328424885,1.6633408250033883,1.6654270976284649,1.6635133067165269,1.663747092466691,1.6628208853624509,1.66350959349517,1.660499438588069,1.6668888032367628,1.6651291227256602,1.6641754538407802,1.6658188382032468,1.6658398763018305,1.6648867962205902,1.6634561696090304,,,,,,,,,,,,,,,,,,,,,E2-5,E2,5,anthropogenic environmental material,fermentation,fermentation mash,USA
SRR1930886,1.787408419703105,1.74805864148663,1.7566635583875247,1.7427714603871034,1.780313175817824,1.7145466601559265,1.741856695098163,1.7571052565952898,1.8055385510698816,1.7596598543410924,1.7707618468866968,1.739828301169022,1.755296502204666,1.7317849053142056,1.7456286739739877,1.7505428789412467,1.7327483409202336,1.755500337064579,1.756767963788949,1.7352430059208872,1.7595569822847157,1.7402510495746242,1.7328042215736343,1.7352759198655332,1.770683275562641,1.7622440744148742,1.7396426063698842,1.768403018679826,1.7689628241275095,1.757629418098886,1.75291948514238,1.7790211632671395,1.749596736495312,1.7597657100547988,1.758391789317301,1.7509099240517505,1.7597278525062188,1.7678280188147224,1.7585863249553255,1.753934625484035,1.7526890374388897,1.744627560935866,1.7476106308353927,1.754154920756641,1.7580775489211171,1.7643028464763135,1.7569233057671447,1.764056494493469,1.765522860010934,1.754522154305754,1.7542100360010036,1.7611010679428976,1.7529918613181177,1.7489748315685405,1.7595998480219686,1.7600086468729588,1.7514645203950914,1.7506563209105426,1.7636975749060857,1.7582210222030312,1.7545638915730226,1.754335397929888,1.7586303234436276,1.7563709992547802,1.7584382221378465,1.7632721390323085,1.7516973830063571,1.7522869789955418,1.763339893143487,1.7596323973523045,,,,,,,,,,,,,,,,,,,,,,,,,,,,,,,,,,,,,,,,,,,,,,,,,,,,,,,,,,,,,,,,,,,,,,,,,,,,,,,,,E2-25,E2,25,anthropogenic environmental material,fermentation,fermentation mash,USA
SRR1930887,1.6223280084005869,1.5556847097804691,1.6010892893539663,1.5762765927491496,1.6349479707443693,1.5742861360722558,1.6131326930497691,1.5857768970746646,1.599404706322861,1.562043504424257,1.5971714227950864,1.5811576843535564,1.6084566532651283,1.6001613552527116,1.5931717541152766,1.6045124655395295,1.5996580674798189,1.58643864715104,1.5844589741849904,1.621073951396382,1.5970097592238928,1.6073975444992354,1.6020320743119834,1.6092910899386186,1.5805731340337006,1.5985202414134825,1.5932164681149492,1.567565510338135,1.6103725194475038,1.600825895526533,1.594099936497322,1.6094647228245045,1.5994291683221902,1.587877877486056,1.5991209879567316,1.6144085627234197,1.6155685750843916,1.5902645939566191,1.5952408758130374,1.5843996407565468,1.5866357738075598,1.6028245550255948,1.5812774023359528,1.594379878036998,1.6074819540496637,1.6063801287339143,1.6120531354102463,1.601040243242979,1.605906975945215,1.5873154989214688,1.6000054475448915,1.587820908413104,1.600431142063339,1.5984067101588826,1.6041308961576606,1.5960509617693426,1.600855400437748,1.587300490891192,1.5965539953970271,1.6140947815873778,1.6104249012861025,1.6008009234364255,1.6028796591564225,1.5786730677202243,1.588713734172627,1.595873598173277,1.597521639207326,1.6019843335344086,1.6091165139418695,1.5953948970232226,1.6083145188487211,1.5974867264820565,1.5995974963409456,1.6000560465579683,1.5977665872559073,1.6089815273165469,1.6118038595656117,1.596799995976467,1.5898977126635192,1.5974723832050295,1.602903818046291,1.5966677125858544,1.6007856057998564,1.6055494045258225,1.5968888190130786,1.6041776884292551,1.6053696501455206,1.5954476466388945,1.598273050449832,1.5910419175847574,1.6032683620072978,1.5950658813075544,1.5976041365661289,1.6013806425593224,1.604874477374004,1.6050771497921663,1.5980508929283297,1.601274408706005,1.6018786758592276,1.6025572290095298,1.60529668979739,1.6000222929869807,1.5981808282305865,1.5970899214361154,1.595972046815607,1.6000174893641372,1.6038196464615384,1.6021251224950557,1.5993190795011596,1.5984535470984518,1.6004616923777637,1.5981565036682066,1.6007680238816822,1.5982945020184818,1.59897215015184,1.602424328447712,1.6003556088297528,1.600844142786661,1.598110036775339,1.5996573384849928,,,,,,,,,,,,,,,,,,,,,,,,,,,,,,,E2-45,E2,45,anthropogenic environmental material,fermentation,fermentation mash,USA
SRR1930888,1.3690138678886672,1.3852862418948004,1.3860476751948143,1.3670756144488452,1.4030038655045916,1.368149833404566,1.3487379957432275,1.3776748184473506,1.3907749222205557,1.3539798377177188,1.408699062081664,1.3704386901315342,1.3698430670303667,1.4059886415148932,1.3883361753188426,1.369287851527735,1.3632563749563156,1.3630081597339248,1.3879698217273873,1.39226822297726,1.3611505000409565,1.3715398485017112,1.3889186063296968,1.3884748498355666,1.3834010765804947,1.385243501048422,1.362551890776624,1.380470333411928,1.3842648769117445,1.3874171909509196,1.378498673678447,1.3705483878889284,1.3710677155477415,1.3769970423844635,1.3805438161718109,1.3838721788499315,1.380256316871974,1.369522236218124,1.3893928498814632,1.3492215121101718,1.3815212965547194,1.3837167748361745,1.3879219211633438,1.369858749172566,1.376223758543503,1.3814727539188938,1.3852129514045683,1.3702085720095374,1.382627883504355,1.383787206009011,1.3703520452260058,1.3732037111685096,1.3891232438143677,1.3842590795370124,1.3890516384866545,1.3846233043870606,1.3754243410354603,1.3837432820585678,1.374385322483296,1.3851966662605997,1.367656458308793,1.3843361436881811,1.385731881646732,1.3854077596035268,1.3858098495656346,1.3804437966032077,1.3817297793134988,1.3920128480656486,1.3879564658686256,1.3764680819602166,1.3832997118751469,1.383896642528477,1.3837149145602865,1.382538829560341,1.3832740557799352,1.3816030188158563,1.3777380016319152,1.3801065364575094,1.3853401917193138,1.3848380433177776,1.3807194353455945,1.38355743958272,1.3838918359566463,1.3831680189720184,1.3847044407479048,1.382930479055677,1.3804618875399444,1.3853671034341326,1.3834177725612524,1.3828310118195477,,,,,,,,,,,,,,,,,,,,,,,,,,,,,,,,,,,,,,,,,,,,,,,,,,,,,,,,,,,,,E2-DR,E2,DR,anthropogenic environmental material,fermentation,fermentation mash,USA
SRR1930889,1.6259990855837705,1.6065370630179936,1.5985610727108084,1.5968600997460598,1.5951399189870212,1.592883780177642,1.5795853797545416,1.615531420545575,1.614907078029787,1.5739813666434987,1.6260817012783082,1.6000334494417117,1.5882827629858514,1.6038349115776689,1.5779258429741576,1.6007877638173145,1.6346497197274046,1.6102154855892516,1.6026672651014255,1.6088035625139856,1.601888640687242,1.622946070067793,1.6257091095152203,1.6056735352150773,1.6076636119611432,1.586840845312316,1.5910959169192844,1.6042812683831318,1.6094321548870452,1.614250280865353,1.6082957663920874,1.58390929386321,1.6069016658215776,1.5975958728892758,1.6139744400647094,1.5831510957361516,1.590795795994389,1.6017231676254724,1.6256526281833037,1.6067887066838231,1.6050889049913566,1.588321810999357,1.604761899483968,1.6062406509314584,1.595497557530788,1.598555734105566,1.60338936017031,1.6012765523971186,1.597446695595871,1.601246752876952,1.607355785237544,1.6112977106664188,1.5797574936866314,1.604151502391614,1.597750493144695,1.604575473094136,1.6012301271336942,1.6098569323903664,1.625109629028766,1.6012807915117238,1.605012016984034,1.6200940820729135,1.606570322677893,1.6138629812607137,1.6009157298054286,1.6109244327194052,1.5976798037704243,1.6024677449333615,1.5989122794939503,1.6109441105972682,1.6015705838516214,1.6120335868258815,1.594829481855229,1.600413587141296,1.5972024721920248,1.601936011506666,1.6074475853629522,1.607771633940726,1.6080661231585798,1.5982275838825384,1.594846747203375,1.608992877922805,1.5970375590592505,1.6099265237948257,1.606905223412937,1.602152256717323,1.6023622470602767,1.6138443909228704,1.5938486707478108,1.6066307320950584,1.5991715787012128,1.608472916578361,1.6012252970054068,1.6025032831877324,1.6032738531949762,1.6044393674024977,1.6023622907660828,1.5984447929934082,1.6064110600896275,1.6094554365243028,1.598905248527433,1.6007321174257778,1.6095561974296837,1.601522692557462,1.6017300058766837,1.59636559195566,1.5944994210791223,1.595727525118968,1.6162955741291407,1.6008825804973832,1.600706475765955,1.6063326449769382,1.6138953916641254,1.614818452613466,1.6001642351890726,1.606080212329433,1.6061436001471323,1.604108428302759,1.6124635051594107,1.6051126430910705,1.6125968907479775,1.6039026905357807,1.6011451155773715,1.6012283117021062,1.610514543211104,1.6045334011743853,1.6016368266069123,1.604771558525134,1.6066572045766312,1.6072921534378413,1.6003774207112895,1.6032422337721028,1.6073963674726308,1.6081703160863583,1.6038384872416749,1.6077922261100177,1.6038126745450632,1.604630879362865,1.6041565758924217,1.604569826197277,1.6038294514652192,1.606793646469449,1.6040974028134485,1.5999091330929247,1.60442379085295,1.603934631324504,1.6040429077255784,1.6040992869780022,1.6044214866286686,1.6042544260094764,E3-PS,E3,PS,anthropogenic environmental material,fermentation,fermentation mash,USA
SRR1930890,1.9748093197193672,1.9614468682633133,1.9325297696915364,1.991248130982273,1.9741304094133576,1.9815570637174396,1.9578847771656596,1.9877112789356444,1.955270872059508,1.9607963822665189,1.9935224733046064,1.9632898552441356,1.9593071886656668,1.9821127436038624,1.9650315908584004,1.964383209860857,1.9741857277916712,1.9668836502251483,1.97704125187722,1.9607879351845316,1.978665217111259,1.977153808457305,1.9717107269200271,1.9674452825129836,1.9825413603196265,1.976867833786684,1.976993175190625,1.969665626993784,1.973738127523208,1.971381786125958,1.9835007561581992,1.9642801310069509,1.9631055276438796,1.971248360173628,1.979701121240918,1.9669807678274316,1.9629117688242304,1.9722015117329217,1.9757954719249016,1.98701985522424,1.976552729282856,1.973206196533916,1.9716767696126285,1.9829377637455652,1.9677982052819047,1.9716321874649236,1.968517038958827,1.9766562904375888,1.9685963016588803,1.9810277463415205,1.978215557181116,1.973294856995873,1.9702646907600412,1.9665289947879987,1.9828796687965504,1.9755066077658348,1.9725899870481292,1.9820403852788355,1.973749530314404,1.9783603742153704,1.9736063641240744,1.9778833278121053,1.971397765443245,1.9763577472537208,1.9713622828433195,1.9709253604622403,1.976319970964774,1.970088413260978,1.974986967070902,1.971766284637782,,,,,,,,,,,,,,,,,,,,,,,,,,,,,,,,,,,,,,,,,,,,,,,,,,,,,,,,,,,,,,,,,,,,,,,,,,,,,,,,,E3-5,E3,5,anthropogenic environmental material,fermentation,fermentation mash,USA
SRR1930891,2.6317656353340224,2.63051089088744,2.6384442601953406,2.6246931845483163,2.6435722283917604,2.6635568926450053,2.631687307960372,2.6419265151447204,2.624181805453276,2.64282765926196,2.6287026602669257,2.61235544848444,2.6253016285255413,2.642457796817379,2.64765925370111,2.641547083309883,2.636159668139768,2.642090565979909,2.6361951069308134,2.63196829688634,2.6423223547290804,2.6296980748791783,2.6443301653412323,2.6357601411158305,2.6384608669828484,2.6289875314990407,2.627509177321849,2.6374641135588006,2.6256763951635964,2.624050624137785,2.632084434343289,2.6440995275721977,2.637012184366544,2.627315235098972,2.638460534932939,2.6395302794337856,2.6379973058011306,2.6348132053148223,2.621930007202861,2.647808314749592,2.651994527468072,2.632035240836962,2.627751938092502,2.6394007359946468,2.6366054927279685,2.641651790387342,2.6320943652429896,2.6423430957958924,2.6407538072071906,2.643580220266468,2.6419825694641728,2.63841516278396,2.640502507843117,2.638690745046426,2.6333235232256507,2.642267852315906,2.6270740016383467,2.631829065565346,2.635035170740753,2.654658093245472,2.637372507770005,2.636994900181401,2.6386969906938136,2.6429548637536158,2.6410295653938785,2.641931462412231,2.637559336479144,2.633702083433549,2.636834964659113,2.6357008839063245,2.6366662043089195,2.64147664294073,2.6344370726641952,2.6409650938319795,2.64077609312665,2.646667782351917,2.633084790908621,2.644866018326041,2.644200154769163,2.646395379903723,2.6435368858542474,2.6325491575303284,2.6347857202110982,2.633899173517319,2.642781368374954,2.640326022833256,2.642066582133751,2.6414207199120137,2.639080098264715,2.630834255914533,2.6416650783314077,2.6413088848319184,2.629313696771672,2.641848338550956,2.6429946853641386,2.628749169653148,2.6354054289376885,2.6378283771114464,2.6395546832258563,2.6317145808027664,2.632319917574971,2.642716312901173,2.638726513099865,2.6357822906130663,2.6368399477687148,2.639337966969676,2.634867066681677,2.638444822370088,2.638972504745032,2.6320804792289327,2.646019642160585,2.632081066804387,2.637536688959293,2.634152718702885,2.6343794875401936,2.638082930849004,2.6410542865898394,2.644139132519277,2.6384962488752643,2.633544112408708,2.6396226510876977,2.640277602589573,2.641152114348106,2.6316531114415262,2.636480967069204,2.6422672678493737,2.639880820173668,2.6383020940481243,2.63664490448051,2.637574265226613,2.6402951857451686,2.636215948599468,2.6362170213372527,2.638250192398289,2.63550946003804,2.635017262700538,2.644364924852338,2.636469775507716,2.6349059986744154,2.638975023347221,2.636275523610562,2.6432342467973737,2.640927719731704,2.640283629039809,2.6378757295409825,2.645681758190835,2.632413526981898,2.640388335484786,2.6407839072640478,2.637608505134491,E3-25,E3,25,anthropogenic environmental material,fermentation,fermentation mash,USA
SRR1930892,2.566542140327091,2.5458753000656307,2.542770426632062,2.54193854204684,2.566696084858707,2.5343226046617024,2.5513995940329752,2.550311234928984,2.532702357701369,2.5291367069868143,2.568565366676315,2.5588209362663528,2.563227478692686,2.561360053636242,2.5644326301595504,2.5697128371318096,2.543247857086662,2.5625411314202324,2.5648595740859217,2.552805275583286,2.56693309002032,2.5645302644207923,2.544392408517476,2.552112572609094,2.561361024323394,2.5476878489399093,2.569604895012095,2.548728485094596,2.56334199398906,2.556220194022602,2.5606626953352403,2.560536696699519,2.553893227441021,2.5571049486301503,2.5690454190372325,2.563521375851417,2.5614553876839232,2.5677136884607448,2.554817704030377,2.56054858870893,2.5576911408152814,2.5617861445300973,2.554915744074885,2.554876093114281,2.565818901892684,2.557606419805093,2.560017364126077,2.554260827912853,2.555934726835125,2.5651137940207747,2.565580230226204,2.5581364071935893,2.560556674830495,2.560627512792342,2.5547647768082897,2.5614759590808056,2.570178666590987,2.5656232726981507,2.558419054439773,2.560363111005343,2.565008435301729,2.563609436753916,2.565540367424634,2.561139682627508,2.557715754193495,2.556356696723753,2.565002045982627,2.5588628485113176,2.566936597300843,2.570873038388071,2.5603146374351407,2.5606170070389638,2.562135673299561,2.558624195426752,2.558942318495086,2.5591819187485108,2.554504872307041,2.5564398988870467,2.55901517896824,2.560948188931656,2.562850740507812,2.5647843331679328,2.561738658215183,2.5606081233915465,2.5633394073898152,2.5580954584519318,2.5594637326555203,2.5621707057968983,2.559686958526482,2.5610886127336685,2.5611654529559797,2.5613066036048884,2.561103859371304,2.5588693285885675,2.559269967435387,2.561971237239196,2.5619064829138187,2.5594912355334123,2.559294462299048,2.561259805325162,,,,,,,,,,,,,,,,,,,,,,,,,,,,,,,,,,,,,,,,,,,,,,,,,,,E3-45,E3,45,anthropogenic environmental material,fermentation,fermentation mash,USA
SRR1930893,2.525211593197707,2.5191389574785035,2.558979760233033,2.5405084314373534,2.517563048662834,2.5116420261343992,2.5348821805672235,2.540563933954568,2.5109828707506767,2.5136679355647757,2.527467676335851,2.524932314044677,2.515483199806171,2.5116069945971105,2.5206760483334367,2.5292714792321127,2.500648369405646,2.519384806151008,2.520954980491505,2.522538491567855,2.5277243936811256,2.5330268537890706,2.532146143310267,2.5279087265866043,2.50706939162976,2.526034143850511,2.522735085936385,2.518955377789117,2.5241406611306494,2.531071072479339,2.540404919055132,2.5276420851135075,2.522552338040786,2.5238568760605538,2.520772901208931,2.522905947843993,2.5292247988823924,2.522939949461762,2.535952179527848,2.531773203327481,2.528284206931606,2.5204837615848925,2.5315224256114885,2.526846136667601,2.522442254131416,2.52025713097308,2.528387733801144,2.523497683714024,2.5362295411617617,2.533424332412567,2.527394926324364,2.523052786744641,2.527944780879184,2.523734634572954,2.5287804429024754,2.530436121929438,2.524046667019345,2.5259263882252694,2.531351941690413,2.521014864858713,2.527188606753409,2.5244833389314314,2.5125180488870917,2.5304962563625235,2.528569735706371,2.521931522445229,2.524557906252909,2.537855230616284,2.528369065355242,2.5245873202433726,2.52390779425521,2.527571943741831,2.5293582456598087,2.526282150686331,2.5241111214558143,2.529524122416968,2.5256318981573544,2.5274318614874423,2.528420596776872,2.5320681888847902,2.528602128574982,2.534765746913608,2.5195684287232507,2.529464963915816,2.5258974385161896,2.528773595728325,2.525767394353648,2.529532900837288,2.525020925631192,2.529652329881204,2.5296330997337906,2.526744267897632,2.527571593052022,2.5276861828758257,2.526923580382742,2.527060697421288,2.5243321102178737,2.527053680947569,2.5251407022647423,2.5261818252401165,2.5272943640625685,2.526815881210383,2.5270101117662462,2.5281505680059704,2.5281367802570256,2.525110659844296,2.529387172625217,2.5289178839532425,2.5278054337297604,2.5279453205084805,,,,,,,,,,,,,,,,,,,,,,,,,,,,,,,,,,,,,,,,,E3-DR,E3,DR,anthropogenic environmental material,fermentation,fermentation mash,USA
SRR1930894,2.0274868389305185,2.0151046612844263,2.039258646108339,2.017587524569872,1.9941919950059748,2.011531077571668,2.0356507656386755,1.991648792637132,2.0131253210357007,1.9933909774611616,2.017099811326573,2.0270397038822447,2.0139609044774485,2.0236305018338503,2.021195366786808,2.027435808141345,2.011924081551681,1.9950734616350605,1.9956604816153296,2.034473166459984,2.035794331225513,2.014597199739875,2.056100731890789,2.0418715821693096,2.028227253558669,2.024052061980983,2.0388199598084964,2.022702091422443,2.017585395943096,2.0207299731338195,2.0243249522489646,2.025738461432426,2.0303446565647203,2.015201302612512,2.026676602493739,2.03695481757232,2.0215811867594327,2.0302524909696285,2.03549476792376,2.02877342440632,2.0148961379995733,2.0347867503211075,2.032675161545852,2.024559104792574,2.017018123742886,2.039303153561741,2.032000109271522,2.026493011175715,2.0270113025225664,2.0227242504025247,2.027281298431805,2.031305172832388,2.0213746801086714,2.027388932230895,2.024562002063655,2.026248854471282,2.037527627336305,2.0242173764979534,2.018316828183686,2.0284160771636666,2.02513850405403,2.02484416283543,2.025537221311259,2.0300906674584147,2.025857935509413,2.036173598109605,2.0330493826671927,2.0314222651846348,2.025015905791687,2.029026514532222,2.028745917399934,2.031077908396399,2.0368379638043086,2.0364196159195758,2.03639202846158,2.032469436628469,2.0255785896938905,2.030460106203272,2.030941977713613,2.023043313744626,2.0312270793351543,2.030429270163915,2.024911738657449,2.0253602417661707,2.0303723384340766,2.03015841358242,2.02735098439216,2.02436633722842,2.0237839181503885,2.032531420310333,2.029334291965993,2.0237078016565517,2.028502788779873,2.0266501322176937,2.031344593598614,2.030807259315041,2.0293775207662152,2.0269948499842774,2.0298039939142107,2.0255558269790543,,,,,,,,,,,,,,,,,,,,,,,,,,,,,,,,,,,,,,,,,,,,,,,,,,,E5-PS,E5,PS,anthropogenic environmental material,fermentation,fermentation mash,USA
SRR1930895,1.300115871328011,1.293907513296756,1.320656819406692,1.3089365817730938,1.3389858703329482,1.2764188078459957,1.2957255653688031,1.3300116643286537,1.3103737148625323,1.3731148250182157,1.3098771839375043,1.328513774956158,1.3388643271871845,1.3191910759697316,1.3360260133698312,1.3092082296929448,1.338236090987842,1.323815609134398,1.322126558581455,1.3371814128871704,1.3106579978673054,1.3211355684052275,1.3122843884986095,1.311775640465634,1.3190764996714652,1.3275668355777082,1.3318858948960262,1.302734739712212,1.3139264898133127,1.3400451428597004,1.312367845768971,1.320443439589259,1.321048408415033,1.325707569255482,1.3208937063826192,1.3392358094691017,1.330823931168115,1.3188069108951266,1.323650459646375,1.314860531021434,1.3123793139526714,1.3063314685325298,1.319984205430392,1.3155831637619555,1.3114453892637723,1.310854369182586,1.3309904831453423,1.3195592645169172,1.3257161620854012,1.314722884929843,1.3208719350512694,1.320063623493451,1.3202525987072002,1.3157936264021866,1.3292740327390369,1.345444569568269,1.3251376305798828,1.3161517554232507,1.3253117397255691,1.314409160363515,1.324649351148428,1.3317618327853866,1.325273689332113,1.3181285750642295,1.3274466379312742,1.3107842130321987,1.316701215923673,1.331377621880809,1.3247767831302342,1.324104601290138,1.3137694050022493,1.315034127655561,1.3292515832681266,1.3334217272094422,1.3250453542755904,1.3248497358604154,1.3260403906781968,1.3194413636361215,1.3250209632268144,1.3219140652814347,1.3188996219537152,1.323687851691209,1.3275731262040928,1.3228487409711724,1.326487526389087,1.3240041052643874,1.319749745225772,1.3233784500481216,1.3125951376390446,1.3188657331416838,1.3216807960281425,1.3187196724905232,1.3247876699189145,1.3223426309378712,1.3315070605379902,1.3270090198999742,1.3237150649468594,1.3191258969717845,1.3344222765328533,1.319502564750797,1.3357166253395278,1.327300118847203,1.3286737900802392,1.3207480222736447,1.3268112123235387,1.329436370607062,1.326338654338216,1.323844308662916,1.3257538240592392,1.328428326862276,1.325608105128613,1.324354755586916,1.328573088552346,1.323992834845365,1.327531316938216,1.3273159808527333,1.3222638047916893,1.3261259703682018,1.3218736208886186,1.3286759988726855,1.3236638114860253,1.3353861648838117,1.3258896086073386,1.3213861430869338,1.3237541966503512,1.3256002656151389,1.3317501089825727,1.3321018381913985,1.3341951034342718,1.3296589709778852,1.3216801941637382,1.3251451361012698,1.3318481707803247,1.3264553433318218,1.3267386776218513,1.323111552803883,1.3239772521707904,1.3216151237046303,1.3242736332563112,1.3218360944797931,1.3266016968621277,1.3198194467410629,1.324434579265768,1.3286931246118692,1.3205139775536328,1.3194589574363338,1.324815033418802,1.3250062638354754,1.324178877791179,1.321620732547382,E5-5,E5,5,anthropogenic environmental material,fermentation,fermentation mash,USA
SRR1930896,1.4595692536377172,1.4623611121429774,1.465569734371502,1.444149413774782,1.4823577484707204,1.4573408310911378,1.4334138620100343,1.460368226216662,1.478783491915241,1.4921953260019598,1.46282220729589,1.4491829174361126,1.4660669845673548,1.4480104361120212,1.4982860866937493,1.4477221256752382,1.4641245074444498,1.4509086958168154,1.462595236058058,1.4559592003423756,1.439024032822856,1.4760343174587487,1.4746076950716056,1.4596365630303731,1.4669013522896048,1.4560080304531524,1.4480807759491636,1.463558272814222,1.4475233125149354,1.4435652016965632,1.4791230811422826,1.4860912360998573,1.4581154339439235,1.4927087348719537,1.4781927219479662,1.4758039460666883,1.4556686752799366,1.4726794821601974,1.4601097230817537,1.4922656107910215,1.4743404399571165,1.471381317810592,1.4529872625502716,1.455717063166342,1.4489592207430246,1.4685483014235778,1.4654116487315911,1.4516953824396783,1.4591092116661053,1.4677508339610237,1.4639247729387936,1.4674526679099806,1.4627539499830935,1.4627500522849382,1.469744813887065,1.4618731854702067,1.4641998188917742,1.4693212008537002,1.4666505381947812,1.4783524889738933,1.473945612937344,1.4709393497359478,1.475592498652654,1.4697563817159902,1.4617273153643082,1.4788267622221165,1.470716988269737,1.4711374905829202,1.4661815039633013,1.460803463652927,1.4678954284834524,1.4668716225084872,1.4711116759960623,1.4572240249473754,1.468782123837979,1.4689423672941062,1.4540904798550354,1.4631637973344436,1.464497316218186,1.472449099651674,1.4650477341356096,1.4624800251045116,1.4659708905819149,1.4647470499961346,1.4638960189359476,1.4673220454656952,1.4729729172254684,1.4694248543144817,1.4600861541683527,1.46635946461979,1.470586784238264,1.467268115879329,1.4657499200310284,1.4618337466927345,1.4743045612524406,1.4666237771126844,1.4667884526162758,1.457485775776482,1.4682510198112266,1.473804554720486,1.4644654556538828,1.465996072762371,1.4673054573739124,1.4692984374092937,1.4592432002154532,1.465018084448538,1.4587215474049418,1.4617807333602106,1.471604610447545,1.4712470538110238,1.4644293007249105,1.4614770977172618,1.4685734276780156,1.4696271940728352,1.465527655350626,1.4649762655586596,1.4682059601501738,1.4635013224191753,1.4597679690077134,1.4627880228509584,1.4619664594841983,1.4728162296930647,1.4588156179168703,1.4670468044824965,1.4653404314983864,1.469420292533818,1.462769218359997,1.4663394663781542,1.4714544897898916,1.4626121930180234,1.4685855039317806,1.4658342230280863,1.4693571862473875,1.4670280593060023,1.4674762234404048,1.4713892743514938,1.469032076013589,1.4700009470800708,1.4657837664057722,1.4676529011999973,1.465604353984112,1.4673790204546149,1.4699549293818996,1.4665023297343631,1.4665321150322823,1.465432224258019,1.4618293352597425,1.4615045387653482,1.4646589260195977,1.4686096120789005,E5-25,E5,25,anthropogenic environmental material,fermentation,fermentation mash,USA
SRR1930897,1.2925935302296687,1.324576906634864,1.281929867838561,1.3179248176333234,1.3019107981207143,1.2765913423014237,1.2857371434594882,1.2754320507948589,1.2836023605756472,1.2933428061006529,1.2985517477224815,1.2973127793223571,1.279120953462796,1.2625867665184658,1.2947567953785644,1.30396743179354,1.2713787780112136,1.2892235639674958,1.2938893434037058,1.2953178890996884,1.2866270819448036,1.3048598158643103,1.306124743692507,1.3064807635409288,1.286164666299452,1.2878476668831351,1.2818984539590366,1.2889555988844394,1.3207853523512336,1.3037268958412995,1.2925813297178197,1.2906751732199604,1.2840774667574042,1.2820552308864015,1.2997187037403746,1.307427415294556,1.2936818443088094,1.3126624731804788,1.2775551469540696,1.303207717015825,1.2792890349241437,1.296991781250601,1.2956647910774737,1.293598924233594,1.291583435844899,1.283602591135223,1.2836838132942958,1.294658161048369,1.2850742563290558,1.2888989365194383,1.2852326445276785,1.3058865178558798,1.293142138886536,1.2972571486161049,1.2896143887650997,1.295633124891206,1.2824642229202543,1.277993072631397,1.2838296413427903,1.2829962940966493,1.2815846402840063,1.2808170577748057,1.3119100183843908,1.2845421080934365,1.304498270636954,1.2879352971200857,1.2868417996143648,1.2882695271602178,1.2913071394165665,1.289311915509814,1.2915726676062145,1.288669351532309,1.3073220112072166,1.3031956030727407,1.3028182601005298,1.3008637360968422,1.2924975744734428,1.2907628497832029,1.2937866506727935,1.2916923669548703,1.2945293879206,1.3025210717194895,1.2954865294994915,1.2940528549333958,1.2802210552862512,1.2951744218694057,1.2938456766643034,1.2925003986495571,1.2911968638235252,1.2869200167572976,1.2921179858799925,1.29627962706719,1.28643288922917,1.2903686684168922,1.2886098147626055,1.2924962491304912,1.3025329366106717,1.292023592153294,1.2947975319240956,1.295186975778572,1.2906431088005688,1.2920217705140042,1.2961309562697476,1.295076140034796,1.2847618120251154,1.2878087694649822,1.296223438686503,1.2897648766027208,1.29964488202716,1.2946299643433086,1.2937549688697754,1.2899088148661566,1.2880896910694903,1.2954531758887855,1.290198235045212,1.2925314755039068,1.2974814623516264,1.2983114012104788,1.2968382727448964,1.2912319150117042,1.2960805616222286,1.2923775853766883,1.2896405013423091,1.289361198470576,1.2945229189961862,1.2948495455508828,1.2937148047856146,1.2911673534049162,1.28891573053055,1.2953911220724912,1.2935713205192114,1.2956444627181298,1.2939305812402366,1.2936682376279294,1.2923331128889846,1.2882125236287798,1.2933895088038203,1.2928704468363772,1.2940209083126668,1.2934186112453834,,,,,,,,,,,E5-45,E5,45,anthropogenic environmental material,fermentation,fermentation mash,USA
SRR1930898,1.6117170351123773,1.62791660033093,1.6247781204432892,1.6640597370297443,1.6186471849901816,1.6053849792701242,1.642745741867991,1.6336459435610085,1.6106110861233411,1.6269139379487545,1.6406261689638877,1.6294740129271283,1.635639166544104,1.6471318979302547,1.6331230530969154,1.6194100034456775,1.622564648221405,1.634602661332964,1.6187159642691036,1.6294796814626649,1.62712144245574,1.6383964324301827,1.629444348429056,1.6366123535308652,1.6091700407563208,1.622457646218824,1.6278320914409388,1.633853536481635,1.6476511433563144,1.6243650819977495,1.627989629862216,1.6365566157677511,1.621899735187222,1.621709563524819,1.6340248554049972,1.613247793569355,1.613802104991768,1.6370548369317035,1.645036811529588,1.6438695198084352,1.6182882589780716,1.6470339062784187,1.6219986289011206,1.6358655253520578,1.6216658689510215,1.6228805600084717,1.6347327919348689,1.6325589733035994,1.6338975060622387,1.6455776817503462,1.6432817206311958,1.6301019842203075,1.6321631206856035,1.623222893184118,1.6231804070417002,1.630707244170824,1.629057568674683,1.6213076839259002,1.622118941205139,1.618350068974338,1.6414992049769002,1.6401632338060514,1.640396771259048,1.6358635851187022,1.6209809318440809,1.6412704533694344,1.6223012293104084,1.6201655527017953,1.625667119245425,1.6317923365242062,1.6246752664500788,1.64175757912518,1.62195941898741,1.6360869436683694,1.63469890828465,1.6373642053172952,1.6180856905163823,1.638064178293824,1.63122315961483,1.6285701551429217,1.6210782408804592,1.635142863021213,1.6221275511292588,1.6440646663322651,1.6380162215920349,1.6304727351277968,1.6342339767508969,1.6292560385273722,1.6286858948826484,1.6275954344685148,1.631356003018406,1.6217719222416411,1.635818818638522,1.6334417777673893,1.6343587589779724,1.6299795140559603,1.6373070785273969,1.6305428650102742,1.6317490786528686,1.6291488034177948,1.6271239638764043,1.6330323341776725,1.6365198796589449,1.6342205774106433,1.633878812715999,1.6352968701209916,1.628584004511249,1.6318736325219183,1.6340538121696258,1.6347731921620745,1.6304772904947915,1.6326639364803042,1.6317265214033594,1.6329532949719971,1.6334362851403956,1.6271615775684645,1.6333794888513848,1.6300023112077306,1.636323503201625,1.6333239658253758,1.6314399316796229,1.6311652874249811,1.6312055143119828,1.6330250220561369,1.6341566306759965,1.6301293730183228,1.6325630179161177,1.6328192887497222,1.6321658780203208,1.6329404906285587,,,,,,,,,,,,,,,,,,,,,E5-DR,E5,DR,anthropogenic environmental material,fermentation,fermentation mash,USA
